2026-06-01 11:06:45.241 +03:00 [INF] User profile is available. Using '/home/user/.aspnet/DataProtection-Keys' as key repository; keys will not be encrypted at rest.
2026-06-01 11:06:45.360 +03:00 [INF] Now listening on: http://localhost:5130
2026-06-01 11:06:45.361 +03:00 [INF] Application started. Press Ctrl+C to shut down.
2026-06-01 11:06:45.362 +03:00 [INF] Hosting environment: Development
2026-06-01 11:06:45.362 +03:00 [INF] Content root path: /home/user/AutoService/AutoService
2026-06-01 11:06:48.677 +03:00 [INF] Request starting HTTP/1.1 OPTIONS http://localhost:5130/api/order/getOrders - null null
2026-06-01 11:06:48.684 +03:00 [INF] CORS policy execution successful.
2026-06-01 11:06:48.687 +03:00 [INF] Request finished HTTP/1.1 OPTIONS http://localhost:5130/api/order/getOrders - 204 null null 11.5087ms
2026-06-01 11:06:48.690 +03:00 [INF] Request starting HTTP/1.1 GET http://localhost:5130/api/order/getOrders - application/json null
2026-06-01 11:06:48.691 +03:00 [INF] CORS policy execution successful.
2026-06-01 11:06:48.763 +03:00 [INF] Failed to validate the token.
Microsoft.IdentityModel.Tokens.SecurityTokenExpiredException: IDX10223: Lifetime validation failed. The token is expired. ValidTo (UTC): '6/1/2026 7:36:00 AM', Current time (UTC): '6/1/2026 8:06:48 AM'.
   at Microsoft.IdentityModel.Tokens.ValidatorUtilities.ValidateLifetime(Nullable`1 notBefore, Nullable`1 expires, SecurityToken securityToken, TokenValidationParameters validationParameters)
   at Microsoft.IdentityModel.Tokens.Validators.ValidateLifetime(Nullable`1 notBefore, Nullable`1 expires, SecurityToken securityToken, TokenValidationParameters validationParameters)
   at Microsoft.IdentityModel.JsonWebTokens.JsonWebTokenHandler.ValidateTokenPayloadAsync(JsonWebToken jsonWebToken, TokenValidationParameters validationParameters, BaseConfiguration configuration)
   at Microsoft.IdentityModel.JsonWebTokens.JsonWebTokenHandler.ValidateJWSAsync(JsonWebToken jsonWebToken, TokenValidationParameters validationParameters, BaseConfiguration configuration)
2026-06-01 11:06:48.774 +03:00 [INF] Bearer was not authenticated. Failure message: IDX10223: Lifetime validation failed. The token is expired. ValidTo (UTC): '6/1/2026 7:36:00 AM', Current time (UTC): '6/1/2026 8:06:48 AM'.
2026-06-01 11:06:48.778 +03:00 [INF] Authorization failed. These requirements were not met:
DenyAnonymousAuthorizationRequirement: Requires an authenticated user.
2026-06-01 11:06:48.782 +03:00 [INF] AuthenticationScheme: Bearer was challenged.
2026-06-01 11:06:48.782 +03:00 [INF] Request finished HTTP/1.1 GET http://localhost:5130/api/order/getOrders - 401 0 null 92.3833ms
2026-06-01 11:06:48.784 +03:00 [INF] Request starting HTTP/1.1 GET http://localhost:5130/api/order/getOrders - application/json null
2026-06-01 11:06:48.785 +03:00 [INF] CORS policy execution successful.
2026-06-01 11:06:48.790 +03:00 [INF] Failed to validate the token.
Microsoft.IdentityModel.Tokens.SecurityTokenExpiredException: IDX10223: Lifetime validation failed. The token is expired. ValidTo (UTC): '6/1/2026 7:36:00 AM', Current time (UTC): '6/1/2026 8:06:48 AM'.
   at Microsoft.IdentityModel.Tokens.ValidatorUtilities.ValidateLifetime(Nullable`1 notBefore, Nullable`1 expires, SecurityToken securityToken, TokenValidationParameters validationParameters)
   at Microsoft.IdentityModel.Tokens.Validators.ValidateLifetime(Nullable`1 notBefore, Nullable`1 expires, SecurityToken securityToken, TokenValidationParameters validationParameters)
   at Microsoft.IdentityModel.JsonWebTokens.JsonWebTokenHandler.ValidateTokenPayloadAsync(JsonWebToken jsonWebToken, TokenValidationParameters validationParameters, BaseConfiguration configuration)
   at Microsoft.IdentityModel.JsonWebTokens.JsonWebTokenHandler.ValidateJWSAsync(JsonWebToken jsonWebToken, TokenValidationParameters validationParameters, BaseConfiguration configuration)
2026-06-01 11:06:48.790 +03:00 [INF] Bearer was not authenticated. Failure message: IDX10223: Lifetime validation failed. The token is expired. ValidTo (UTC): '6/1/2026 7:36:00 AM', Current time (UTC): '6/1/2026 8:06:48 AM'.
2026-06-01 11:06:48.791 +03:00 [INF] Authorization failed. These requirements were not met:
DenyAnonymousAuthorizationRequirement: Requires an authenticated user.
2026-06-01 11:06:48.792 +03:00 [INF] AuthenticationScheme: Bearer was challenged.
2026-06-01 11:06:48.792 +03:00 [INF] Request finished HTTP/1.1 GET http://localhost:5130/api/order/getOrders - 401 0 null 7.5264ms
2026-06-01 11:07:12.424 +03:00 [INF] Request starting HTTP/1.1 OPTIONS http://localhost:5130/api/auth/login - null null
2026-06-01 11:07:12.425 +03:00 [INF] CORS policy execution successful.
2026-06-01 11:07:12.426 +03:00 [INF] Request finished HTTP/1.1 OPTIONS http://localhost:5130/api/auth/login - 204 null null 1.4274ms
2026-06-01 11:07:12.453 +03:00 [INF] Request starting HTTP/1.1 POST http://localhost:5130/api/auth/login - application/json 55
2026-06-01 11:07:12.454 +03:00 [INF] CORS policy execution successful.
2026-06-01 11:07:12.458 +03:00 [INF] Executing endpoint 'AutoService.Controllers.AuthController.Login (AutoService)'
2026-06-01 11:07:12.487 +03:00 [INF] Route matched with {action = "Login", controller = "Auth"}. Executing controller action with signature System.Threading.Tasks.Task`1[Microsoft.AspNetCore.Mvc.IActionResult] Login(AutoService.DTOs.Auth.LoginDto) on controller AutoService.Controllers.AuthController (AutoService).
2026-06-01 11:07:13.563 +03:00 [INF] Executed DbCommand (32ms) [Parameters=[@__dto_Email_0='?' (Size = 4000)], CommandType='"Text"', CommandTimeout='30']
SELECT `u`.`Id`, `u`.`Email`, `u`.`FullName`, `u`.`PasswordHash`, `u`.`Role`
FROM `Users` AS `u`
WHERE `u`.`Email` = @__dto_Email_0
LIMIT 1
2026-06-01 11:07:14.032 +03:00 [INF] [01-06-2026 11:07:14] Пользователь [Id: 1] успешно вошел в систему.
2026-06-01 11:07:14.042 +03:00 [INF] Executing OkObjectResult, writing value of type '<>f__AnonymousType0`5[[System.String, System.Private.CoreLib, Version=10.0.0.0, Culture=neutral, PublicKeyToken=7cec85d7bea7798e],[System.Int32, System.Private.CoreLib, Version=10.0.0.0, Culture=neutral, PublicKeyToken=7cec85d7bea7798e],[System.String, System.Private.CoreLib, Version=10.0.0.0, Culture=neutral, PublicKeyToken=7cec85d7bea7798e],[System.String, System.Private.CoreLib, Version=10.0.0.0, Culture=neutral, PublicKeyToken=7cec85d7bea7798e],[System.String, System.Private.CoreLib, Version=10.0.0.0, Culture=neutral, PublicKeyToken=7cec85d7bea7798e]]'.
2026-06-01 11:07:14.056 +03:00 [INF] Executed action AutoService.Controllers.AuthController.Login (AutoService) in 1566.1931ms
2026-06-01 11:07:14.057 +03:00 [INF] Executed endpoint 'AutoService.Controllers.AuthController.Login (AutoService)'
2026-06-01 11:07:14.067 +03:00 [INF] Request finished HTTP/1.1 POST http://localhost:5130/api/auth/login - 200 null application/json; charset=utf-8 1613.6505ms
2026-06-01 11:07:14.080 +03:00 [INF] Request starting HTTP/1.1 OPTIONS http://localhost:5130/api/order/getOrders - null null
2026-06-01 11:07:14.080 +03:00 [INF] CORS policy execution successful.
2026-06-01 11:07:14.080 +03:00 [INF] Request finished HTTP/1.1 OPTIONS http://localhost:5130/api/order/getOrders - 204 null null 0.6857ms
2026-06-01 11:07:14.080 +03:00 [INF] Request starting HTTP/1.1 OPTIONS http://localhost:5130/api/client/profile - null null
2026-06-01 11:07:14.080 +03:00 [INF] Request starting HTTP/1.1 OPTIONS http://localhost:5130/api/client/profile - null null
2026-06-01 11:07:14.080 +03:00 [INF] Request starting HTTP/1.1 OPTIONS http://localhost:5130/api/order/getOrders - null null
2026-06-01 11:07:14.081 +03:00 [INF] Request starting HTTP/1.1 GET http://localhost:5130/api/order/getOrders - application/json null
2026-06-01 11:07:14.081 +03:00 [INF] CORS policy execution successful.
2026-06-01 11:07:14.081 +03:00 [INF] CORS policy execution successful.
2026-06-01 11:07:14.081 +03:00 [INF] CORS policy execution successful.
2026-06-01 11:07:14.081 +03:00 [INF] Request finished HTTP/1.1 OPTIONS http://localhost:5130/api/client/profile - 204 null null 0.9995ms
2026-06-01 11:07:14.081 +03:00 [INF] Request finished HTTP/1.1 OPTIONS http://localhost:5130/api/client/profile - 204 null null 0.9447ms
2026-06-01 11:07:14.081 +03:00 [INF] CORS policy execution successful.
2026-06-01 11:07:14.081 +03:00 [INF] Request finished HTTP/1.1 OPTIONS http://localhost:5130/api/order/getOrders - 204 null null 1.0679ms
2026-06-01 11:07:14.082 +03:00 [INF] Request starting HTTP/1.1 GET http://localhost:5130/api/client/profile - application/json null
2026-06-01 11:07:14.082 +03:00 [INF] Request starting HTTP/1.1 GET http://localhost:5130/api/client/profile - application/json null
2026-06-01 11:07:14.082 +03:00 [INF] Request starting HTTP/1.1 GET http://localhost:5130/api/order/getOrders - application/json null
2026-06-01 11:07:14.082 +03:00 [INF] CORS policy execution successful.
2026-06-01 11:07:14.082 +03:00 [INF] CORS policy execution successful.
2026-06-01 11:07:14.083 +03:00 [INF] CORS policy execution successful.
2026-06-01 11:07:14.090 +03:00 [INF] Request finished HTTP/1.1 GET http://localhost:5130/api/client/profile - 404 0 null 8.2524ms
2026-06-01 11:07:14.090 +03:00 [INF] Request finished HTTP/1.1 GET http://localhost:5130/api/client/profile - 404 0 null 8.0353ms
2026-06-01 11:07:14.091 +03:00 [INF] Request reached the end of the middleware pipeline without being handled by application code. Request path: GET http://localhost:5130/api/client/profile, Response status code: 404
2026-06-01 11:07:14.091 +03:00 [INF] Request reached the end of the middleware pipeline without being handled by application code. Request path: GET http://localhost:5130/api/client/profile, Response status code: 404
2026-06-01 11:07:14.091 +03:00 [INF] Executing endpoint 'AutoService.Controllers.OrderController.GetOrdersAsync (AutoService)'
2026-06-01 11:07:14.091 +03:00 [INF] Executing endpoint 'AutoService.Controllers.OrderController.GetOrdersAsync (AutoService)'
2026-06-01 11:07:14.097 +03:00 [INF] Route matched with {action = "GetOrders", controller = "Order"}. Executing controller action with signature System.Threading.Tasks.Task`1[Microsoft.AspNetCore.Mvc.IActionResult] GetOrdersAsync() on controller AutoService.Controllers.OrderController (AutoService).
2026-06-01 11:07:14.097 +03:00 [INF] Route matched with {action = "GetOrders", controller = "Order"}. Executing controller action with signature System.Threading.Tasks.Task`1[Microsoft.AspNetCore.Mvc.IActionResult] GetOrdersAsync() on controller AutoService.Controllers.OrderController (AutoService).
2026-06-01 11:07:14.214 +03:00 [WRN] Compiling a query which loads related collections for more than one collection navigation, either via 'Include' or through projection, but no 'QuerySplittingBehavior' has been configured. By default, Entity Framework will use 'QuerySplittingBehavior.SingleQuery', which can potentially result in slow query performance. See https://go.microsoft.com/fwlink/?linkid=2134277 for more information. To identify the query that's triggering this warning call 'ConfigureWarnings(w => w.Throw(RelationalEventId.MultipleCollectionIncludeWarning))'.
2026-06-01 11:07:14.263 +03:00 [INF] Executed DbCommand (13ms) [Parameters=[@__userId_Value_0='?' (DbType = Int32)], CommandType='"Text"', CommandTimeout='30']
SELECT `o`.`Id`, `o`.`ClientId`, `o`.`Comment`, `o`.`CreatedAt`, `o`.`Status`, `o`.`TotalAmount`, `o`.`VehicleId`, `c`.`Id`, `c`.`Address`, `c`.`PhoneNumber`, `c`.`UserId`, `u`.`Id`, `u`.`Email`, `u`.`FullName`, `u`.`PasswordHash`, `u`.`Role`, `v`.`Id`, `v0`.`Id`, `v0`.`Model`, `v0`.`OwnerId`, `v0`.`RegistrationNumber`, `v0`.`VinNumber`, `v0`.`Year`, `v`.`Model`, `v`.`OwnerId`, `v`.`RegistrationNumber`, `v`.`VinNumber`, `v`.`Year`, `s0`.`Id`, `s0`.`EmployeeId`, `s0`.`OrderId`, `s0`.`PriceAtSale`, `s0`.`Quantity`, `s0`.`ServiceId`, `s0`.`Id0`, `s0`.`CategoryId`, `s0`.`Description`, `s0`.`Name`, `s0`.`Price`, `s1`.`Id`, `s1`.`DetailId`, `s1`.`OrderId`, `s1`.`PriceAtSale`, `s1`.`Quantity`, `s1`.`Id0`, `s1`.`CategoryId`, `s1`.`Description`, `s1`.`Name`, `s1`.`Price`
FROM `Orders` AS `o`
LEFT JOIN `Clients` AS `c` ON `o`.`ClientId` = `c`.`Id`
LEFT JOIN `Users` AS `u` ON `c`.`UserId` = `u`.`Id`
LEFT JOIN `Vehicles` AS `v` ON `o`.`VehicleId` = `v`.`Id`
LEFT JOIN `Vehicles` AS `v0` ON `c`.`Id` = `v0`.`OwnerId`
LEFT JOIN (
    SELECT `o0`.`Id`, `o0`.`EmployeeId`, `o0`.`OrderId`, `o0`.`PriceAtSale`, `o0`.`Quantity`, `o0`.`ServiceId`, `s`.`Id` AS `Id0`, `s`.`CategoryId`, `s`.`Description`, `s`.`Name`, `s`.`Price`
    FROM `OrderServices` AS `o0`
    INNER JOIN `Services` AS `s` ON `o0`.`ServiceId` = `s`.`Id`
) AS `s0` ON `o`.`Id` = `s0`.`OrderId`
LEFT JOIN (
    SELECT `o1`.`Id`, `o1`.`DetailId`, `o1`.`OrderId`, `o1`.`PriceAtSale`, `o1`.`Quantity`, `d`.`Id` AS `Id0`, `d`.`CategoryId`, `d`.`Description`, `d`.`Name`, `d`.`Price`
    FROM `OrderDetails` AS `o1`
    INNER JOIN `Details` AS `d` ON `o1`.`DetailId` = `d`.`Id`
) AS `s1` ON `o`.`Id` = `s1`.`OrderId`
WHERE `c`.`Id` IS NOT NULL AND (`c`.`UserId` = @__userId_Value_0)
ORDER BY `o`.`Id`, `c`.`Id`, `u`.`Id`, `v`.`Id`, `v0`.`Id`, `s0`.`Id`, `s0`.`Id0`, `s1`.`Id`
2026-06-01 11:07:14.263 +03:00 [INF] Executed DbCommand (9ms) [Parameters=[@__userId_Value_0='?' (DbType = Int32)], CommandType='"Text"', CommandTimeout='30']
SELECT `o`.`Id`, `o`.`ClientId`, `o`.`Comment`, `o`.`CreatedAt`, `o`.`Status`, `o`.`TotalAmount`, `o`.`VehicleId`, `c`.`Id`, `c`.`Address`, `c`.`PhoneNumber`, `c`.`UserId`, `u`.`Id`, `u`.`Email`, `u`.`FullName`, `u`.`PasswordHash`, `u`.`Role`, `v`.`Id`, `v0`.`Id`, `v0`.`Model`, `v0`.`OwnerId`, `v0`.`RegistrationNumber`, `v0`.`VinNumber`, `v0`.`Year`, `v`.`Model`, `v`.`OwnerId`, `v`.`RegistrationNumber`, `v`.`VinNumber`, `v`.`Year`, `s0`.`Id`, `s0`.`EmployeeId`, `s0`.`OrderId`, `s0`.`PriceAtSale`, `s0`.`Quantity`, `s0`.`ServiceId`, `s0`.`Id0`, `s0`.`CategoryId`, `s0`.`Description`, `s0`.`Name`, `s0`.`Price`, `s1`.`Id`, `s1`.`DetailId`, `s1`.`OrderId`, `s1`.`PriceAtSale`, `s1`.`Quantity`, `s1`.`Id0`, `s1`.`CategoryId`, `s1`.`Description`, `s1`.`Name`, `s1`.`Price`
FROM `Orders` AS `o`
LEFT JOIN `Clients` AS `c` ON `o`.`ClientId` = `c`.`Id`
LEFT JOIN `Users` AS `u` ON `c`.`UserId` = `u`.`Id`
LEFT JOIN `Vehicles` AS `v` ON `o`.`VehicleId` = `v`.`Id`
LEFT JOIN `Vehicles` AS `v0` ON `c`.`Id` = `v0`.`OwnerId`
LEFT JOIN (
    SELECT `o0`.`Id`, `o0`.`EmployeeId`, `o0`.`OrderId`, `o0`.`PriceAtSale`, `o0`.`Quantity`, `o0`.`ServiceId`, `s`.`Id` AS `Id0`, `s`.`CategoryId`, `s`.`Description`, `s`.`Name`, `s`.`Price`
    FROM `OrderServices` AS `o0`
    INNER JOIN `Services` AS `s` ON `o0`.`ServiceId` = `s`.`Id`
) AS `s0` ON `o`.`Id` = `s0`.`OrderId`
LEFT JOIN (
    SELECT `o1`.`Id`, `o1`.`DetailId`, `o1`.`OrderId`, `o1`.`PriceAtSale`, `o1`.`Quantity`, `d`.`Id` AS `Id0`, `d`.`CategoryId`, `d`.`Description`, `d`.`Name`, `d`.`Price`
    FROM `OrderDetails` AS `o1`
    INNER JOIN `Details` AS `d` ON `o1`.`DetailId` = `d`.`Id`
) AS `s1` ON `o`.`Id` = `s1`.`OrderId`
WHERE `c`.`Id` IS NOT NULL AND (`c`.`UserId` = @__userId_Value_0)
ORDER BY `o`.`Id`, `c`.`Id`, `u`.`Id`, `v`.`Id`, `v0`.`Id`, `s0`.`Id`, `s0`.`Id0`, `s1`.`Id`
2026-06-01 11:07:14.387 +03:00 [INF] Executing OkObjectResult, writing value of type 'System.Linq.Enumerable+ListSelectIterator`2[[AutoService.Models.Order.Order, AutoService, Version=1.0.0.0, Culture=neutral, PublicKeyToken=null],[AutoService.DTOs.Order.OrderDto, AutoService, Version=1.0.0.0, Culture=neutral, PublicKeyToken=null]]'.
2026-06-01 11:07:14.387 +03:00 [INF] Executing OkObjectResult, writing value of type 'System.Linq.Enumerable+ListSelectIterator`2[[AutoService.Models.Order.Order, AutoService, Version=1.0.0.0, Culture=neutral, PublicKeyToken=null],[AutoService.DTOs.Order.OrderDto, AutoService, Version=1.0.0.0, Culture=neutral, PublicKeyToken=null]]'.
2026-06-01 11:07:14.415 +03:00 [INF] Executed action AutoService.Controllers.OrderController.GetOrdersAsync (AutoService) in 318.0348ms
2026-06-01 11:07:14.415 +03:00 [INF] Executed action AutoService.Controllers.OrderController.GetOrdersAsync (AutoService) in 317.904ms
2026-06-01 11:07:14.416 +03:00 [INF] Executed endpoint 'AutoService.Controllers.OrderController.GetOrdersAsync (AutoService)'
2026-06-01 11:07:14.416 +03:00 [INF] Executed endpoint 'AutoService.Controllers.OrderController.GetOrdersAsync (AutoService)'
2026-06-01 11:07:14.417 +03:00 [INF] Request finished HTTP/1.1 GET http://localhost:5130/api/order/getOrders - 200 null application/json; charset=utf-8 336.1504ms
2026-06-01 11:07:14.417 +03:00 [INF] Request finished HTTP/1.1 GET http://localhost:5130/api/order/getOrders - 200 null application/json; charset=utf-8 334.7175ms
2026-06-01 11:07:30.316 +03:00 [INF] Request starting HTTP/1.1 OPTIONS http://localhost:5130/api/auth/login - null null
2026-06-01 11:07:30.316 +03:00 [INF] CORS policy execution successful.
2026-06-01 11:07:30.316 +03:00 [INF] Request finished HTTP/1.1 OPTIONS http://localhost:5130/api/auth/login - 204 null null 0.6088ms
2026-06-01 11:07:30.333 +03:00 [INF] Request starting HTTP/1.1 POST http://localhost:5130/api/auth/login - application/json 55
2026-06-01 11:07:30.333 +03:00 [INF] CORS policy execution successful.
2026-06-01 11:07:30.335 +03:00 [INF] Executing endpoint 'AutoService.Controllers.AuthController.Login (AutoService)'
2026-06-01 11:07:30.335 +03:00 [INF] Route matched with {action = "Login", controller = "Auth"}. Executing controller action with signature System.Threading.Tasks.Task`1[Microsoft.AspNetCore.Mvc.IActionResult] Login(AutoService.DTOs.Auth.LoginDto) on controller AutoService.Controllers.AuthController (AutoService).
2026-06-01 11:07:30.408 +03:00 [INF] Executed DbCommand (0ms) [Parameters=[@__dto_Email_0='?' (Size = 4000)], CommandType='"Text"', CommandTimeout='30']
SELECT `u`.`Id`, `u`.`Email`, `u`.`FullName`, `u`.`PasswordHash`, `u`.`Role`
FROM `Users` AS `u`
WHERE `u`.`Email` = @__dto_Email_0
LIMIT 1
2026-06-01 11:07:30.697 +03:00 [INF] [01-06-2026 11:07:30] Пользователь [Id: 2] успешно вошел в систему.
2026-06-01 11:07:30.698 +03:00 [INF] Executing OkObjectResult, writing value of type '<>f__AnonymousType0`5[[System.String, System.Private.CoreLib, Version=10.0.0.0, Culture=neutral, PublicKeyToken=7cec85d7bea7798e],[System.Int32, System.Private.CoreLib, Version=10.0.0.0, Culture=neutral, PublicKeyToken=7cec85d7bea7798e],[System.String, System.Private.CoreLib, Version=10.0.0.0, Culture=neutral, PublicKeyToken=7cec85d7bea7798e],[System.String, System.Private.CoreLib, Version=10.0.0.0, Culture=neutral, PublicKeyToken=7cec85d7bea7798e],[System.String, System.Private.CoreLib, Version=10.0.0.0, Culture=neutral, PublicKeyToken=7cec85d7bea7798e]]'.
2026-06-01 11:07:30.698 +03:00 [INF] Executed action AutoService.Controllers.AuthController.Login (AutoService) in 362.7211ms
2026-06-01 11:07:30.698 +03:00 [INF] Executed endpoint 'AutoService.Controllers.AuthController.Login (AutoService)'
2026-06-01 11:07:30.699 +03:00 [INF] Request finished HTTP/1.1 POST http://localhost:5130/api/auth/login - 200 null application/json; charset=utf-8 365.9655ms
2026-06-01 11:07:30.718 +03:00 [INF] Request starting HTTP/1.1 OPTIONS http://localhost:5130/api/order/getOrders - null null
2026-06-01 11:07:30.718 +03:00 [INF] CORS policy execution successful.
2026-06-01 11:07:30.719 +03:00 [INF] Request finished HTTP/1.1 OPTIONS http://localhost:5130/api/order/getOrders - 204 null null 0.7757ms
2026-06-01 11:07:30.719 +03:00 [INF] Request starting HTTP/1.1 GET http://localhost:5130/api/order/getOrders - application/json null
2026-06-01 11:07:30.720 +03:00 [INF] CORS policy execution successful.
2026-06-01 11:07:30.721 +03:00 [INF] Executing endpoint 'AutoService.Controllers.OrderController.GetOrdersAsync (AutoService)'
2026-06-01 11:07:30.721 +03:00 [INF] Route matched with {action = "GetOrders", controller = "Order"}. Executing controller action with signature System.Threading.Tasks.Task`1[Microsoft.AspNetCore.Mvc.IActionResult] GetOrdersAsync() on controller AutoService.Controllers.OrderController (AutoService).
2026-06-01 11:07:30.737 +03:00 [WRN] Compiling a query which loads related collections for more than one collection navigation, either via 'Include' or through projection, but no 'QuerySplittingBehavior' has been configured. By default, Entity Framework will use 'QuerySplittingBehavior.SingleQuery', which can potentially result in slow query performance. See https://go.microsoft.com/fwlink/?linkid=2134277 for more information. To identify the query that's triggering this warning call 'ConfigureWarnings(w => w.Throw(RelationalEventId.MultipleCollectionIncludeWarning))'.
2026-06-01 11:07:30.756 +03:00 [INF] Executed DbCommand (2ms) [Parameters=[], CommandType='"Text"', CommandTimeout='30']
SELECT `o`.`Id`, `o`.`ClientId`, `o`.`Comment`, `o`.`CreatedAt`, `o`.`Status`, `o`.`TotalAmount`, `o`.`VehicleId`, `c`.`Id`, `c`.`Address`, `c`.`PhoneNumber`, `c`.`UserId`, `u`.`Id`, `u`.`Email`, `u`.`FullName`, `u`.`PasswordHash`, `u`.`Role`, `v`.`Id`, `v0`.`Id`, `v0`.`Model`, `v0`.`OwnerId`, `v0`.`RegistrationNumber`, `v0`.`VinNumber`, `v0`.`Year`, `v`.`Model`, `v`.`OwnerId`, `v`.`RegistrationNumber`, `v`.`VinNumber`, `v`.`Year`, `s0`.`Id`, `s0`.`EmployeeId`, `s0`.`OrderId`, `s0`.`PriceAtSale`, `s0`.`Quantity`, `s0`.`ServiceId`, `s0`.`Id0`, `s0`.`CategoryId`, `s0`.`Description`, `s0`.`Name`, `s0`.`Price`, `s1`.`Id`, `s1`.`DetailId`, `s1`.`OrderId`, `s1`.`PriceAtSale`, `s1`.`Quantity`, `s1`.`Id0`, `s1`.`CategoryId`, `s1`.`Description`, `s1`.`Name`, `s1`.`Price`
FROM `Orders` AS `o`
LEFT JOIN `Clients` AS `c` ON `o`.`ClientId` = `c`.`Id`
LEFT JOIN `Users` AS `u` ON `c`.`UserId` = `u`.`Id`
LEFT JOIN `Vehicles` AS `v` ON `o`.`VehicleId` = `v`.`Id`
LEFT JOIN `Vehicles` AS `v0` ON `c`.`Id` = `v0`.`OwnerId`
LEFT JOIN (
    SELECT `o0`.`Id`, `o0`.`EmployeeId`, `o0`.`OrderId`, `o0`.`PriceAtSale`, `o0`.`Quantity`, `o0`.`ServiceId`, `s`.`Id` AS `Id0`, `s`.`CategoryId`, `s`.`Description`, `s`.`Name`, `s`.`Price`
    FROM `OrderServices` AS `o0`
    INNER JOIN `Services` AS `s` ON `o0`.`ServiceId` = `s`.`Id`
) AS `s0` ON `o`.`Id` = `s0`.`OrderId`
LEFT JOIN (
    SELECT `o1`.`Id`, `o1`.`DetailId`, `o1`.`OrderId`, `o1`.`PriceAtSale`, `o1`.`Quantity`, `d`.`Id` AS `Id0`, `d`.`CategoryId`, `d`.`Description`, `d`.`Name`, `d`.`Price`
    FROM `OrderDetails` AS `o1`
    INNER JOIN `Details` AS `d` ON `o1`.`DetailId` = `d`.`Id`
) AS `s1` ON `o`.`Id` = `s1`.`OrderId`
ORDER BY `o`.`Id`, `c`.`Id`, `u`.`Id`, `v`.`Id`, `v0`.`Id`, `s0`.`Id`, `s0`.`Id0`, `s1`.`Id`
2026-06-01 11:07:30.781 +03:00 [INF] Executing OkObjectResult, writing value of type 'System.Linq.Enumerable+ListSelectIterator`2[[AutoService.Models.Order.Order, AutoService, Version=1.0.0.0, Culture=neutral, PublicKeyToken=null],[AutoService.DTOs.Order.OrderDto, AutoService, Version=1.0.0.0, Culture=neutral, PublicKeyToken=null]]'.
2026-06-01 11:07:30.782 +03:00 [INF] Executed action AutoService.Controllers.OrderController.GetOrdersAsync (AutoService) in 60.8375ms
2026-06-01 11:07:30.782 +03:00 [INF] Executed endpoint 'AutoService.Controllers.OrderController.GetOrdersAsync (AutoService)'
2026-06-01 11:07:30.782 +03:00 [INF] Request finished HTTP/1.1 GET http://localhost:5130/api/order/getOrders - 200 null application/json; charset=utf-8 62.7675ms
2026-06-01 11:07:30.783 +03:00 [INF] Request starting HTTP/1.1 GET http://localhost:5130/api/order/getOrders - application/json null
2026-06-01 11:07:30.783 +03:00 [INF] CORS policy execution successful.
2026-06-01 11:07:30.783 +03:00 [INF] Executing endpoint 'AutoService.Controllers.OrderController.GetOrdersAsync (AutoService)'
2026-06-01 11:07:30.784 +03:00 [INF] Route matched with {action = "GetOrders", controller = "Order"}. Executing controller action with signature System.Threading.Tasks.Task`1[Microsoft.AspNetCore.Mvc.IActionResult] GetOrdersAsync() on controller AutoService.Controllers.OrderController (AutoService).
2026-06-01 11:07:30.791 +03:00 [INF] Executed DbCommand (2ms) [Parameters=[], CommandType='"Text"', CommandTimeout='30']
SELECT `o`.`Id`, `o`.`ClientId`, `o`.`Comment`, `o`.`CreatedAt`, `o`.`Status`, `o`.`TotalAmount`, `o`.`VehicleId`, `c`.`Id`, `c`.`Address`, `c`.`PhoneNumber`, `c`.`UserId`, `u`.`Id`, `u`.`Email`, `u`.`FullName`, `u`.`PasswordHash`, `u`.`Role`, `v`.`Id`, `v0`.`Id`, `v0`.`Model`, `v0`.`OwnerId`, `v0`.`RegistrationNumber`, `v0`.`VinNumber`, `v0`.`Year`, `v`.`Model`, `v`.`OwnerId`, `v`.`RegistrationNumber`, `v`.`VinNumber`, `v`.`Year`, `s0`.`Id`, `s0`.`EmployeeId`, `s0`.`OrderId`, `s0`.`PriceAtSale`, `s0`.`Quantity`, `s0`.`ServiceId`, `s0`.`Id0`, `s0`.`CategoryId`, `s0`.`Description`, `s0`.`Name`, `s0`.`Price`, `s1`.`Id`, `s1`.`DetailId`, `s1`.`OrderId`, `s1`.`PriceAtSale`, `s1`.`Quantity`, `s1`.`Id0`, `s1`.`CategoryId`, `s1`.`Description`, `s1`.`Name`, `s1`.`Price`
FROM `Orders` AS `o`
LEFT JOIN `Clients` AS `c` ON `o`.`ClientId` = `c`.`Id`
LEFT JOIN `Users` AS `u` ON `c`.`UserId` = `u`.`Id`
LEFT JOIN `Vehicles` AS `v` ON `o`.`VehicleId` = `v`.`Id`
LEFT JOIN `Vehicles` AS `v0` ON `c`.`Id` = `v0`.`OwnerId`
LEFT JOIN (
    SELECT `o0`.`Id`, `o0`.`EmployeeId`, `o0`.`OrderId`, `o0`.`PriceAtSale`, `o0`.`Quantity`, `o0`.`ServiceId`, `s`.`Id` AS `Id0`, `s`.`CategoryId`, `s`.`Description`, `s`.`Name`, `s`.`Price`
    FROM `OrderServices` AS `o0`
    INNER JOIN `Services` AS `s` ON `o0`.`ServiceId` = `s`.`Id`
) AS `s0` ON `o`.`Id` = `s0`.`OrderId`
LEFT JOIN (
    SELECT `o1`.`Id`, `o1`.`DetailId`, `o1`.`OrderId`, `o1`.`PriceAtSale`, `o1`.`Quantity`, `d`.`Id` AS `Id0`, `d`.`CategoryId`, `d`.`Description`, `d`.`Name`, `d`.`Price`
    FROM `OrderDetails` AS `o1`
    INNER JOIN `Details` AS `d` ON `o1`.`DetailId` = `d`.`Id`
) AS `s1` ON `o`.`Id` = `s1`.`OrderId`
ORDER BY `o`.`Id`, `c`.`Id`, `u`.`Id`, `v`.`Id`, `v0`.`Id`, `s0`.`Id`, `s0`.`Id0`, `s1`.`Id`
2026-06-01 11:07:30.803 +03:00 [INF] Executing OkObjectResult, writing value of type 'System.Linq.Enumerable+ListSelectIterator`2[[AutoService.Models.Order.Order, AutoService, Version=1.0.0.0, Culture=neutral, PublicKeyToken=null],[AutoService.DTOs.Order.OrderDto, AutoService, Version=1.0.0.0, Culture=neutral, PublicKeyToken=null]]'.
2026-06-01 11:07:30.804 +03:00 [INF] Executed action AutoService.Controllers.OrderController.GetOrdersAsync (AutoService) in 19.9486ms
2026-06-01 11:07:30.804 +03:00 [INF] Executed endpoint 'AutoService.Controllers.OrderController.GetOrdersAsync (AutoService)'
2026-06-01 11:07:30.804 +03:00 [INF] Request finished HTTP/1.1 GET http://localhost:5130/api/order/getOrders - 200 null application/json; charset=utf-8 21.1706ms
2026-06-01 11:07:32.387 +03:00 [INF] Request starting HTTP/1.1 OPTIONS http://localhost:5130/api/log/download - null null
2026-06-01 11:07:32.387 +03:00 [INF] CORS policy execution successful.
2026-06-01 11:07:32.387 +03:00 [INF] Request finished HTTP/1.1 OPTIONS http://localhost:5130/api/log/download - 204 null null 0.5954ms
2026-06-01 11:07:32.388 +03:00 [INF] Request starting HTTP/1.1 GET http://localhost:5130/api/log/download - null null
2026-06-01 11:07:32.388 +03:00 [INF] CORS policy execution successful.
2026-06-01 11:07:32.390 +03:00 [INF] Executing endpoint 'AutoService.Controllers.LogController.Download (AutoService)'
2026-06-01 11:07:32.392 +03:00 [INF] Route matched with {action = "Download", controller = "Log"}. Executing controller action with signature Microsoft.AspNetCore.Mvc.IActionResult Download() on controller AutoService.Controllers.LogController (AutoService).
2026-06-01 11:07:32.396 +03:00 [INF] Executing PhysicalFileResult, sending file '/home/user/AutoService/AutoService/logs/autoservice-20260601.log' with download name 'logs.txt' ...
2026-06-01 11:07:32.404 +03:00 [INF] Executed action AutoService.Controllers.LogController.Download (AutoService) in 11.3467ms
2026-06-01 11:07:32.404 +03:00 [INF] Executed endpoint 'AutoService.Controllers.LogController.Download (AutoService)'
2026-06-01 11:07:32.404 +03:00 [ERR] An unhandled exception has occurred while executing the request.
System.InvalidOperationException: Response Content-Length mismatch: too many bytes written (27718 of 27537).
   at Microsoft.AspNetCore.Server.Kestrel.Core.Internal.Http.HttpProtocol.VerifyAndUpdateWrite(Int32 count)
   at Microsoft.AspNetCore.Server.Kestrel.Core.Internal.Http.HttpProtocol.WritePipeAsync(ReadOnlyMemory`1 data, CancellationToken cancellationToken)
   at Microsoft.AspNetCore.Server.Kestrel.Core.Internal.Http.HttpResponseStream.WriteAsync(ReadOnlyMemory`1 source, CancellationToken cancellationToken)
   at Microsoft.AspNetCore.Http.StreamCopyOperationInternal.CopyToAsync(Stream source, Stream destination, Nullable`1 count, Int32 bufferSize, CancellationToken cancel)
   at Microsoft.AspNetCore.Http.SendFileFallback.SendFileAsync(Stream destination, String filePath, Int64 offset, Nullable`1 count, CancellationToken cancellationToken)
   at Microsoft.AspNetCore.Http.SendFileResponseExtensions.SendFileAsyncCore(HttpResponse response, String fileName, Int64 offset, Nullable`1 count, CancellationToken cancellationToken)
   at Microsoft.AspNetCore.Mvc.Infrastructure.ResourceInvoker.<InvokeNextResultFilterAsync>g__Awaited|30_0[TFilter,TFilterAsync](ResourceInvoker invoker, Task lastTask, State next, Scope scope, Object state, Boolean isCompleted)
   at Microsoft.AspNetCore.Mvc.Infrastructure.ResourceInvoker.Rethrow(ResultExecutedContextSealed context)
   at Microsoft.AspNetCore.Mvc.Infrastructure.ResourceInvoker.ResultNext[TFilter,TFilterAsync](State& next, Scope& scope, Object& state, Boolean& isCompleted)
   at Microsoft.AspNetCore.Mvc.Infrastructure.ResourceInvoker.<InvokeResultFilters>g__Awaited|28_0(ResourceInvoker invoker, Task lastTask, State next, Scope scope, Object state, Boolean isCompleted)
   at Microsoft.AspNetCore.Mvc.Infrastructure.ResourceInvoker.<InvokeFilterPipelineAsync>g__Awaited|20_0(ResourceInvoker invoker, Task lastTask, State next, Scope scope, Object state, Boolean isCompleted)
   at Microsoft.AspNetCore.Mvc.Infrastructure.ResourceInvoker.<InvokeAsync>g__Logged|17_1(ResourceInvoker invoker)
   at Microsoft.AspNetCore.Mvc.Infrastructure.ResourceInvoker.<InvokeAsync>g__Logged|17_1(ResourceInvoker invoker)
   at Microsoft.AspNetCore.Routing.EndpointMiddleware.<Invoke>g__AwaitRequestTask|7_0(Endpoint endpoint, Task requestTask, ILogger logger)
   at Microsoft.AspNetCore.Authorization.AuthorizationMiddleware.Invoke(HttpContext context)
   at Microsoft.AspNetCore.Authentication.AuthenticationMiddleware.Invoke(HttpContext context)
   at Microsoft.AspNetCore.Diagnostics.DeveloperExceptionPageMiddlewareImpl.Invoke(HttpContext context)
2026-06-01 11:07:32.406 +03:00 [WRN] The response has already started, the error page middleware will not be executed.
2026-06-01 11:07:32.407 +03:00 [ERR] Connection id "0HNLVMITGTGVK", Request id "0HNLVMITGTGVK:0000000B": An unhandled exception was thrown by the application.
System.InvalidOperationException: Response Content-Length mismatch: too many bytes written (27718 of 27537).
   at Microsoft.AspNetCore.Server.Kestrel.Core.Internal.Http.HttpProtocol.VerifyAndUpdateWrite(Int32 count)
   at Microsoft.AspNetCore.Server.Kestrel.Core.Internal.Http.HttpProtocol.WritePipeAsync(ReadOnlyMemory`1 data, CancellationToken cancellationToken)
   at Microsoft.AspNetCore.Server.Kestrel.Core.Internal.Http.HttpResponseStream.WriteAsync(ReadOnlyMemory`1 source, CancellationToken cancellationToken)
   at Microsoft.AspNetCore.Http.StreamCopyOperationInternal.CopyToAsync(Stream source, Stream destination, Nullable`1 count, Int32 bufferSize, CancellationToken cancel)
   at Microsoft.AspNetCore.Http.SendFileFallback.SendFileAsync(Stream destination, String filePath, Int64 offset, Nullable`1 count, CancellationToken cancellationToken)
   at Microsoft.AspNetCore.Http.SendFileResponseExtensions.SendFileAsyncCore(HttpResponse response, String fileName, Int64 offset, Nullable`1 count, CancellationToken cancellationToken)
   at Microsoft.AspNetCore.Mvc.Infrastructure.ResourceInvoker.<InvokeNextResultFilterAsync>g__Awaited|30_0[TFilter,TFilterAsync](ResourceInvoker invoker, Task lastTask, State next, Scope scope, Object state, Boolean isCompleted)
   at Microsoft.AspNetCore.Mvc.Infrastructure.ResourceInvoker.Rethrow(ResultExecutedContextSealed context)
   at Microsoft.AspNetCore.Mvc.Infrastructure.ResourceInvoker.ResultNext[TFilter,TFilterAsync](State& next, Scope& scope, Object& state, Boolean& isCompleted)
   at Microsoft.AspNetCore.Mvc.Infrastructure.ResourceInvoker.<InvokeResultFilters>g__Awaited|28_0(ResourceInvoker invoker, Task lastTask, State next, Scope scope, Object state, Boolean isCompleted)
   at Microsoft.AspNetCore.Mvc.Infrastructure.ResourceInvoker.<InvokeFilterPipelineAsync>g__Awaited|20_0(ResourceInvoker invoker, Task lastTask, State next, Scope scope, Object state, Boolean isCompleted)
   at Microsoft.AspNetCore.Mvc.Infrastructure.ResourceInvoker.<InvokeAsync>g__Logged|17_1(ResourceInvoker invoker)
   at Microsoft.AspNetCore.Mvc.Infrastructure.ResourceInvoker.<InvokeAsync>g__Logged|17_1(ResourceInvoker invoker)
   at Microsoft.AspNetCore.Routing.EndpointMiddleware.<Invoke>g__AwaitRequestTask|7_0(Endpoint endpoint, Task requestTask, ILogger logger)
   at Microsoft.AspNetCore.Authorization.AuthorizationMiddleware.Invoke(HttpContext context)
   at Microsoft.AspNetCore.Authentication.AuthenticationMiddleware.Invoke(HttpContext context)
   at Microsoft.AspNetCore.Diagnostics.DeveloperExceptionPageMiddlewareImpl.Invoke(HttpContext context)
   at Microsoft.AspNetCore.Diagnostics.DeveloperExceptionPageMiddlewareImpl.Invoke(HttpContext context)
   at Microsoft.AspNetCore.Server.Kestrel.Core.Internal.Http.HttpProtocol.ProcessRequests[TContext](IHttpApplication`1 application)
2026-06-01 11:07:32.408 +03:00 [INF] Request finished HTTP/1.1 GET http://localhost:5130/api/log/download - 200 27537 text/plain 20.1235ms
2026-06-01 11:07:49.920 +03:00 [INF] Request starting HTTP/1.1 OPTIONS http://localhost:5130/api/log/download - null null
2026-06-01 11:07:49.921 +03:00 [INF] CORS policy execution successful.
2026-06-01 11:07:49.921 +03:00 [INF] Request finished HTTP/1.1 OPTIONS http://localhost:5130/api/log/download - 204 null null 0.544ms
2026-06-01 11:07:49.921 +03:00 [INF] Request starting HTTP/1.1 GET http://localhost:5130/api/log/download - null null
2026-06-01 11:07:49.921 +03:00 [INF] CORS policy execution successful.
2026-06-01 11:07:49.922 +03:00 [INF] Executing endpoint 'AutoService.Controllers.LogController.Download (AutoService)'
2026-06-01 11:07:49.922 +03:00 [INF] Route matched with {action = "Download", controller = "Log"}. Executing controller action with signature Microsoft.AspNetCore.Mvc.IActionResult Download() on controller AutoService.Controllers.LogController (AutoService).
2026-06-01 11:07:49.923 +03:00 [INF] Executing PhysicalFileResult, sending file '/home/user/AutoService/AutoService/logs/autoservice-20260601.log' with download name 'logs.txt' ...
2026-06-01 11:07:49.924 +03:00 [INF] Executed action AutoService.Controllers.LogController.Download (AutoService) in 1.2869ms
2026-06-01 11:07:49.924 +03:00 [INF] Executed endpoint 'AutoService.Controllers.LogController.Download (AutoService)'
2026-06-01 11:07:49.924 +03:00 [ERR] An unhandled exception has occurred while executing the request.
System.InvalidOperationException: Response Content-Length mismatch: too many bytes written (34999 of 34818).
   at Microsoft.AspNetCore.Server.Kestrel.Core.Internal.Http.HttpProtocol.VerifyAndUpdateWrite(Int32 count)
   at Microsoft.AspNetCore.Server.Kestrel.Core.Internal.Http.HttpProtocol.WritePipeAsync(ReadOnlyMemory`1 data, CancellationToken cancellationToken)
   at Microsoft.AspNetCore.Server.Kestrel.Core.Internal.Http.HttpResponseStream.WriteAsync(ReadOnlyMemory`1 source, CancellationToken cancellationToken)
   at Microsoft.AspNetCore.Http.StreamCopyOperationInternal.CopyToAsync(Stream source, Stream destination, Nullable`1 count, Int32 bufferSize, CancellationToken cancel)
   at Microsoft.AspNetCore.Http.SendFileFallback.SendFileAsync(Stream destination, String filePath, Int64 offset, Nullable`1 count, CancellationToken cancellationToken)
   at Microsoft.AspNetCore.Http.SendFileResponseExtensions.SendFileAsyncCore(HttpResponse response, String fileName, Int64 offset, Nullable`1 count, CancellationToken cancellationToken)
   at Microsoft.AspNetCore.Mvc.Infrastructure.ResourceInvoker.<InvokeNextResultFilterAsync>g__Awaited|30_0[TFilter,TFilterAsync](ResourceInvoker invoker, Task lastTask, State next, Scope scope, Object state, Boolean isCompleted)
   at Microsoft.AspNetCore.Mvc.Infrastructure.ResourceInvoker.Rethrow(ResultExecutedContextSealed context)
   at Microsoft.AspNetCore.Mvc.Infrastructure.ResourceInvoker.ResultNext[TFilter,TFilterAsync](State& next, Scope& scope, Object& state, Boolean& isCompleted)
   at Microsoft.AspNetCore.Mvc.Infrastructure.ResourceInvoker.<InvokeResultFilters>g__Awaited|28_0(ResourceInvoker invoker, Task lastTask, State next, Scope scope, Object state, Boolean isCompleted)
   at Microsoft.AspNetCore.Mvc.Infrastructure.ResourceInvoker.<InvokeFilterPipelineAsync>g__Awaited|20_0(ResourceInvoker invoker, Task lastTask, State next, Scope scope, Object state, Boolean isCompleted)
   at Microsoft.AspNetCore.Mvc.Infrastructure.ResourceInvoker.<InvokeAsync>g__Logged|17_1(ResourceInvoker invoker)
   at Microsoft.AspNetCore.Mvc.Infrastructure.ResourceInvoker.<InvokeAsync>g__Logged|17_1(ResourceInvoker invoker)
   at Microsoft.AspNetCore.Routing.EndpointMiddleware.<Invoke>g__AwaitRequestTask|7_0(Endpoint endpoint, Task requestTask, ILogger logger)
   at Microsoft.AspNetCore.Authorization.AuthorizationMiddleware.Invoke(HttpContext context)
   at Microsoft.AspNetCore.Authentication.AuthenticationMiddleware.Invoke(HttpContext context)
   at Microsoft.AspNetCore.Diagnostics.DeveloperExceptionPageMiddlewareImpl.Invoke(HttpContext context)
2026-06-01 11:07:49.925 +03:00 [WRN] The response has already started, the error page middleware will not be executed.
2026-06-01 11:07:49.925 +03:00 [ERR] Connection id "0HNLVMITGTGVM", Request id "0HNLVMITGTGVM:00000007": An unhandled exception was thrown by the application.
System.InvalidOperationException: Response Content-Length mismatch: too many bytes written (34999 of 34818).
   at Microsoft.AspNetCore.Server.Kestrel.Core.Internal.Http.HttpProtocol.VerifyAndUpdateWrite(Int32 count)
   at Microsoft.AspNetCore.Server.Kestrel.Core.Internal.Http.HttpProtocol.WritePipeAsync(ReadOnlyMemory`1 data, CancellationToken cancellationToken)
   at Microsoft.AspNetCore.Server.Kestrel.Core.Internal.Http.HttpResponseStream.WriteAsync(ReadOnlyMemory`1 source, CancellationToken cancellationToken)
   at Microsoft.AspNetCore.Http.StreamCopyOperationInternal.CopyToAsync(Stream source, Stream destination, Nullable`1 count, Int32 bufferSize, CancellationToken cancel)
   at Microsoft.AspNetCore.Http.SendFileFallback.SendFileAsync(Stream destination, String filePath, Int64 offset, Nullable`1 count, CancellationToken cancellationToken)
   at Microsoft.AspNetCore.Http.SendFileResponseExtensions.SendFileAsyncCore(HttpResponse response, String fileName, Int64 offset, Nullable`1 count, CancellationToken cancellationToken)
   at Microsoft.AspNetCore.Mvc.Infrastructure.ResourceInvoker.<InvokeNextResultFilterAsync>g__Awaited|30_0[TFilter,TFilterAsync](ResourceInvoker invoker, Task lastTask, State next, Scope scope, Object state, Boolean isCompleted)
   at Microsoft.AspNetCore.Mvc.Infrastructure.ResourceInvoker.Rethrow(ResultExecutedContextSealed context)
   at Microsoft.AspNetCore.Mvc.Infrastructure.ResourceInvoker.ResultNext[TFilter,TFilterAsync](State& next, Scope& scope, Object& state, Boolean& isCompleted)
   at Microsoft.AspNetCore.Mvc.Infrastructure.ResourceInvoker.<InvokeResultFilters>g__Awaited|28_0(ResourceInvoker invoker, Task lastTask, State next, Scope scope, Object state, Boolean isCompleted)
   at Microsoft.AspNetCore.Mvc.Infrastructure.ResourceInvoker.<InvokeFilterPipelineAsync>g__Awaited|20_0(ResourceInvoker invoker, Task lastTask, State next, Scope scope, Object state, Boolean isCompleted)
   at Microsoft.AspNetCore.Mvc.Infrastructure.ResourceInvoker.<InvokeAsync>g__Logged|17_1(ResourceInvoker invoker)
   at Microsoft.AspNetCore.Mvc.Infrastructure.ResourceInvoker.<InvokeAsync>g__Logged|17_1(ResourceInvoker invoker)
   at Microsoft.AspNetCore.Routing.EndpointMiddleware.<Invoke>g__AwaitRequestTask|7_0(Endpoint endpoint, Task requestTask, ILogger logger)
   at Microsoft.AspNetCore.Authorization.AuthorizationMiddleware.Invoke(HttpContext context)
   at Microsoft.AspNetCore.Authentication.AuthenticationMiddleware.Invoke(HttpContext context)
   at Microsoft.AspNetCore.Diagnostics.DeveloperExceptionPageMiddlewareImpl.Invoke(HttpContext context)
   at Microsoft.AspNetCore.Diagnostics.DeveloperExceptionPageMiddlewareImpl.Invoke(HttpContext context)
   at Microsoft.AspNetCore.Server.Kestrel.Core.Internal.Http.HttpProtocol.ProcessRequests[TContext](IHttpApplication`1 application)
2026-06-01 11:07:49.927 +03:00 [INF] Request finished HTTP/1.1 GET http://localhost:5130/api/log/download - 200 34818 text/plain 5.3788ms
2026-06-01 11:08:15.460 +03:00 [INF] Request starting HTTP/1.1 OPTIONS http://localhost:5130/api/auth/login - null null
2026-06-01 11:08:15.461 +03:00 [INF] CORS policy execution successful.
2026-06-01 11:08:15.461 +03:00 [INF] Request finished HTTP/1.1 OPTIONS http://localhost:5130/api/auth/login - 204 null null 0.8532ms
2026-06-01 11:08:15.468 +03:00 [INF] Request starting HTTP/1.1 POST http://localhost:5130/api/auth/login - application/json 55
2026-06-01 11:08:15.468 +03:00 [INF] CORS policy execution successful.
2026-06-01 11:08:15.469 +03:00 [INF] Executing endpoint 'AutoService.Controllers.AuthController.Login (AutoService)'
2026-06-01 11:08:15.469 +03:00 [INF] Route matched with {action = "Login", controller = "Auth"}. Executing controller action with signature System.Threading.Tasks.Task`1[Microsoft.AspNetCore.Mvc.IActionResult] Login(AutoService.DTOs.Auth.LoginDto) on controller AutoService.Controllers.AuthController (AutoService).
2026-06-01 11:08:15.480 +03:00 [INF] Executed DbCommand (1ms) [Parameters=[@__dto_Email_0='?' (Size = 4000)], CommandType='"Text"', CommandTimeout='30']
SELECT `u`.`Id`, `u`.`Email`, `u`.`FullName`, `u`.`PasswordHash`, `u`.`Role`
FROM `Users` AS `u`
WHERE `u`.`Email` = @__dto_Email_0
LIMIT 1
2026-06-01 11:08:15.598 +03:00 [INF] [01-06-2026 11:08:15] Пользователь [Id: 2] успешно вошел в систему.
2026-06-01 11:08:15.598 +03:00 [INF] Executing OkObjectResult, writing value of type '<>f__AnonymousType0`5[[System.String, System.Private.CoreLib, Version=10.0.0.0, Culture=neutral, PublicKeyToken=7cec85d7bea7798e],[System.Int32, System.Private.CoreLib, Version=10.0.0.0, Culture=neutral, PublicKeyToken=7cec85d7bea7798e],[System.String, System.Private.CoreLib, Version=10.0.0.0, Culture=neutral, PublicKeyToken=7cec85d7bea7798e],[System.String, System.Private.CoreLib, Version=10.0.0.0, Culture=neutral, PublicKeyToken=7cec85d7bea7798e],[System.String, System.Private.CoreLib, Version=10.0.0.0, Culture=neutral, PublicKeyToken=7cec85d7bea7798e]]'.
2026-06-01 11:08:15.598 +03:00 [INF] Executed action AutoService.Controllers.AuthController.Login (AutoService) in 129.3443ms
2026-06-01 11:08:15.599 +03:00 [INF] Executed endpoint 'AutoService.Controllers.AuthController.Login (AutoService)'
2026-06-01 11:08:15.599 +03:00 [INF] Request finished HTTP/1.1 POST http://localhost:5130/api/auth/login - 200 null application/json; charset=utf-8 130.4875ms
2026-06-01 11:08:17.765 +03:00 [INF] Request starting HTTP/1.1 OPTIONS http://localhost:5130/api/order/getOrders - null null
2026-06-01 11:08:17.765 +03:00 [INF] CORS policy execution successful.
2026-06-01 11:08:17.766 +03:00 [INF] Request finished HTTP/1.1 OPTIONS http://localhost:5130/api/order/getOrders - 204 null null 0.4258ms
2026-06-01 11:08:17.767 +03:00 [INF] Request starting HTTP/1.1 GET http://localhost:5130/api/order/getOrders - application/json null
2026-06-01 11:08:17.767 +03:00 [INF] CORS policy execution successful.
2026-06-01 11:08:17.768 +03:00 [INF] Executing endpoint 'AutoService.Controllers.OrderController.GetOrdersAsync (AutoService)'
2026-06-01 11:08:17.768 +03:00 [INF] Route matched with {action = "GetOrders", controller = "Order"}. Executing controller action with signature System.Threading.Tasks.Task`1[Microsoft.AspNetCore.Mvc.IActionResult] GetOrdersAsync() on controller AutoService.Controllers.OrderController (AutoService).
2026-06-01 11:08:17.773 +03:00 [INF] Executed DbCommand (1ms) [Parameters=[], CommandType='"Text"', CommandTimeout='30']
SELECT `o`.`Id`, `o`.`ClientId`, `o`.`Comment`, `o`.`CreatedAt`, `o`.`Status`, `o`.`TotalAmount`, `o`.`VehicleId`, `c`.`Id`, `c`.`Address`, `c`.`PhoneNumber`, `c`.`UserId`, `u`.`Id`, `u`.`Email`, `u`.`FullName`, `u`.`PasswordHash`, `u`.`Role`, `v`.`Id`, `v0`.`Id`, `v0`.`Model`, `v0`.`OwnerId`, `v0`.`RegistrationNumber`, `v0`.`VinNumber`, `v0`.`Year`, `v`.`Model`, `v`.`OwnerId`, `v`.`RegistrationNumber`, `v`.`VinNumber`, `v`.`Year`, `s0`.`Id`, `s0`.`EmployeeId`, `s0`.`OrderId`, `s0`.`PriceAtSale`, `s0`.`Quantity`, `s0`.`ServiceId`, `s0`.`Id0`, `s0`.`CategoryId`, `s0`.`Description`, `s0`.`Name`, `s0`.`Price`, `s1`.`Id`, `s1`.`DetailId`, `s1`.`OrderId`, `s1`.`PriceAtSale`, `s1`.`Quantity`, `s1`.`Id0`, `s1`.`CategoryId`, `s1`.`Description`, `s1`.`Name`, `s1`.`Price`
FROM `Orders` AS `o`
LEFT JOIN `Clients` AS `c` ON `o`.`ClientId` = `c`.`Id`
LEFT JOIN `Users` AS `u` ON `c`.`UserId` = `u`.`Id`
LEFT JOIN `Vehicles` AS `v` ON `o`.`VehicleId` = `v`.`Id`
LEFT JOIN `Vehicles` AS `v0` ON `c`.`Id` = `v0`.`OwnerId`
LEFT JOIN (
    SELECT `o0`.`Id`, `o0`.`EmployeeId`, `o0`.`OrderId`, `o0`.`PriceAtSale`, `o0`.`Quantity`, `o0`.`ServiceId`, `s`.`Id` AS `Id0`, `s`.`CategoryId`, `s`.`Description`, `s`.`Name`, `s`.`Price`
    FROM `OrderServices` AS `o0`
    INNER JOIN `Services` AS `s` ON `o0`.`ServiceId` = `s`.`Id`
) AS `s0` ON `o`.`Id` = `s0`.`OrderId`
LEFT JOIN (
    SELECT `o1`.`Id`, `o1`.`DetailId`, `o1`.`OrderId`, `o1`.`PriceAtSale`, `o1`.`Quantity`, `d`.`Id` AS `Id0`, `d`.`CategoryId`, `d`.`Description`, `d`.`Name`, `d`.`Price`
    FROM `OrderDetails` AS `o1`
    INNER JOIN `Details` AS `d` ON `o1`.`DetailId` = `d`.`Id`
) AS `s1` ON `o`.`Id` = `s1`.`OrderId`
ORDER BY `o`.`Id`, `c`.`Id`, `u`.`Id`, `v`.`Id`, `v0`.`Id`, `s0`.`Id`, `s0`.`Id0`, `s1`.`Id`
2026-06-01 11:08:17.785 +03:00 [INF] Executing OkObjectResult, writing value of type 'System.Linq.Enumerable+ListSelectIterator`2[[AutoService.Models.Order.Order, AutoService, Version=1.0.0.0, Culture=neutral, PublicKeyToken=null],[AutoService.DTOs.Order.OrderDto, AutoService, Version=1.0.0.0, Culture=neutral, PublicKeyToken=null]]'.
2026-06-01 11:08:17.786 +03:00 [INF] Executed action AutoService.Controllers.OrderController.GetOrdersAsync (AutoService) in 18.0221ms
2026-06-01 11:08:17.786 +03:00 [INF] Executed endpoint 'AutoService.Controllers.OrderController.GetOrdersAsync (AutoService)'
2026-06-01 11:08:17.786 +03:00 [INF] Request finished HTTP/1.1 GET http://localhost:5130/api/order/getOrders - 200 null application/json; charset=utf-8 19.128ms
2026-06-01 11:08:17.788 +03:00 [INF] Request starting HTTP/1.1 GET http://localhost:5130/api/order/getOrders - application/json null
2026-06-01 11:08:17.788 +03:00 [INF] CORS policy execution successful.
2026-06-01 11:08:17.788 +03:00 [INF] Executing endpoint 'AutoService.Controllers.OrderController.GetOrdersAsync (AutoService)'
2026-06-01 11:08:17.788 +03:00 [INF] Route matched with {action = "GetOrders", controller = "Order"}. Executing controller action with signature System.Threading.Tasks.Task`1[Microsoft.AspNetCore.Mvc.IActionResult] GetOrdersAsync() on controller AutoService.Controllers.OrderController (AutoService).
2026-06-01 11:08:17.794 +03:00 [INF] Executed DbCommand (1ms) [Parameters=[], CommandType='"Text"', CommandTimeout='30']
SELECT `o`.`Id`, `o`.`ClientId`, `o`.`Comment`, `o`.`CreatedAt`, `o`.`Status`, `o`.`TotalAmount`, `o`.`VehicleId`, `c`.`Id`, `c`.`Address`, `c`.`PhoneNumber`, `c`.`UserId`, `u`.`Id`, `u`.`Email`, `u`.`FullName`, `u`.`PasswordHash`, `u`.`Role`, `v`.`Id`, `v0`.`Id`, `v0`.`Model`, `v0`.`OwnerId`, `v0`.`RegistrationNumber`, `v0`.`VinNumber`, `v0`.`Year`, `v`.`Model`, `v`.`OwnerId`, `v`.`RegistrationNumber`, `v`.`VinNumber`, `v`.`Year`, `s0`.`Id`, `s0`.`EmployeeId`, `s0`.`OrderId`, `s0`.`PriceAtSale`, `s0`.`Quantity`, `s0`.`ServiceId`, `s0`.`Id0`, `s0`.`CategoryId`, `s0`.`Description`, `s0`.`Name`, `s0`.`Price`, `s1`.`Id`, `s1`.`DetailId`, `s1`.`OrderId`, `s1`.`PriceAtSale`, `s1`.`Quantity`, `s1`.`Id0`, `s1`.`CategoryId`, `s1`.`Description`, `s1`.`Name`, `s1`.`Price`
FROM `Orders` AS `o`
LEFT JOIN `Clients` AS `c` ON `o`.`ClientId` = `c`.`Id`
LEFT JOIN `Users` AS `u` ON `c`.`UserId` = `u`.`Id`
LEFT JOIN `Vehicles` AS `v` ON `o`.`VehicleId` = `v`.`Id`
LEFT JOIN `Vehicles` AS `v0` ON `c`.`Id` = `v0`.`OwnerId`
LEFT JOIN (
    SELECT `o0`.`Id`, `o0`.`EmployeeId`, `o0`.`OrderId`, `o0`.`PriceAtSale`, `o0`.`Quantity`, `o0`.`ServiceId`, `s`.`Id` AS `Id0`, `s`.`CategoryId`, `s`.`Description`, `s`.`Name`, `s`.`Price`
    FROM `OrderServices` AS `o0`
    INNER JOIN `Services` AS `s` ON `o0`.`ServiceId` = `s`.`Id`
) AS `s0` ON `o`.`Id` = `s0`.`OrderId`
LEFT JOIN (
    SELECT `o1`.`Id`, `o1`.`DetailId`, `o1`.`OrderId`, `o1`.`PriceAtSale`, `o1`.`Quantity`, `d`.`Id` AS `Id0`, `d`.`CategoryId`, `d`.`Description`, `d`.`Name`, `d`.`Price`
    FROM `OrderDetails` AS `o1`
    INNER JOIN `Details` AS `d` ON `o1`.`DetailId` = `d`.`Id`
) AS `s1` ON `o`.`Id` = `s1`.`OrderId`
ORDER BY `o`.`Id`, `c`.`Id`, `u`.`Id`, `v`.`Id`, `v0`.`Id`, `s0`.`Id`, `s0`.`Id0`, `s1`.`Id`
2026-06-01 11:08:17.801 +03:00 [INF] Executing OkObjectResult, writing value of type 'System.Linq.Enumerable+ListSelectIterator`2[[AutoService.Models.Order.Order, AutoService, Version=1.0.0.0, Culture=neutral, PublicKeyToken=null],[AutoService.DTOs.Order.OrderDto, AutoService, Version=1.0.0.0, Culture=neutral, PublicKeyToken=null]]'.
2026-06-01 11:08:17.802 +03:00 [INF] Executed action AutoService.Controllers.OrderController.GetOrdersAsync (AutoService) in 13.4386ms
2026-06-01 11:08:17.802 +03:00 [INF] Executed endpoint 'AutoService.Controllers.OrderController.GetOrdersAsync (AutoService)'
2026-06-01 11:08:17.802 +03:00 [INF] Request finished HTTP/1.1 GET http://localhost:5130/api/order/getOrders - 200 null application/json; charset=utf-8 14.5349ms
2026-06-01 11:08:21.270 +03:00 [INF] Request starting HTTP/1.1 GET http://localhost:5130/api/order/getOrders - application/json null
2026-06-01 11:08:21.270 +03:00 [INF] CORS policy execution successful.
2026-06-01 11:08:21.271 +03:00 [INF] Executing endpoint 'AutoService.Controllers.OrderController.GetOrdersAsync (AutoService)'
2026-06-01 11:08:21.271 +03:00 [INF] Route matched with {action = "GetOrders", controller = "Order"}. Executing controller action with signature System.Threading.Tasks.Task`1[Microsoft.AspNetCore.Mvc.IActionResult] GetOrdersAsync() on controller AutoService.Controllers.OrderController (AutoService).
2026-06-01 11:08:21.280 +03:00 [INF] Executed DbCommand (2ms) [Parameters=[], CommandType='"Text"', CommandTimeout='30']
SELECT `o`.`Id`, `o`.`ClientId`, `o`.`Comment`, `o`.`CreatedAt`, `o`.`Status`, `o`.`TotalAmount`, `o`.`VehicleId`, `c`.`Id`, `c`.`Address`, `c`.`PhoneNumber`, `c`.`UserId`, `u`.`Id`, `u`.`Email`, `u`.`FullName`, `u`.`PasswordHash`, `u`.`Role`, `v`.`Id`, `v0`.`Id`, `v0`.`Model`, `v0`.`OwnerId`, `v0`.`RegistrationNumber`, `v0`.`VinNumber`, `v0`.`Year`, `v`.`Model`, `v`.`OwnerId`, `v`.`RegistrationNumber`, `v`.`VinNumber`, `v`.`Year`, `s0`.`Id`, `s0`.`EmployeeId`, `s0`.`OrderId`, `s0`.`PriceAtSale`, `s0`.`Quantity`, `s0`.`ServiceId`, `s0`.`Id0`, `s0`.`CategoryId`, `s0`.`Description`, `s0`.`Name`, `s0`.`Price`, `s1`.`Id`, `s1`.`DetailId`, `s1`.`OrderId`, `s1`.`PriceAtSale`, `s1`.`Quantity`, `s1`.`Id0`, `s1`.`CategoryId`, `s1`.`Description`, `s1`.`Name`, `s1`.`Price`
FROM `Orders` AS `o`
LEFT JOIN `Clients` AS `c` ON `o`.`ClientId` = `c`.`Id`
LEFT JOIN `Users` AS `u` ON `c`.`UserId` = `u`.`Id`
LEFT JOIN `Vehicles` AS `v` ON `o`.`VehicleId` = `v`.`Id`
LEFT JOIN `Vehicles` AS `v0` ON `c`.`Id` = `v0`.`OwnerId`
LEFT JOIN (
    SELECT `o0`.`Id`, `o0`.`EmployeeId`, `o0`.`OrderId`, `o0`.`PriceAtSale`, `o0`.`Quantity`, `o0`.`ServiceId`, `s`.`Id` AS `Id0`, `s`.`CategoryId`, `s`.`Description`, `s`.`Name`, `s`.`Price`
    FROM `OrderServices` AS `o0`
    INNER JOIN `Services` AS `s` ON `o0`.`ServiceId` = `s`.`Id`
) AS `s0` ON `o`.`Id` = `s0`.`OrderId`
LEFT JOIN (
    SELECT `o1`.`Id`, `o1`.`DetailId`, `o1`.`OrderId`, `o1`.`PriceAtSale`, `o1`.`Quantity`, `d`.`Id` AS `Id0`, `d`.`CategoryId`, `d`.`Description`, `d`.`Name`, `d`.`Price`
    FROM `OrderDetails` AS `o1`
    INNER JOIN `Details` AS `d` ON `o1`.`DetailId` = `d`.`Id`
) AS `s1` ON `o`.`Id` = `s1`.`OrderId`
ORDER BY `o`.`Id`, `c`.`Id`, `u`.`Id`, `v`.`Id`, `v0`.`Id`, `s0`.`Id`, `s0`.`Id0`, `s1`.`Id`
2026-06-01 11:08:21.288 +03:00 [INF] Executing OkObjectResult, writing value of type 'System.Linq.Enumerable+ListSelectIterator`2[[AutoService.Models.Order.Order, AutoService, Version=1.0.0.0, Culture=neutral, PublicKeyToken=null],[AutoService.DTOs.Order.OrderDto, AutoService, Version=1.0.0.0, Culture=neutral, PublicKeyToken=null]]'.
2026-06-01 11:08:21.289 +03:00 [INF] Executed action AutoService.Controllers.OrderController.GetOrdersAsync (AutoService) in 18.4832ms
2026-06-01 11:08:21.290 +03:00 [INF] Executed endpoint 'AutoService.Controllers.OrderController.GetOrdersAsync (AutoService)'
2026-06-01 11:08:21.290 +03:00 [INF] Request finished HTTP/1.1 GET http://localhost:5130/api/order/getOrders - 200 null application/json; charset=utf-8 20.1377ms
2026-06-01 11:08:21.294 +03:00 [INF] Request starting HTTP/1.1 GET http://localhost:5130/api/order/getOrders - application/json null
2026-06-01 11:08:21.294 +03:00 [INF] CORS policy execution successful.
2026-06-01 11:08:21.295 +03:00 [INF] Executing endpoint 'AutoService.Controllers.OrderController.GetOrdersAsync (AutoService)'
2026-06-01 11:08:21.295 +03:00 [INF] Route matched with {action = "GetOrders", controller = "Order"}. Executing controller action with signature System.Threading.Tasks.Task`1[Microsoft.AspNetCore.Mvc.IActionResult] GetOrdersAsync() on controller AutoService.Controllers.OrderController (AutoService).
2026-06-01 11:08:21.302 +03:00 [INF] Executed DbCommand (2ms) [Parameters=[], CommandType='"Text"', CommandTimeout='30']
SELECT `o`.`Id`, `o`.`ClientId`, `o`.`Comment`, `o`.`CreatedAt`, `o`.`Status`, `o`.`TotalAmount`, `o`.`VehicleId`, `c`.`Id`, `c`.`Address`, `c`.`PhoneNumber`, `c`.`UserId`, `u`.`Id`, `u`.`Email`, `u`.`FullName`, `u`.`PasswordHash`, `u`.`Role`, `v`.`Id`, `v0`.`Id`, `v0`.`Model`, `v0`.`OwnerId`, `v0`.`RegistrationNumber`, `v0`.`VinNumber`, `v0`.`Year`, `v`.`Model`, `v`.`OwnerId`, `v`.`RegistrationNumber`, `v`.`VinNumber`, `v`.`Year`, `s0`.`Id`, `s0`.`EmployeeId`, `s0`.`OrderId`, `s0`.`PriceAtSale`, `s0`.`Quantity`, `s0`.`ServiceId`, `s0`.`Id0`, `s0`.`CategoryId`, `s0`.`Description`, `s0`.`Name`, `s0`.`Price`, `s1`.`Id`, `s1`.`DetailId`, `s1`.`OrderId`, `s1`.`PriceAtSale`, `s1`.`Quantity`, `s1`.`Id0`, `s1`.`CategoryId`, `s1`.`Description`, `s1`.`Name`, `s1`.`Price`
FROM `Orders` AS `o`
LEFT JOIN `Clients` AS `c` ON `o`.`ClientId` = `c`.`Id`
LEFT JOIN `Users` AS `u` ON `c`.`UserId` = `u`.`Id`
LEFT JOIN `Vehicles` AS `v` ON `o`.`VehicleId` = `v`.`Id`
LEFT JOIN `Vehicles` AS `v0` ON `c`.`Id` = `v0`.`OwnerId`
LEFT JOIN (
    SELECT `o0`.`Id`, `o0`.`EmployeeId`, `o0`.`OrderId`, `o0`.`PriceAtSale`, `o0`.`Quantity`, `o0`.`ServiceId`, `s`.`Id` AS `Id0`, `s`.`CategoryId`, `s`.`Description`, `s`.`Name`, `s`.`Price`
    FROM `OrderServices` AS `o0`
    INNER JOIN `Services` AS `s` ON `o0`.`ServiceId` = `s`.`Id`
) AS `s0` ON `o`.`Id` = `s0`.`OrderId`
LEFT JOIN (
    SELECT `o1`.`Id`, `o1`.`DetailId`, `o1`.`OrderId`, `o1`.`PriceAtSale`, `o1`.`Quantity`, `d`.`Id` AS `Id0`, `d`.`CategoryId`, `d`.`Description`, `d`.`Name`, `d`.`Price`
    FROM `OrderDetails` AS `o1`
    INNER JOIN `Details` AS `d` ON `o1`.`DetailId` = `d`.`Id`
) AS `s1` ON `o`.`Id` = `s1`.`OrderId`
ORDER BY `o`.`Id`, `c`.`Id`, `u`.`Id`, `v`.`Id`, `v0`.`Id`, `s0`.`Id`, `s0`.`Id0`, `s1`.`Id`
2026-06-01 11:08:21.310 +03:00 [INF] Executing OkObjectResult, writing value of type 'System.Linq.Enumerable+ListSelectIterator`2[[AutoService.Models.Order.Order, AutoService, Version=1.0.0.0, Culture=neutral, PublicKeyToken=null],[AutoService.DTOs.Order.OrderDto, AutoService, Version=1.0.0.0, Culture=neutral, PublicKeyToken=null]]'.
2026-06-01 11:08:21.311 +03:00 [INF] Executed action AutoService.Controllers.OrderController.GetOrdersAsync (AutoService) in 15.121ms
2026-06-01 11:08:21.311 +03:00 [INF] Executed endpoint 'AutoService.Controllers.OrderController.GetOrdersAsync (AutoService)'
2026-06-01 11:08:21.311 +03:00 [INF] Request finished HTTP/1.1 GET http://localhost:5130/api/order/getOrders - 200 null application/json; charset=utf-8 17.261ms
2026-06-01 11:08:23.453 +03:00 [INF] Request starting HTTP/1.1 OPTIONS http://localhost:5130/api/order/getOrders - null null
2026-06-01 11:08:23.454 +03:00 [INF] CORS policy execution successful.
2026-06-01 11:08:23.454 +03:00 [INF] Request finished HTTP/1.1 OPTIONS http://localhost:5130/api/order/getOrders - 204 null null 0.4324ms
2026-06-01 11:08:23.457 +03:00 [INF] Request starting HTTP/1.1 GET http://localhost:5130/api/order/getOrders - application/json null
2026-06-01 11:08:23.457 +03:00 [INF] CORS policy execution successful.
2026-06-01 11:08:23.458 +03:00 [INF] Executing endpoint 'AutoService.Controllers.OrderController.GetOrdersAsync (AutoService)'
2026-06-01 11:08:23.458 +03:00 [INF] Route matched with {action = "GetOrders", controller = "Order"}. Executing controller action with signature System.Threading.Tasks.Task`1[Microsoft.AspNetCore.Mvc.IActionResult] GetOrdersAsync() on controller AutoService.Controllers.OrderController (AutoService).
2026-06-01 11:08:23.466 +03:00 [INF] Executed DbCommand (2ms) [Parameters=[], CommandType='"Text"', CommandTimeout='30']
SELECT `o`.`Id`, `o`.`ClientId`, `o`.`Comment`, `o`.`CreatedAt`, `o`.`Status`, `o`.`TotalAmount`, `o`.`VehicleId`, `c`.`Id`, `c`.`Address`, `c`.`PhoneNumber`, `c`.`UserId`, `u`.`Id`, `u`.`Email`, `u`.`FullName`, `u`.`PasswordHash`, `u`.`Role`, `v`.`Id`, `v0`.`Id`, `v0`.`Model`, `v0`.`OwnerId`, `v0`.`RegistrationNumber`, `v0`.`VinNumber`, `v0`.`Year`, `v`.`Model`, `v`.`OwnerId`, `v`.`RegistrationNumber`, `v`.`VinNumber`, `v`.`Year`, `s0`.`Id`, `s0`.`EmployeeId`, `s0`.`OrderId`, `s0`.`PriceAtSale`, `s0`.`Quantity`, `s0`.`ServiceId`, `s0`.`Id0`, `s0`.`CategoryId`, `s0`.`Description`, `s0`.`Name`, `s0`.`Price`, `s1`.`Id`, `s1`.`DetailId`, `s1`.`OrderId`, `s1`.`PriceAtSale`, `s1`.`Quantity`, `s1`.`Id0`, `s1`.`CategoryId`, `s1`.`Description`, `s1`.`Name`, `s1`.`Price`
FROM `Orders` AS `o`
LEFT JOIN `Clients` AS `c` ON `o`.`ClientId` = `c`.`Id`
LEFT JOIN `Users` AS `u` ON `c`.`UserId` = `u`.`Id`
LEFT JOIN `Vehicles` AS `v` ON `o`.`VehicleId` = `v`.`Id`
LEFT JOIN `Vehicles` AS `v0` ON `c`.`Id` = `v0`.`OwnerId`
LEFT JOIN (
    SELECT `o0`.`Id`, `o0`.`EmployeeId`, `o0`.`OrderId`, `o0`.`PriceAtSale`, `o0`.`Quantity`, `o0`.`ServiceId`, `s`.`Id` AS `Id0`, `s`.`CategoryId`, `s`.`Description`, `s`.`Name`, `s`.`Price`
    FROM `OrderServices` AS `o0`
    INNER JOIN `Services` AS `s` ON `o0`.`ServiceId` = `s`.`Id`
) AS `s0` ON `o`.`Id` = `s0`.`OrderId`
LEFT JOIN (
    SELECT `o1`.`Id`, `o1`.`DetailId`, `o1`.`OrderId`, `o1`.`PriceAtSale`, `o1`.`Quantity`, `d`.`Id` AS `Id0`, `d`.`CategoryId`, `d`.`Description`, `d`.`Name`, `d`.`Price`
    FROM `OrderDetails` AS `o1`
    INNER JOIN `Details` AS `d` ON `o1`.`DetailId` = `d`.`Id`
) AS `s1` ON `o`.`Id` = `s1`.`OrderId`
ORDER BY `o`.`Id`, `c`.`Id`, `u`.`Id`, `v`.`Id`, `v0`.`Id`, `s0`.`Id`, `s0`.`Id0`, `s1`.`Id`
2026-06-01 11:08:23.472 +03:00 [INF] Executing OkObjectResult, writing value of type 'System.Linq.Enumerable+ListSelectIterator`2[[AutoService.Models.Order.Order, AutoService, Version=1.0.0.0, Culture=neutral, PublicKeyToken=null],[AutoService.DTOs.Order.OrderDto, AutoService, Version=1.0.0.0, Culture=neutral, PublicKeyToken=null]]'.
2026-06-01 11:08:23.472 +03:00 [INF] Executed action AutoService.Controllers.OrderController.GetOrdersAsync (AutoService) in 13.7556ms
2026-06-01 11:08:23.472 +03:00 [INF] Executed endpoint 'AutoService.Controllers.OrderController.GetOrdersAsync (AutoService)'
2026-06-01 11:08:23.472 +03:00 [INF] Request finished HTTP/1.1 GET http://localhost:5130/api/order/getOrders - 200 null application/json; charset=utf-8 15.8173ms
2026-06-01 11:08:23.474 +03:00 [INF] Request starting HTTP/1.1 GET http://localhost:5130/api/order/getOrders - application/json null
2026-06-01 11:08:23.474 +03:00 [INF] CORS policy execution successful.
2026-06-01 11:08:23.474 +03:00 [INF] Executing endpoint 'AutoService.Controllers.OrderController.GetOrdersAsync (AutoService)'
2026-06-01 11:08:23.474 +03:00 [INF] Route matched with {action = "GetOrders", controller = "Order"}. Executing controller action with signature System.Threading.Tasks.Task`1[Microsoft.AspNetCore.Mvc.IActionResult] GetOrdersAsync() on controller AutoService.Controllers.OrderController (AutoService).
2026-06-01 11:08:23.485 +03:00 [INF] Executed DbCommand (7ms) [Parameters=[], CommandType='"Text"', CommandTimeout='30']
SELECT `o`.`Id`, `o`.`ClientId`, `o`.`Comment`, `o`.`CreatedAt`, `o`.`Status`, `o`.`TotalAmount`, `o`.`VehicleId`, `c`.`Id`, `c`.`Address`, `c`.`PhoneNumber`, `c`.`UserId`, `u`.`Id`, `u`.`Email`, `u`.`FullName`, `u`.`PasswordHash`, `u`.`Role`, `v`.`Id`, `v0`.`Id`, `v0`.`Model`, `v0`.`OwnerId`, `v0`.`RegistrationNumber`, `v0`.`VinNumber`, `v0`.`Year`, `v`.`Model`, `v`.`OwnerId`, `v`.`RegistrationNumber`, `v`.`VinNumber`, `v`.`Year`, `s0`.`Id`, `s0`.`EmployeeId`, `s0`.`OrderId`, `s0`.`PriceAtSale`, `s0`.`Quantity`, `s0`.`ServiceId`, `s0`.`Id0`, `s0`.`CategoryId`, `s0`.`Description`, `s0`.`Name`, `s0`.`Price`, `s1`.`Id`, `s1`.`DetailId`, `s1`.`OrderId`, `s1`.`PriceAtSale`, `s1`.`Quantity`, `s1`.`Id0`, `s1`.`CategoryId`, `s1`.`Description`, `s1`.`Name`, `s1`.`Price`
FROM `Orders` AS `o`
LEFT JOIN `Clients` AS `c` ON `o`.`ClientId` = `c`.`Id`
LEFT JOIN `Users` AS `u` ON `c`.`UserId` = `u`.`Id`
LEFT JOIN `Vehicles` AS `v` ON `o`.`VehicleId` = `v`.`Id`
LEFT JOIN `Vehicles` AS `v0` ON `c`.`Id` = `v0`.`OwnerId`
LEFT JOIN (
    SELECT `o0`.`Id`, `o0`.`EmployeeId`, `o0`.`OrderId`, `o0`.`PriceAtSale`, `o0`.`Quantity`, `o0`.`ServiceId`, `s`.`Id` AS `Id0`, `s`.`CategoryId`, `s`.`Description`, `s`.`Name`, `s`.`Price`
    FROM `OrderServices` AS `o0`
    INNER JOIN `Services` AS `s` ON `o0`.`ServiceId` = `s`.`Id`
) AS `s0` ON `o`.`Id` = `s0`.`OrderId`
LEFT JOIN (
    SELECT `o1`.`Id`, `o1`.`DetailId`, `o1`.`OrderId`, `o1`.`PriceAtSale`, `o1`.`Quantity`, `d`.`Id` AS `Id0`, `d`.`CategoryId`, `d`.`Description`, `d`.`Name`, `d`.`Price`
    FROM `OrderDetails` AS `o1`
    INNER JOIN `Details` AS `d` ON `o1`.`DetailId` = `d`.`Id`
) AS `s1` ON `o`.`Id` = `s1`.`OrderId`
ORDER BY `o`.`Id`, `c`.`Id`, `u`.`Id`, `v`.`Id`, `v0`.`Id`, `s0`.`Id`, `s0`.`Id0`, `s1`.`Id`
2026-06-01 11:08:23.491 +03:00 [INF] Executing OkObjectResult, writing value of type 'System.Linq.Enumerable+ListSelectIterator`2[[AutoService.Models.Order.Order, AutoService, Version=1.0.0.0, Culture=neutral, PublicKeyToken=null],[AutoService.DTOs.Order.OrderDto, AutoService, Version=1.0.0.0, Culture=neutral, PublicKeyToken=null]]'.
2026-06-01 11:08:23.492 +03:00 [INF] Executed action AutoService.Controllers.OrderController.GetOrdersAsync (AutoService) in 17.2861ms
2026-06-01 11:08:23.492 +03:00 [INF] Executed endpoint 'AutoService.Controllers.OrderController.GetOrdersAsync (AutoService)'
2026-06-01 11:08:23.492 +03:00 [INF] Request finished HTTP/1.1 GET http://localhost:5130/api/order/getOrders - 200 null application/json; charset=utf-8 18.3903ms
2026-06-01 11:08:23.791 +03:00 [INF] Request starting HTTP/1.1 GET http://localhost:5130/api/order/getOrders - application/json null
2026-06-01 11:08:23.791 +03:00 [INF] CORS policy execution successful.
2026-06-01 11:08:23.792 +03:00 [INF] Executing endpoint 'AutoService.Controllers.OrderController.GetOrdersAsync (AutoService)'
2026-06-01 11:08:23.792 +03:00 [INF] Route matched with {action = "GetOrders", controller = "Order"}. Executing controller action with signature System.Threading.Tasks.Task`1[Microsoft.AspNetCore.Mvc.IActionResult] GetOrdersAsync() on controller AutoService.Controllers.OrderController (AutoService).
2026-06-01 11:08:23.797 +03:00 [INF] Executed DbCommand (1ms) [Parameters=[], CommandType='"Text"', CommandTimeout='30']
SELECT `o`.`Id`, `o`.`ClientId`, `o`.`Comment`, `o`.`CreatedAt`, `o`.`Status`, `o`.`TotalAmount`, `o`.`VehicleId`, `c`.`Id`, `c`.`Address`, `c`.`PhoneNumber`, `c`.`UserId`, `u`.`Id`, `u`.`Email`, `u`.`FullName`, `u`.`PasswordHash`, `u`.`Role`, `v`.`Id`, `v0`.`Id`, `v0`.`Model`, `v0`.`OwnerId`, `v0`.`RegistrationNumber`, `v0`.`VinNumber`, `v0`.`Year`, `v`.`Model`, `v`.`OwnerId`, `v`.`RegistrationNumber`, `v`.`VinNumber`, `v`.`Year`, `s0`.`Id`, `s0`.`EmployeeId`, `s0`.`OrderId`, `s0`.`PriceAtSale`, `s0`.`Quantity`, `s0`.`ServiceId`, `s0`.`Id0`, `s0`.`CategoryId`, `s0`.`Description`, `s0`.`Name`, `s0`.`Price`, `s1`.`Id`, `s1`.`DetailId`, `s1`.`OrderId`, `s1`.`PriceAtSale`, `s1`.`Quantity`, `s1`.`Id0`, `s1`.`CategoryId`, `s1`.`Description`, `s1`.`Name`, `s1`.`Price`
FROM `Orders` AS `o`
LEFT JOIN `Clients` AS `c` ON `o`.`ClientId` = `c`.`Id`
LEFT JOIN `Users` AS `u` ON `c`.`UserId` = `u`.`Id`
LEFT JOIN `Vehicles` AS `v` ON `o`.`VehicleId` = `v`.`Id`
LEFT JOIN `Vehicles` AS `v0` ON `c`.`Id` = `v0`.`OwnerId`
LEFT JOIN (
    SELECT `o0`.`Id`, `o0`.`EmployeeId`, `o0`.`OrderId`, `o0`.`PriceAtSale`, `o0`.`Quantity`, `o0`.`ServiceId`, `s`.`Id` AS `Id0`, `s`.`CategoryId`, `s`.`Description`, `s`.`Name`, `s`.`Price`
    FROM `OrderServices` AS `o0`
    INNER JOIN `Services` AS `s` ON `o0`.`ServiceId` = `s`.`Id`
) AS `s0` ON `o`.`Id` = `s0`.`OrderId`
LEFT JOIN (
    SELECT `o1`.`Id`, `o1`.`DetailId`, `o1`.`OrderId`, `o1`.`PriceAtSale`, `o1`.`Quantity`, `d`.`Id` AS `Id0`, `d`.`CategoryId`, `d`.`Description`, `d`.`Name`, `d`.`Price`
    FROM `OrderDetails` AS `o1`
    INNER JOIN `Details` AS `d` ON `o1`.`DetailId` = `d`.`Id`
) AS `s1` ON `o`.`Id` = `s1`.`OrderId`
ORDER BY `o`.`Id`, `c`.`Id`, `u`.`Id`, `v`.`Id`, `v0`.`Id`, `s0`.`Id`, `s0`.`Id0`, `s1`.`Id`
2026-06-01 11:08:23.811 +03:00 [INF] Executing OkObjectResult, writing value of type 'System.Linq.Enumerable+ListSelectIterator`2[[AutoService.Models.Order.Order, AutoService, Version=1.0.0.0, Culture=neutral, PublicKeyToken=null],[AutoService.DTOs.Order.OrderDto, AutoService, Version=1.0.0.0, Culture=neutral, PublicKeyToken=null]]'.
2026-06-01 11:08:23.811 +03:00 [INF] Executed action AutoService.Controllers.OrderController.GetOrdersAsync (AutoService) in 18.8618ms
2026-06-01 11:08:23.811 +03:00 [INF] Executed endpoint 'AutoService.Controllers.OrderController.GetOrdersAsync (AutoService)'
2026-06-01 11:08:23.811 +03:00 [INF] Request finished HTTP/1.1 GET http://localhost:5130/api/order/getOrders - 200 null application/json; charset=utf-8 20.6657ms
2026-06-01 11:08:23.813 +03:00 [INF] Request starting HTTP/1.1 GET http://localhost:5130/api/order/getOrders - application/json null
2026-06-01 11:08:23.813 +03:00 [INF] CORS policy execution successful.
2026-06-01 11:08:23.813 +03:00 [INF] Executing endpoint 'AutoService.Controllers.OrderController.GetOrdersAsync (AutoService)'
2026-06-01 11:08:23.813 +03:00 [INF] Route matched with {action = "GetOrders", controller = "Order"}. Executing controller action with signature System.Threading.Tasks.Task`1[Microsoft.AspNetCore.Mvc.IActionResult] GetOrdersAsync() on controller AutoService.Controllers.OrderController (AutoService).
2026-06-01 11:08:23.818 +03:00 [INF] Executed DbCommand (1ms) [Parameters=[], CommandType='"Text"', CommandTimeout='30']
SELECT `o`.`Id`, `o`.`ClientId`, `o`.`Comment`, `o`.`CreatedAt`, `o`.`Status`, `o`.`TotalAmount`, `o`.`VehicleId`, `c`.`Id`, `c`.`Address`, `c`.`PhoneNumber`, `c`.`UserId`, `u`.`Id`, `u`.`Email`, `u`.`FullName`, `u`.`PasswordHash`, `u`.`Role`, `v`.`Id`, `v0`.`Id`, `v0`.`Model`, `v0`.`OwnerId`, `v0`.`RegistrationNumber`, `v0`.`VinNumber`, `v0`.`Year`, `v`.`Model`, `v`.`OwnerId`, `v`.`RegistrationNumber`, `v`.`VinNumber`, `v`.`Year`, `s0`.`Id`, `s0`.`EmployeeId`, `s0`.`OrderId`, `s0`.`PriceAtSale`, `s0`.`Quantity`, `s0`.`ServiceId`, `s0`.`Id0`, `s0`.`CategoryId`, `s0`.`Description`, `s0`.`Name`, `s0`.`Price`, `s1`.`Id`, `s1`.`DetailId`, `s1`.`OrderId`, `s1`.`PriceAtSale`, `s1`.`Quantity`, `s1`.`Id0`, `s1`.`CategoryId`, `s1`.`Description`, `s1`.`Name`, `s1`.`Price`
FROM `Orders` AS `o`
LEFT JOIN `Clients` AS `c` ON `o`.`ClientId` = `c`.`Id`
LEFT JOIN `Users` AS `u` ON `c`.`UserId` = `u`.`Id`
LEFT JOIN `Vehicles` AS `v` ON `o`.`VehicleId` = `v`.`Id`
LEFT JOIN `Vehicles` AS `v0` ON `c`.`Id` = `v0`.`OwnerId`
LEFT JOIN (
    SELECT `o0`.`Id`, `o0`.`EmployeeId`, `o0`.`OrderId`, `o0`.`PriceAtSale`, `o0`.`Quantity`, `o0`.`ServiceId`, `s`.`Id` AS `Id0`, `s`.`CategoryId`, `s`.`Description`, `s`.`Name`, `s`.`Price`
    FROM `OrderServices` AS `o0`
    INNER JOIN `Services` AS `s` ON `o0`.`ServiceId` = `s`.`Id`
) AS `s0` ON `o`.`Id` = `s0`.`OrderId`
LEFT JOIN (
    SELECT `o1`.`Id`, `o1`.`DetailId`, `o1`.`OrderId`, `o1`.`PriceAtSale`, `o1`.`Quantity`, `d`.`Id` AS `Id0`, `d`.`CategoryId`, `d`.`Description`, `d`.`Name`, `d`.`Price`
    FROM `OrderDetails` AS `o1`
    INNER JOIN `Details` AS `d` ON `o1`.`DetailId` = `d`.`Id`
) AS `s1` ON `o`.`Id` = `s1`.`OrderId`
ORDER BY `o`.`Id`, `c`.`Id`, `u`.`Id`, `v`.`Id`, `v0`.`Id`, `s0`.`Id`, `s0`.`Id0`, `s1`.`Id`
2026-06-01 11:08:23.822 +03:00 [INF] Executing OkObjectResult, writing value of type 'System.Linq.Enumerable+ListSelectIterator`2[[AutoService.Models.Order.Order, AutoService, Version=1.0.0.0, Culture=neutral, PublicKeyToken=null],[AutoService.DTOs.Order.OrderDto, AutoService, Version=1.0.0.0, Culture=neutral, PublicKeyToken=null]]'.
2026-06-01 11:08:23.823 +03:00 [INF] Executed action AutoService.Controllers.OrderController.GetOrdersAsync (AutoService) in 9.3645ms
2026-06-01 11:08:23.823 +03:00 [INF] Executed endpoint 'AutoService.Controllers.OrderController.GetOrdersAsync (AutoService)'
2026-06-01 11:08:23.823 +03:00 [INF] Request finished HTTP/1.1 GET http://localhost:5130/api/order/getOrders - 200 null application/json; charset=utf-8 10.3851ms
2026-06-01 11:08:51.843 +03:00 [INF] Request starting HTTP/1.1 OPTIONS http://localhost:5130/api/auth/login - null null
2026-06-01 11:08:51.844 +03:00 [INF] CORS policy execution successful.
2026-06-01 11:08:51.844 +03:00 [INF] Request finished HTTP/1.1 OPTIONS http://localhost:5130/api/auth/login - 204 null null 0.4021ms
2026-06-01 11:08:51.844 +03:00 [INF] Request starting HTTP/1.1 POST http://localhost:5130/api/auth/login - application/json 55
2026-06-01 11:08:51.845 +03:00 [INF] CORS policy execution successful.
2026-06-01 11:08:51.845 +03:00 [INF] Executing endpoint 'AutoService.Controllers.AuthController.Login (AutoService)'
2026-06-01 11:08:51.845 +03:00 [INF] Route matched with {action = "Login", controller = "Auth"}. Executing controller action with signature System.Threading.Tasks.Task`1[Microsoft.AspNetCore.Mvc.IActionResult] Login(AutoService.DTOs.Auth.LoginDto) on controller AutoService.Controllers.AuthController (AutoService).
2026-06-01 11:08:51.851 +03:00 [INF] Executed DbCommand (0ms) [Parameters=[@__dto_Email_0='?' (Size = 4000)], CommandType='"Text"', CommandTimeout='30']
SELECT `u`.`Id`, `u`.`Email`, `u`.`FullName`, `u`.`PasswordHash`, `u`.`Role`
FROM `Users` AS `u`
WHERE `u`.`Email` = @__dto_Email_0
LIMIT 1
2026-06-01 11:08:51.969 +03:00 [INF] [01-06-2026 11:08:51] Пользователь [Id: 2] успешно вошел в систему.
2026-06-01 11:08:51.969 +03:00 [INF] Executing OkObjectResult, writing value of type '<>f__AnonymousType0`5[[System.String, System.Private.CoreLib, Version=10.0.0.0, Culture=neutral, PublicKeyToken=7cec85d7bea7798e],[System.Int32, System.Private.CoreLib, Version=10.0.0.0, Culture=neutral, PublicKeyToken=7cec85d7bea7798e],[System.String, System.Private.CoreLib, Version=10.0.0.0, Culture=neutral, PublicKeyToken=7cec85d7bea7798e],[System.String, System.Private.CoreLib, Version=10.0.0.0, Culture=neutral, PublicKeyToken=7cec85d7bea7798e],[System.String, System.Private.CoreLib, Version=10.0.0.0, Culture=neutral, PublicKeyToken=7cec85d7bea7798e]]'.
2026-06-01 11:08:51.970 +03:00 [INF] Executed action AutoService.Controllers.AuthController.Login (AutoService) in 124.4816ms
2026-06-01 11:08:51.970 +03:00 [INF] Executed endpoint 'AutoService.Controllers.AuthController.Login (AutoService)'
2026-06-01 11:08:51.970 +03:00 [INF] Request finished HTTP/1.1 POST http://localhost:5130/api/auth/login - 200 null application/json; charset=utf-8 125.2675ms
2026-06-01 11:08:52.027 +03:00 [INF] Request starting HTTP/1.1 OPTIONS http://localhost:5130/api/order/getOrders - null null
2026-06-01 11:08:52.027 +03:00 [INF] CORS policy execution successful.
2026-06-01 11:08:52.027 +03:00 [INF] Request finished HTTP/1.1 OPTIONS http://localhost:5130/api/order/getOrders - 204 null null 0.4941ms
2026-06-01 11:08:52.032 +03:00 [INF] Request starting HTTP/1.1 GET http://localhost:5130/api/order/getOrders - application/json null
2026-06-01 11:08:52.033 +03:00 [INF] CORS policy execution successful.
2026-06-01 11:08:52.033 +03:00 [INF] Executing endpoint 'AutoService.Controllers.OrderController.GetOrdersAsync (AutoService)'
2026-06-01 11:08:52.033 +03:00 [INF] Route matched with {action = "GetOrders", controller = "Order"}. Executing controller action with signature System.Threading.Tasks.Task`1[Microsoft.AspNetCore.Mvc.IActionResult] GetOrdersAsync() on controller AutoService.Controllers.OrderController (AutoService).
2026-06-01 11:08:52.040 +03:00 [INF] Executed DbCommand (1ms) [Parameters=[], CommandType='"Text"', CommandTimeout='30']
SELECT `o`.`Id`, `o`.`ClientId`, `o`.`Comment`, `o`.`CreatedAt`, `o`.`Status`, `o`.`TotalAmount`, `o`.`VehicleId`, `c`.`Id`, `c`.`Address`, `c`.`PhoneNumber`, `c`.`UserId`, `u`.`Id`, `u`.`Email`, `u`.`FullName`, `u`.`PasswordHash`, `u`.`Role`, `v`.`Id`, `v0`.`Id`, `v0`.`Model`, `v0`.`OwnerId`, `v0`.`RegistrationNumber`, `v0`.`VinNumber`, `v0`.`Year`, `v`.`Model`, `v`.`OwnerId`, `v`.`RegistrationNumber`, `v`.`VinNumber`, `v`.`Year`, `s0`.`Id`, `s0`.`EmployeeId`, `s0`.`OrderId`, `s0`.`PriceAtSale`, `s0`.`Quantity`, `s0`.`ServiceId`, `s0`.`Id0`, `s0`.`CategoryId`, `s0`.`Description`, `s0`.`Name`, `s0`.`Price`, `s1`.`Id`, `s1`.`DetailId`, `s1`.`OrderId`, `s1`.`PriceAtSale`, `s1`.`Quantity`, `s1`.`Id0`, `s1`.`CategoryId`, `s1`.`Description`, `s1`.`Name`, `s1`.`Price`
FROM `Orders` AS `o`
LEFT JOIN `Clients` AS `c` ON `o`.`ClientId` = `c`.`Id`
LEFT JOIN `Users` AS `u` ON `c`.`UserId` = `u`.`Id`
LEFT JOIN `Vehicles` AS `v` ON `o`.`VehicleId` = `v`.`Id`
LEFT JOIN `Vehicles` AS `v0` ON `c`.`Id` = `v0`.`OwnerId`
LEFT JOIN (
    SELECT `o0`.`Id`, `o0`.`EmployeeId`, `o0`.`OrderId`, `o0`.`PriceAtSale`, `o0`.`Quantity`, `o0`.`ServiceId`, `s`.`Id` AS `Id0`, `s`.`CategoryId`, `s`.`Description`, `s`.`Name`, `s`.`Price`
    FROM `OrderServices` AS `o0`
    INNER JOIN `Services` AS `s` ON `o0`.`ServiceId` = `s`.`Id`
) AS `s0` ON `o`.`Id` = `s0`.`OrderId`
LEFT JOIN (
    SELECT `o1`.`Id`, `o1`.`DetailId`, `o1`.`OrderId`, `o1`.`PriceAtSale`, `o1`.`Quantity`, `d`.`Id` AS `Id0`, `d`.`CategoryId`, `d`.`Description`, `d`.`Name`, `d`.`Price`
    FROM `OrderDetails` AS `o1`
    INNER JOIN `Details` AS `d` ON `o1`.`DetailId` = `d`.`Id`
) AS `s1` ON `o`.`Id` = `s1`.`OrderId`
ORDER BY `o`.`Id`, `c`.`Id`, `u`.`Id`, `v`.`Id`, `v0`.`Id`, `s0`.`Id`, `s0`.`Id0`, `s1`.`Id`
2026-06-01 11:08:52.046 +03:00 [INF] Executing OkObjectResult, writing value of type 'System.Linq.Enumerable+ListSelectIterator`2[[AutoService.Models.Order.Order, AutoService, Version=1.0.0.0, Culture=neutral, PublicKeyToken=null],[AutoService.DTOs.Order.OrderDto, AutoService, Version=1.0.0.0, Culture=neutral, PublicKeyToken=null]]'.
2026-06-01 11:08:52.047 +03:00 [INF] Executed action AutoService.Controllers.OrderController.GetOrdersAsync (AutoService) in 13.2848ms
2026-06-01 11:08:52.047 +03:00 [INF] Executed endpoint 'AutoService.Controllers.OrderController.GetOrdersAsync (AutoService)'
2026-06-01 11:08:52.047 +03:00 [INF] Request finished HTTP/1.1 GET http://localhost:5130/api/order/getOrders - 200 null application/json; charset=utf-8 14.4682ms
2026-06-01 11:08:52.051 +03:00 [INF] Request starting HTTP/1.1 GET http://localhost:5130/api/order/getOrders - application/json null
2026-06-01 11:08:52.052 +03:00 [INF] CORS policy execution successful.
2026-06-01 11:08:52.052 +03:00 [INF] Executing endpoint 'AutoService.Controllers.OrderController.GetOrdersAsync (AutoService)'
2026-06-01 11:08:52.052 +03:00 [INF] Route matched with {action = "GetOrders", controller = "Order"}. Executing controller action with signature System.Threading.Tasks.Task`1[Microsoft.AspNetCore.Mvc.IActionResult] GetOrdersAsync() on controller AutoService.Controllers.OrderController (AutoService).
2026-06-01 11:08:52.059 +03:00 [INF] Executed DbCommand (2ms) [Parameters=[], CommandType='"Text"', CommandTimeout='30']
SELECT `o`.`Id`, `o`.`ClientId`, `o`.`Comment`, `o`.`CreatedAt`, `o`.`Status`, `o`.`TotalAmount`, `o`.`VehicleId`, `c`.`Id`, `c`.`Address`, `c`.`PhoneNumber`, `c`.`UserId`, `u`.`Id`, `u`.`Email`, `u`.`FullName`, `u`.`PasswordHash`, `u`.`Role`, `v`.`Id`, `v0`.`Id`, `v0`.`Model`, `v0`.`OwnerId`, `v0`.`RegistrationNumber`, `v0`.`VinNumber`, `v0`.`Year`, `v`.`Model`, `v`.`OwnerId`, `v`.`RegistrationNumber`, `v`.`VinNumber`, `v`.`Year`, `s0`.`Id`, `s0`.`EmployeeId`, `s0`.`OrderId`, `s0`.`PriceAtSale`, `s0`.`Quantity`, `s0`.`ServiceId`, `s0`.`Id0`, `s0`.`CategoryId`, `s0`.`Description`, `s0`.`Name`, `s0`.`Price`, `s1`.`Id`, `s1`.`DetailId`, `s1`.`OrderId`, `s1`.`PriceAtSale`, `s1`.`Quantity`, `s1`.`Id0`, `s1`.`CategoryId`, `s1`.`Description`, `s1`.`Name`, `s1`.`Price`
FROM `Orders` AS `o`
LEFT JOIN `Clients` AS `c` ON `o`.`ClientId` = `c`.`Id`
LEFT JOIN `Users` AS `u` ON `c`.`UserId` = `u`.`Id`
LEFT JOIN `Vehicles` AS `v` ON `o`.`VehicleId` = `v`.`Id`
LEFT JOIN `Vehicles` AS `v0` ON `c`.`Id` = `v0`.`OwnerId`
LEFT JOIN (
    SELECT `o0`.`Id`, `o0`.`EmployeeId`, `o0`.`OrderId`, `o0`.`PriceAtSale`, `o0`.`Quantity`, `o0`.`ServiceId`, `s`.`Id` AS `Id0`, `s`.`CategoryId`, `s`.`Description`, `s`.`Name`, `s`.`Price`
    FROM `OrderServices` AS `o0`
    INNER JOIN `Services` AS `s` ON `o0`.`ServiceId` = `s`.`Id`
) AS `s0` ON `o`.`Id` = `s0`.`OrderId`
LEFT JOIN (
    SELECT `o1`.`Id`, `o1`.`DetailId`, `o1`.`OrderId`, `o1`.`PriceAtSale`, `o1`.`Quantity`, `d`.`Id` AS `Id0`, `d`.`CategoryId`, `d`.`Description`, `d`.`Name`, `d`.`Price`
    FROM `OrderDetails` AS `o1`
    INNER JOIN `Details` AS `d` ON `o1`.`DetailId` = `d`.`Id`
) AS `s1` ON `o`.`Id` = `s1`.`OrderId`
ORDER BY `o`.`Id`, `c`.`Id`, `u`.`Id`, `v`.`Id`, `v0`.`Id`, `s0`.`Id`, `s0`.`Id0`, `s1`.`Id`
2026-06-01 11:08:52.066 +03:00 [INF] Executing OkObjectResult, writing value of type 'System.Linq.Enumerable+ListSelectIterator`2[[AutoService.Models.Order.Order, AutoService, Version=1.0.0.0, Culture=neutral, PublicKeyToken=null],[AutoService.DTOs.Order.OrderDto, AutoService, Version=1.0.0.0, Culture=neutral, PublicKeyToken=null]]'.
2026-06-01 11:08:52.066 +03:00 [INF] Executed action AutoService.Controllers.OrderController.GetOrdersAsync (AutoService) in 13.7382ms
2026-06-01 11:08:52.066 +03:00 [INF] Executed endpoint 'AutoService.Controllers.OrderController.GetOrdersAsync (AutoService)'
2026-06-01 11:08:52.067 +03:00 [INF] Request finished HTTP/1.1 GET http://localhost:5130/api/order/getOrders - 200 null application/json; charset=utf-8 15.3607ms
2026-06-01 11:08:53.245 +03:00 [INF] Request starting HTTP/1.1 OPTIONS http://localhost:5130/api/log/download - null null
2026-06-01 11:08:53.246 +03:00 [INF] CORS policy execution successful.
2026-06-01 11:08:53.246 +03:00 [INF] Request finished HTTP/1.1 OPTIONS http://localhost:5130/api/log/download - 204 null null 0.6963ms
2026-06-01 11:08:53.247 +03:00 [INF] Request starting HTTP/1.1 GET http://localhost:5130/api/log/download - null null
2026-06-01 11:08:53.247 +03:00 [INF] CORS policy execution successful.
2026-06-01 11:08:53.248 +03:00 [INF] Executing endpoint 'AutoService.Controllers.LogController.Download (AutoService)'
2026-06-01 11:08:53.248 +03:00 [INF] Route matched with {action = "Download", controller = "Log"}. Executing controller action with signature Microsoft.AspNetCore.Mvc.IActionResult Download() on controller AutoService.Controllers.LogController (AutoService).
2026-06-01 11:08:53.248 +03:00 [INF] Executing PhysicalFileResult, sending file '/home/user/AutoService/AutoService/logs/autoservice-20260601.log' with download name 'logs.txt' ...
2026-06-01 11:08:53.249 +03:00 [INF] Executed action AutoService.Controllers.LogController.Download (AutoService) in 1.4577ms
2026-06-01 11:08:53.250 +03:00 [INF] Executed endpoint 'AutoService.Controllers.LogController.Download (AutoService)'
2026-06-01 11:08:53.250 +03:00 [ERR] An unhandled exception has occurred while executing the request.
System.InvalidOperationException: Response Content-Length mismatch: too many bytes written (80949 of 80768).
   at Microsoft.AspNetCore.Server.Kestrel.Core.Internal.Http.HttpProtocol.VerifyAndUpdateWrite(Int32 count)
   at Microsoft.AspNetCore.Server.Kestrel.Core.Internal.Http.HttpProtocol.WritePipeAsync(ReadOnlyMemory`1 data, CancellationToken cancellationToken)
   at Microsoft.AspNetCore.Server.Kestrel.Core.Internal.Http.HttpResponseStream.WriteAsync(ReadOnlyMemory`1 source, CancellationToken cancellationToken)
   at Microsoft.AspNetCore.Http.StreamCopyOperationInternal.CopyToAsync(Stream source, Stream destination, Nullable`1 count, Int32 bufferSize, CancellationToken cancel)
   at Microsoft.AspNetCore.Http.SendFileFallback.SendFileAsync(Stream destination, String filePath, Int64 offset, Nullable`1 count, CancellationToken cancellationToken)
   at Microsoft.AspNetCore.Http.SendFileResponseExtensions.SendFileAsyncCore(HttpResponse response, String fileName, Int64 offset, Nullable`1 count, CancellationToken cancellationToken)
   at Microsoft.AspNetCore.Mvc.Infrastructure.ResourceInvoker.<InvokeNextResultFilterAsync>g__Awaited|30_0[TFilter,TFilterAsync](ResourceInvoker invoker, Task lastTask, State next, Scope scope, Object state, Boolean isCompleted)
   at Microsoft.AspNetCore.Mvc.Infrastructure.ResourceInvoker.Rethrow(ResultExecutedContextSealed context)
   at Microsoft.AspNetCore.Mvc.Infrastructure.ResourceInvoker.ResultNext[TFilter,TFilterAsync](State& next, Scope& scope, Object& state, Boolean& isCompleted)
   at Microsoft.AspNetCore.Mvc.Infrastructure.ResourceInvoker.<InvokeResultFilters>g__Awaited|28_0(ResourceInvoker invoker, Task lastTask, State next, Scope scope, Object state, Boolean isCompleted)
   at Microsoft.AspNetCore.Mvc.Infrastructure.ResourceInvoker.<InvokeFilterPipelineAsync>g__Awaited|20_0(ResourceInvoker invoker, Task lastTask, State next, Scope scope, Object state, Boolean isCompleted)
   at Microsoft.AspNetCore.Mvc.Infrastructure.ResourceInvoker.<InvokeAsync>g__Logged|17_1(ResourceInvoker invoker)
   at Microsoft.AspNetCore.Mvc.Infrastructure.ResourceInvoker.<InvokeAsync>g__Logged|17_1(ResourceInvoker invoker)
   at Microsoft.AspNetCore.Routing.EndpointMiddleware.<Invoke>g__AwaitRequestTask|7_0(Endpoint endpoint, Task requestTask, ILogger logger)
   at Microsoft.AspNetCore.Authorization.AuthorizationMiddleware.Invoke(HttpContext context)
   at Microsoft.AspNetCore.Authentication.AuthenticationMiddleware.Invoke(HttpContext context)
   at Microsoft.AspNetCore.Diagnostics.DeveloperExceptionPageMiddlewareImpl.Invoke(HttpContext context)
2026-06-01 11:08:53.251 +03:00 [WRN] The response has already started, the error page middleware will not be executed.
2026-06-01 11:08:53.251 +03:00 [ERR] Connection id "0HNLVMITGTGVO", Request id "0HNLVMITGTGVO:00000013": An unhandled exception was thrown by the application.
System.InvalidOperationException: Response Content-Length mismatch: too many bytes written (80949 of 80768).
   at Microsoft.AspNetCore.Server.Kestrel.Core.Internal.Http.HttpProtocol.VerifyAndUpdateWrite(Int32 count)
   at Microsoft.AspNetCore.Server.Kestrel.Core.Internal.Http.HttpProtocol.WritePipeAsync(ReadOnlyMemory`1 data, CancellationToken cancellationToken)
   at Microsoft.AspNetCore.Server.Kestrel.Core.Internal.Http.HttpResponseStream.WriteAsync(ReadOnlyMemory`1 source, CancellationToken cancellationToken)
   at Microsoft.AspNetCore.Http.StreamCopyOperationInternal.CopyToAsync(Stream source, Stream destination, Nullable`1 count, Int32 bufferSize, CancellationToken cancel)
   at Microsoft.AspNetCore.Http.SendFileFallback.SendFileAsync(Stream destination, String filePath, Int64 offset, Nullable`1 count, CancellationToken cancellationToken)
   at Microsoft.AspNetCore.Http.SendFileResponseExtensions.SendFileAsyncCore(HttpResponse response, String fileName, Int64 offset, Nullable`1 count, CancellationToken cancellationToken)
   at Microsoft.AspNetCore.Mvc.Infrastructure.ResourceInvoker.<InvokeNextResultFilterAsync>g__Awaited|30_0[TFilter,TFilterAsync](ResourceInvoker invoker, Task lastTask, State next, Scope scope, Object state, Boolean isCompleted)
   at Microsoft.AspNetCore.Mvc.Infrastructure.ResourceInvoker.Rethrow(ResultExecutedContextSealed context)
   at Microsoft.AspNetCore.Mvc.Infrastructure.ResourceInvoker.ResultNext[TFilter,TFilterAsync](State& next, Scope& scope, Object& state, Boolean& isCompleted)
   at Microsoft.AspNetCore.Mvc.Infrastructure.ResourceInvoker.<InvokeResultFilters>g__Awaited|28_0(ResourceInvoker invoker, Task lastTask, State next, Scope scope, Object state, Boolean isCompleted)
   at Microsoft.AspNetCore.Mvc.Infrastructure.ResourceInvoker.<InvokeFilterPipelineAsync>g__Awaited|20_0(ResourceInvoker invoker, Task lastTask, State next, Scope scope, Object state, Boolean isCompleted)
   at Microsoft.AspNetCore.Mvc.Infrastructure.ResourceInvoker.<InvokeAsync>g__Logged|17_1(ResourceInvoker invoker)
   at Microsoft.AspNetCore.Mvc.Infrastructure.ResourceInvoker.<InvokeAsync>g__Logged|17_1(ResourceInvoker invoker)
   at Microsoft.AspNetCore.Routing.EndpointMiddleware.<Invoke>g__AwaitRequestTask|7_0(Endpoint endpoint, Task requestTask, ILogger logger)
   at Microsoft.AspNetCore.Authorization.AuthorizationMiddleware.Invoke(HttpContext context)
   at Microsoft.AspNetCore.Authentication.AuthenticationMiddleware.Invoke(HttpContext context)
   at Microsoft.AspNetCore.Diagnostics.DeveloperExceptionPageMiddlewareImpl.Invoke(HttpContext context)
   at Microsoft.AspNetCore.Diagnostics.DeveloperExceptionPageMiddlewareImpl.Invoke(HttpContext context)
   at Microsoft.AspNetCore.Server.Kestrel.Core.Internal.Http.HttpProtocol.ProcessRequests[TContext](IHttpApplication`1 application)
2026-06-01 11:08:53.252 +03:00 [INF] Request finished HTTP/1.1 GET http://localhost:5130/api/log/download - 200 80768 text/plain 5.4284ms
2026-06-01 11:08:53.656 +03:00 [INF] Request starting HTTP/1.1 GET http://localhost:5130/api/log/download - null null
2026-06-01 11:08:53.656 +03:00 [INF] CORS policy execution successful.
2026-06-01 11:08:53.657 +03:00 [INF] Executing endpoint 'AutoService.Controllers.LogController.Download (AutoService)'
2026-06-01 11:08:53.657 +03:00 [INF] Route matched with {action = "Download", controller = "Log"}. Executing controller action with signature Microsoft.AspNetCore.Mvc.IActionResult Download() on controller AutoService.Controllers.LogController (AutoService).
2026-06-01 11:08:53.657 +03:00 [INF] Executing PhysicalFileResult, sending file '/home/user/AutoService/AutoService/logs/autoservice-20260601.log' with download name 'logs.txt' ...
2026-06-01 11:08:53.658 +03:00 [INF] Executed action AutoService.Controllers.LogController.Download (AutoService) in 0.8581ms
2026-06-01 11:08:53.658 +03:00 [INF] Executed endpoint 'AutoService.Controllers.LogController.Download (AutoService)'
2026-06-01 11:08:53.658 +03:00 [ERR] An unhandled exception has occurred while executing the request.
System.InvalidOperationException: Response Content-Length mismatch: too many bytes written (87901 of 87720).
   at Microsoft.AspNetCore.Server.Kestrel.Core.Internal.Http.HttpProtocol.VerifyAndUpdateWrite(Int32 count)
   at Microsoft.AspNetCore.Server.Kestrel.Core.Internal.Http.HttpProtocol.WritePipeAsync(ReadOnlyMemory`1 data, CancellationToken cancellationToken)
   at Microsoft.AspNetCore.Server.Kestrel.Core.Internal.Http.HttpResponseStream.WriteAsync(ReadOnlyMemory`1 source, CancellationToken cancellationToken)
   at Microsoft.AspNetCore.Http.StreamCopyOperationInternal.CopyToAsync(Stream source, Stream destination, Nullable`1 count, Int32 bufferSize, CancellationToken cancel)
   at Microsoft.AspNetCore.Http.SendFileFallback.SendFileAsync(Stream destination, String filePath, Int64 offset, Nullable`1 count, CancellationToken cancellationToken)
   at Microsoft.AspNetCore.Http.SendFileResponseExtensions.SendFileAsyncCore(HttpResponse response, String fileName, Int64 offset, Nullable`1 count, CancellationToken cancellationToken)
   at Microsoft.AspNetCore.Mvc.Infrastructure.ResourceInvoker.<InvokeNextResultFilterAsync>g__Awaited|30_0[TFilter,TFilterAsync](ResourceInvoker invoker, Task lastTask, State next, Scope scope, Object state, Boolean isCompleted)
   at Microsoft.AspNetCore.Mvc.Infrastructure.ResourceInvoker.Rethrow(ResultExecutedContextSealed context)
   at Microsoft.AspNetCore.Mvc.Infrastructure.ResourceInvoker.ResultNext[TFilter,TFilterAsync](State& next, Scope& scope, Object& state, Boolean& isCompleted)
   at Microsoft.AspNetCore.Mvc.Infrastructure.ResourceInvoker.<InvokeResultFilters>g__Awaited|28_0(ResourceInvoker invoker, Task lastTask, State next, Scope scope, Object state, Boolean isCompleted)
   at Microsoft.AspNetCore.Mvc.Infrastructure.ResourceInvoker.<InvokeFilterPipelineAsync>g__Awaited|20_0(ResourceInvoker invoker, Task lastTask, State next, Scope scope, Object state, Boolean isCompleted)
   at Microsoft.AspNetCore.Mvc.Infrastructure.ResourceInvoker.<InvokeAsync>g__Logged|17_1(ResourceInvoker invoker)
   at Microsoft.AspNetCore.Mvc.Infrastructure.ResourceInvoker.<InvokeAsync>g__Logged|17_1(ResourceInvoker invoker)
   at Microsoft.AspNetCore.Routing.EndpointMiddleware.<Invoke>g__AwaitRequestTask|7_0(Endpoint endpoint, Task requestTask, ILogger logger)
   at Microsoft.AspNetCore.Authorization.AuthorizationMiddleware.Invoke(HttpContext context)
   at Microsoft.AspNetCore.Authentication.AuthenticationMiddleware.Invoke(HttpContext context)
   at Microsoft.AspNetCore.Diagnostics.DeveloperExceptionPageMiddlewareImpl.Invoke(HttpContext context)
2026-06-01 11:08:53.660 +03:00 [WRN] The response has already started, the error page middleware will not be executed.
2026-06-01 11:08:53.660 +03:00 [ERR] Connection id "0HNLVMITGTGVP", Request id "0HNLVMITGTGVP:00000001": An unhandled exception was thrown by the application.
System.InvalidOperationException: Response Content-Length mismatch: too many bytes written (87901 of 87720).
   at Microsoft.AspNetCore.Server.Kestrel.Core.Internal.Http.HttpProtocol.VerifyAndUpdateWrite(Int32 count)
   at Microsoft.AspNetCore.Server.Kestrel.Core.Internal.Http.HttpProtocol.WritePipeAsync(ReadOnlyMemory`1 data, CancellationToken cancellationToken)
   at Microsoft.AspNetCore.Server.Kestrel.Core.Internal.Http.HttpResponseStream.WriteAsync(ReadOnlyMemory`1 source, CancellationToken cancellationToken)
   at Microsoft.AspNetCore.Http.StreamCopyOperationInternal.CopyToAsync(Stream source, Stream destination, Nullable`1 count, Int32 bufferSize, CancellationToken cancel)
   at Microsoft.AspNetCore.Http.SendFileFallback.SendFileAsync(Stream destination, String filePath, Int64 offset, Nullable`1 count, CancellationToken cancellationToken)
   at Microsoft.AspNetCore.Http.SendFileResponseExtensions.SendFileAsyncCore(HttpResponse response, String fileName, Int64 offset, Nullable`1 count, CancellationToken cancellationToken)
   at Microsoft.AspNetCore.Mvc.Infrastructure.ResourceInvoker.<InvokeNextResultFilterAsync>g__Awaited|30_0[TFilter,TFilterAsync](ResourceInvoker invoker, Task lastTask, State next, Scope scope, Object state, Boolean isCompleted)
   at Microsoft.AspNetCore.Mvc.Infrastructure.ResourceInvoker.Rethrow(ResultExecutedContextSealed context)
   at Microsoft.AspNetCore.Mvc.Infrastructure.ResourceInvoker.ResultNext[TFilter,TFilterAsync](State& next, Scope& scope, Object& state, Boolean& isCompleted)
   at Microsoft.AspNetCore.Mvc.Infrastructure.ResourceInvoker.<InvokeResultFilters>g__Awaited|28_0(ResourceInvoker invoker, Task lastTask, State next, Scope scope, Object state, Boolean isCompleted)
   at Microsoft.AspNetCore.Mvc.Infrastructure.ResourceInvoker.<InvokeFilterPipelineAsync>g__Awaited|20_0(ResourceInvoker invoker, Task lastTask, State next, Scope scope, Object state, Boolean isCompleted)
   at Microsoft.AspNetCore.Mvc.Infrastructure.ResourceInvoker.<InvokeAsync>g__Logged|17_1(ResourceInvoker invoker)
   at Microsoft.AspNetCore.Mvc.Infrastructure.ResourceInvoker.<InvokeAsync>g__Logged|17_1(ResourceInvoker invoker)
   at Microsoft.AspNetCore.Routing.EndpointMiddleware.<Invoke>g__AwaitRequestTask|7_0(Endpoint endpoint, Task requestTask, ILogger logger)
   at Microsoft.AspNetCore.Authorization.AuthorizationMiddleware.Invoke(HttpContext context)
   at Microsoft.AspNetCore.Authentication.AuthenticationMiddleware.Invoke(HttpContext context)
   at Microsoft.AspNetCore.Diagnostics.DeveloperExceptionPageMiddlewareImpl.Invoke(HttpContext context)
   at Microsoft.AspNetCore.Diagnostics.DeveloperExceptionPageMiddlewareImpl.Invoke(HttpContext context)
   at Microsoft.AspNetCore.Server.Kestrel.Core.Internal.Http.HttpProtocol.ProcessRequests[TContext](IHttpApplication`1 application)
2026-06-01 11:08:53.661 +03:00 [INF] Request finished HTTP/1.1 GET http://localhost:5130/api/log/download - 200 87720 text/plain 4.4465ms
2026-06-01 11:08:58.437 +03:00 [INF] Request starting HTTP/1.1 OPTIONS http://localhost:5130/api/log/download - null null
2026-06-01 11:08:58.437 +03:00 [INF] CORS policy execution successful.
2026-06-01 11:08:58.437 +03:00 [INF] Request finished HTTP/1.1 OPTIONS http://localhost:5130/api/log/download - 204 null null 0.3178ms
2026-06-01 11:08:58.438 +03:00 [INF] Request starting HTTP/1.1 GET http://localhost:5130/api/log/download - null null
2026-06-01 11:08:58.439 +03:00 [INF] CORS policy execution successful.
2026-06-01 11:08:58.439 +03:00 [INF] Executing endpoint 'AutoService.Controllers.LogController.Download (AutoService)'
2026-06-01 11:08:58.439 +03:00 [INF] Route matched with {action = "Download", controller = "Log"}. Executing controller action with signature Microsoft.AspNetCore.Mvc.IActionResult Download() on controller AutoService.Controllers.LogController (AutoService).
2026-06-01 11:08:58.439 +03:00 [INF] Executing PhysicalFileResult, sending file '/home/user/AutoService/AutoService/logs/autoservice-20260601.log' with download name 'logs.txt' ...
2026-06-01 11:08:58.440 +03:00 [INF] Executed action AutoService.Controllers.LogController.Download (AutoService) in 0.5894ms
2026-06-01 11:08:58.440 +03:00 [INF] Executed endpoint 'AutoService.Controllers.LogController.Download (AutoService)'
2026-06-01 11:08:58.440 +03:00 [ERR] An unhandled exception has occurred while executing the request.
System.InvalidOperationException: Response Content-Length mismatch: too many bytes written (95181 of 95000).
   at Microsoft.AspNetCore.Server.Kestrel.Core.Internal.Http.HttpProtocol.VerifyAndUpdateWrite(Int32 count)
   at Microsoft.AspNetCore.Server.Kestrel.Core.Internal.Http.HttpProtocol.WritePipeAsync(ReadOnlyMemory`1 data, CancellationToken cancellationToken)
   at Microsoft.AspNetCore.Server.Kestrel.Core.Internal.Http.HttpResponseStream.WriteAsync(ReadOnlyMemory`1 source, CancellationToken cancellationToken)
   at Microsoft.AspNetCore.Http.StreamCopyOperationInternal.CopyToAsync(Stream source, Stream destination, Nullable`1 count, Int32 bufferSize, CancellationToken cancel)
   at Microsoft.AspNetCore.Http.SendFileFallback.SendFileAsync(Stream destination, String filePath, Int64 offset, Nullable`1 count, CancellationToken cancellationToken)
   at Microsoft.AspNetCore.Http.SendFileResponseExtensions.SendFileAsyncCore(HttpResponse response, String fileName, Int64 offset, Nullable`1 count, CancellationToken cancellationToken)
   at Microsoft.AspNetCore.Mvc.Infrastructure.ResourceInvoker.<InvokeNextResultFilterAsync>g__Awaited|30_0[TFilter,TFilterAsync](ResourceInvoker invoker, Task lastTask, State next, Scope scope, Object state, Boolean isCompleted)
   at Microsoft.AspNetCore.Mvc.Infrastructure.ResourceInvoker.Rethrow(ResultExecutedContextSealed context)
   at Microsoft.AspNetCore.Mvc.Infrastructure.ResourceInvoker.ResultNext[TFilter,TFilterAsync](State& next, Scope& scope, Object& state, Boolean& isCompleted)
   at Microsoft.AspNetCore.Mvc.Infrastructure.ResourceInvoker.<InvokeResultFilters>g__Awaited|28_0(ResourceInvoker invoker, Task lastTask, State next, Scope scope, Object state, Boolean isCompleted)
   at Microsoft.AspNetCore.Mvc.Infrastructure.ResourceInvoker.<InvokeFilterPipelineAsync>g__Awaited|20_0(ResourceInvoker invoker, Task lastTask, State next, Scope scope, Object state, Boolean isCompleted)
   at Microsoft.AspNetCore.Mvc.Infrastructure.ResourceInvoker.<InvokeAsync>g__Logged|17_1(ResourceInvoker invoker)
   at Microsoft.AspNetCore.Mvc.Infrastructure.ResourceInvoker.<InvokeAsync>g__Logged|17_1(ResourceInvoker invoker)
   at Microsoft.AspNetCore.Routing.EndpointMiddleware.<Invoke>g__AwaitRequestTask|7_0(Endpoint endpoint, Task requestTask, ILogger logger)
   at Microsoft.AspNetCore.Authorization.AuthorizationMiddleware.Invoke(HttpContext context)
   at Microsoft.AspNetCore.Authentication.AuthenticationMiddleware.Invoke(HttpContext context)
   at Microsoft.AspNetCore.Diagnostics.DeveloperExceptionPageMiddlewareImpl.Invoke(HttpContext context)
2026-06-01 11:08:58.441 +03:00 [WRN] The response has already started, the error page middleware will not be executed.
2026-06-01 11:08:58.441 +03:00 [ERR] Connection id "0HNLVMITGTGVQ", Request id "0HNLVMITGTGVQ:00000002": An unhandled exception was thrown by the application.
System.InvalidOperationException: Response Content-Length mismatch: too many bytes written (95181 of 95000).
   at Microsoft.AspNetCore.Server.Kestrel.Core.Internal.Http.HttpProtocol.VerifyAndUpdateWrite(Int32 count)
   at Microsoft.AspNetCore.Server.Kestrel.Core.Internal.Http.HttpProtocol.WritePipeAsync(ReadOnlyMemory`1 data, CancellationToken cancellationToken)
   at Microsoft.AspNetCore.Server.Kestrel.Core.Internal.Http.HttpResponseStream.WriteAsync(ReadOnlyMemory`1 source, CancellationToken cancellationToken)
   at Microsoft.AspNetCore.Http.StreamCopyOperationInternal.CopyToAsync(Stream source, Stream destination, Nullable`1 count, Int32 bufferSize, CancellationToken cancel)
   at Microsoft.AspNetCore.Http.SendFileFallback.SendFileAsync(Stream destination, String filePath, Int64 offset, Nullable`1 count, CancellationToken cancellationToken)
   at Microsoft.AspNetCore.Http.SendFileResponseExtensions.SendFileAsyncCore(HttpResponse response, String fileName, Int64 offset, Nullable`1 count, CancellationToken cancellationToken)
   at Microsoft.AspNetCore.Mvc.Infrastructure.ResourceInvoker.<InvokeNextResultFilterAsync>g__Awaited|30_0[TFilter,TFilterAsync](ResourceInvoker invoker, Task lastTask, State next, Scope scope, Object state, Boolean isCompleted)
   at Microsoft.AspNetCore.Mvc.Infrastructure.ResourceInvoker.Rethrow(ResultExecutedContextSealed context)
   at Microsoft.AspNetCore.Mvc.Infrastructure.ResourceInvoker.ResultNext[TFilter,TFilterAsync](State& next, Scope& scope, Object& state, Boolean& isCompleted)
   at Microsoft.AspNetCore.Mvc.Infrastructure.ResourceInvoker.<InvokeResultFilters>g__Awaited|28_0(ResourceInvoker invoker, Task lastTask, State next, Scope scope, Object state, Boolean isCompleted)
   at Microsoft.AspNetCore.Mvc.Infrastructure.ResourceInvoker.<InvokeFilterPipelineAsync>g__Awaited|20_0(ResourceInvoker invoker, Task lastTask, State next, Scope scope, Object state, Boolean isCompleted)
   at Microsoft.AspNetCore.Mvc.Infrastructure.ResourceInvoker.<InvokeAsync>g__Logged|17_1(ResourceInvoker invoker)
   at Microsoft.AspNetCore.Mvc.Infrastructure.ResourceInvoker.<InvokeAsync>g__Logged|17_1(ResourceInvoker invoker)
   at Microsoft.AspNetCore.Routing.EndpointMiddleware.<Invoke>g__AwaitRequestTask|7_0(Endpoint endpoint, Task requestTask, ILogger logger)
   at Microsoft.AspNetCore.Authorization.AuthorizationMiddleware.Invoke(HttpContext context)
   at Microsoft.AspNetCore.Authentication.AuthenticationMiddleware.Invoke(HttpContext context)
   at Microsoft.AspNetCore.Diagnostics.DeveloperExceptionPageMiddlewareImpl.Invoke(HttpContext context)
   at Microsoft.AspNetCore.Diagnostics.DeveloperExceptionPageMiddlewareImpl.Invoke(HttpContext context)
   at Microsoft.AspNetCore.Server.Kestrel.Core.Internal.Http.HttpProtocol.ProcessRequests[TContext](IHttpApplication`1 application)
2026-06-01 11:08:58.442 +03:00 [INF] Request finished HTTP/1.1 GET http://localhost:5130/api/log/download - 200 95000 text/plain 3.1732ms
2026-06-01 11:08:58.635 +03:00 [INF] Request starting HTTP/1.1 GET http://localhost:5130/api/log/download - null null
2026-06-01 11:08:58.635 +03:00 [INF] CORS policy execution successful.
2026-06-01 11:08:58.636 +03:00 [INF] Executing endpoint 'AutoService.Controllers.LogController.Download (AutoService)'
2026-06-01 11:08:58.636 +03:00 [INF] Route matched with {action = "Download", controller = "Log"}. Executing controller action with signature Microsoft.AspNetCore.Mvc.IActionResult Download() on controller AutoService.Controllers.LogController (AutoService).
2026-06-01 11:08:58.636 +03:00 [INF] Executing PhysicalFileResult, sending file '/home/user/AutoService/AutoService/logs/autoservice-20260601.log' with download name 'logs.txt' ...
2026-06-01 11:08:58.637 +03:00 [INF] Executed action AutoService.Controllers.LogController.Download (AutoService) in 0.7274ms
2026-06-01 11:08:58.637 +03:00 [INF] Executed endpoint 'AutoService.Controllers.LogController.Download (AutoService)'
2026-06-01 11:08:58.637 +03:00 [ERR] An unhandled exception has occurred while executing the request.
System.InvalidOperationException: Response Content-Length mismatch: too many bytes written (102133 of 101952).
   at Microsoft.AspNetCore.Server.Kestrel.Core.Internal.Http.HttpProtocol.VerifyAndUpdateWrite(Int32 count)
   at Microsoft.AspNetCore.Server.Kestrel.Core.Internal.Http.HttpProtocol.WritePipeAsync(ReadOnlyMemory`1 data, CancellationToken cancellationToken)
   at Microsoft.AspNetCore.Server.Kestrel.Core.Internal.Http.HttpResponseStream.WriteAsync(ReadOnlyMemory`1 source, CancellationToken cancellationToken)
   at Microsoft.AspNetCore.Http.StreamCopyOperationInternal.CopyToAsync(Stream source, Stream destination, Nullable`1 count, Int32 bufferSize, CancellationToken cancel)
   at Microsoft.AspNetCore.Http.SendFileFallback.SendFileAsync(Stream destination, String filePath, Int64 offset, Nullable`1 count, CancellationToken cancellationToken)
   at Microsoft.AspNetCore.Http.SendFileResponseExtensions.SendFileAsyncCore(HttpResponse response, String fileName, Int64 offset, Nullable`1 count, CancellationToken cancellationToken)
   at Microsoft.AspNetCore.Mvc.Infrastructure.ResourceInvoker.<InvokeNextResultFilterAsync>g__Awaited|30_0[TFilter,TFilterAsync](ResourceInvoker invoker, Task lastTask, State next, Scope scope, Object state, Boolean isCompleted)
   at Microsoft.AspNetCore.Mvc.Infrastructure.ResourceInvoker.Rethrow(ResultExecutedContextSealed context)
   at Microsoft.AspNetCore.Mvc.Infrastructure.ResourceInvoker.ResultNext[TFilter,TFilterAsync](State& next, Scope& scope, Object& state, Boolean& isCompleted)
   at Microsoft.AspNetCore.Mvc.Infrastructure.ResourceInvoker.<InvokeResultFilters>g__Awaited|28_0(ResourceInvoker invoker, Task lastTask, State next, Scope scope, Object state, Boolean isCompleted)
   at Microsoft.AspNetCore.Mvc.Infrastructure.ResourceInvoker.<InvokeFilterPipelineAsync>g__Awaited|20_0(ResourceInvoker invoker, Task lastTask, State next, Scope scope, Object state, Boolean isCompleted)
   at Microsoft.AspNetCore.Mvc.Infrastructure.ResourceInvoker.<InvokeAsync>g__Logged|17_1(ResourceInvoker invoker)
   at Microsoft.AspNetCore.Mvc.Infrastructure.ResourceInvoker.<InvokeAsync>g__Logged|17_1(ResourceInvoker invoker)
   at Microsoft.AspNetCore.Routing.EndpointMiddleware.<Invoke>g__AwaitRequestTask|7_0(Endpoint endpoint, Task requestTask, ILogger logger)
   at Microsoft.AspNetCore.Authorization.AuthorizationMiddleware.Invoke(HttpContext context)
   at Microsoft.AspNetCore.Authentication.AuthenticationMiddleware.Invoke(HttpContext context)
   at Microsoft.AspNetCore.Diagnostics.DeveloperExceptionPageMiddlewareImpl.Invoke(HttpContext context)
2026-06-01 11:08:58.639 +03:00 [WRN] The response has already started, the error page middleware will not be executed.
2026-06-01 11:08:58.639 +03:00 [ERR] Connection id "0HNLVMITGTGVR", Request id "0HNLVMITGTGVR:00000001": An unhandled exception was thrown by the application.
System.InvalidOperationException: Response Content-Length mismatch: too many bytes written (102133 of 101952).
   at Microsoft.AspNetCore.Server.Kestrel.Core.Internal.Http.HttpProtocol.VerifyAndUpdateWrite(Int32 count)
   at Microsoft.AspNetCore.Server.Kestrel.Core.Internal.Http.HttpProtocol.WritePipeAsync(ReadOnlyMemory`1 data, CancellationToken cancellationToken)
   at Microsoft.AspNetCore.Server.Kestrel.Core.Internal.Http.HttpResponseStream.WriteAsync(ReadOnlyMemory`1 source, CancellationToken cancellationToken)
   at Microsoft.AspNetCore.Http.StreamCopyOperationInternal.CopyToAsync(Stream source, Stream destination, Nullable`1 count, Int32 bufferSize, CancellationToken cancel)
   at Microsoft.AspNetCore.Http.SendFileFallback.SendFileAsync(Stream destination, String filePath, Int64 offset, Nullable`1 count, CancellationToken cancellationToken)
   at Microsoft.AspNetCore.Http.SendFileResponseExtensions.SendFileAsyncCore(HttpResponse response, String fileName, Int64 offset, Nullable`1 count, CancellationToken cancellationToken)
   at Microsoft.AspNetCore.Mvc.Infrastructure.ResourceInvoker.<InvokeNextResultFilterAsync>g__Awaited|30_0[TFilter,TFilterAsync](ResourceInvoker invoker, Task lastTask, State next, Scope scope, Object state, Boolean isCompleted)
   at Microsoft.AspNetCore.Mvc.Infrastructure.ResourceInvoker.Rethrow(ResultExecutedContextSealed context)
   at Microsoft.AspNetCore.Mvc.Infrastructure.ResourceInvoker.ResultNext[TFilter,TFilterAsync](State& next, Scope& scope, Object& state, Boolean& isCompleted)
   at Microsoft.AspNetCore.Mvc.Infrastructure.ResourceInvoker.<InvokeResultFilters>g__Awaited|28_0(ResourceInvoker invoker, Task lastTask, State next, Scope scope, Object state, Boolean isCompleted)
   at Microsoft.AspNetCore.Mvc.Infrastructure.ResourceInvoker.<InvokeFilterPipelineAsync>g__Awaited|20_0(ResourceInvoker invoker, Task lastTask, State next, Scope scope, Object state, Boolean isCompleted)
   at Microsoft.AspNetCore.Mvc.Infrastructure.ResourceInvoker.<InvokeAsync>g__Logged|17_1(ResourceInvoker invoker)
   at Microsoft.AspNetCore.Mvc.Infrastructure.ResourceInvoker.<InvokeAsync>g__Logged|17_1(ResourceInvoker invoker)
   at Microsoft.AspNetCore.Routing.EndpointMiddleware.<Invoke>g__AwaitRequestTask|7_0(Endpoint endpoint, Task requestTask, ILogger logger)
   at Microsoft.AspNetCore.Authorization.AuthorizationMiddleware.Invoke(HttpContext context)
   at Microsoft.AspNetCore.Authentication.AuthenticationMiddleware.Invoke(HttpContext context)
   at Microsoft.AspNetCore.Diagnostics.DeveloperExceptionPageMiddlewareImpl.Invoke(HttpContext context)
   at Microsoft.AspNetCore.Diagnostics.DeveloperExceptionPageMiddlewareImpl.Invoke(HttpContext context)
   at Microsoft.AspNetCore.Server.Kestrel.Core.Internal.Http.HttpProtocol.ProcessRequests[TContext](IHttpApplication`1 application)
2026-06-01 11:08:58.640 +03:00 [INF] Request finished HTTP/1.1 GET http://localhost:5130/api/log/download - 200 101952 text/plain 5.1873ms
2026-06-01 11:08:58.791 +03:00 [INF] Request starting HTTP/1.1 GET http://localhost:5130/api/log/download - null null
2026-06-01 11:08:58.791 +03:00 [INF] CORS policy execution successful.
2026-06-01 11:08:58.792 +03:00 [INF] Executing endpoint 'AutoService.Controllers.LogController.Download (AutoService)'
2026-06-01 11:08:58.792 +03:00 [INF] Route matched with {action = "Download", controller = "Log"}. Executing controller action with signature Microsoft.AspNetCore.Mvc.IActionResult Download() on controller AutoService.Controllers.LogController (AutoService).
2026-06-01 11:08:58.792 +03:00 [INF] Executing PhysicalFileResult, sending file '/home/user/AutoService/AutoService/logs/autoservice-20260601.log' with download name 'logs.txt' ...
2026-06-01 11:08:58.793 +03:00 [INF] Executed action AutoService.Controllers.LogController.Download (AutoService) in 0.8654ms
2026-06-01 11:08:58.793 +03:00 [INF] Executed endpoint 'AutoService.Controllers.LogController.Download (AutoService)'
2026-06-01 11:08:58.793 +03:00 [ERR] An unhandled exception has occurred while executing the request.
System.InvalidOperationException: Response Content-Length mismatch: too many bytes written (109090 of 108909).
   at Microsoft.AspNetCore.Server.Kestrel.Core.Internal.Http.HttpProtocol.VerifyAndUpdateWrite(Int32 count)
   at Microsoft.AspNetCore.Server.Kestrel.Core.Internal.Http.HttpProtocol.WritePipeAsync(ReadOnlyMemory`1 data, CancellationToken cancellationToken)
   at Microsoft.AspNetCore.Server.Kestrel.Core.Internal.Http.HttpResponseStream.WriteAsync(ReadOnlyMemory`1 source, CancellationToken cancellationToken)
   at Microsoft.AspNetCore.Http.StreamCopyOperationInternal.CopyToAsync(Stream source, Stream destination, Nullable`1 count, Int32 bufferSize, CancellationToken cancel)
   at Microsoft.AspNetCore.Http.SendFileFallback.SendFileAsync(Stream destination, String filePath, Int64 offset, Nullable`1 count, CancellationToken cancellationToken)
   at Microsoft.AspNetCore.Http.SendFileResponseExtensions.SendFileAsyncCore(HttpResponse response, String fileName, Int64 offset, Nullable`1 count, CancellationToken cancellationToken)
   at Microsoft.AspNetCore.Mvc.Infrastructure.ResourceInvoker.<InvokeNextResultFilterAsync>g__Awaited|30_0[TFilter,TFilterAsync](ResourceInvoker invoker, Task lastTask, State next, Scope scope, Object state, Boolean isCompleted)
   at Microsoft.AspNetCore.Mvc.Infrastructure.ResourceInvoker.Rethrow(ResultExecutedContextSealed context)
   at Microsoft.AspNetCore.Mvc.Infrastructure.ResourceInvoker.ResultNext[TFilter,TFilterAsync](State& next, Scope& scope, Object& state, Boolean& isCompleted)
   at Microsoft.AspNetCore.Mvc.Infrastructure.ResourceInvoker.<InvokeResultFilters>g__Awaited|28_0(ResourceInvoker invoker, Task lastTask, State next, Scope scope, Object state, Boolean isCompleted)
   at Microsoft.AspNetCore.Mvc.Infrastructure.ResourceInvoker.<InvokeFilterPipelineAsync>g__Awaited|20_0(ResourceInvoker invoker, Task lastTask, State next, Scope scope, Object state, Boolean isCompleted)
   at Microsoft.AspNetCore.Mvc.Infrastructure.ResourceInvoker.<InvokeAsync>g__Logged|17_1(ResourceInvoker invoker)
   at Microsoft.AspNetCore.Mvc.Infrastructure.ResourceInvoker.<InvokeAsync>g__Logged|17_1(ResourceInvoker invoker)
   at Microsoft.AspNetCore.Routing.EndpointMiddleware.<Invoke>g__AwaitRequestTask|7_0(Endpoint endpoint, Task requestTask, ILogger logger)
   at Microsoft.AspNetCore.Authorization.AuthorizationMiddleware.Invoke(HttpContext context)
   at Microsoft.AspNetCore.Authentication.AuthenticationMiddleware.Invoke(HttpContext context)
   at Microsoft.AspNetCore.Diagnostics.DeveloperExceptionPageMiddlewareImpl.Invoke(HttpContext context)
2026-06-01 11:08:58.794 +03:00 [WRN] The response has already started, the error page middleware will not be executed.
2026-06-01 11:08:58.794 +03:00 [ERR] Connection id "0HNLVMITGTGVS", Request id "0HNLVMITGTGVS:00000001": An unhandled exception was thrown by the application.
System.InvalidOperationException: Response Content-Length mismatch: too many bytes written (109090 of 108909).
   at Microsoft.AspNetCore.Server.Kestrel.Core.Internal.Http.HttpProtocol.VerifyAndUpdateWrite(Int32 count)
   at Microsoft.AspNetCore.Server.Kestrel.Core.Internal.Http.HttpProtocol.WritePipeAsync(ReadOnlyMemory`1 data, CancellationToken cancellationToken)
   at Microsoft.AspNetCore.Server.Kestrel.Core.Internal.Http.HttpResponseStream.WriteAsync(ReadOnlyMemory`1 source, CancellationToken cancellationToken)
   at Microsoft.AspNetCore.Http.StreamCopyOperationInternal.CopyToAsync(Stream source, Stream destination, Nullable`1 count, Int32 bufferSize, CancellationToken cancel)
   at Microsoft.AspNetCore.Http.SendFileFallback.SendFileAsync(Stream destination, String filePath, Int64 offset, Nullable`1 count, CancellationToken cancellationToken)
   at Microsoft.AspNetCore.Http.SendFileResponseExtensions.SendFileAsyncCore(HttpResponse response, String fileName, Int64 offset, Nullable`1 count, CancellationToken cancellationToken)
   at Microsoft.AspNetCore.Mvc.Infrastructure.ResourceInvoker.<InvokeNextResultFilterAsync>g__Awaited|30_0[TFilter,TFilterAsync](ResourceInvoker invoker, Task lastTask, State next, Scope scope, Object state, Boolean isCompleted)
   at Microsoft.AspNetCore.Mvc.Infrastructure.ResourceInvoker.Rethrow(ResultExecutedContextSealed context)
   at Microsoft.AspNetCore.Mvc.Infrastructure.ResourceInvoker.ResultNext[TFilter,TFilterAsync](State& next, Scope& scope, Object& state, Boolean& isCompleted)
   at Microsoft.AspNetCore.Mvc.Infrastructure.ResourceInvoker.<InvokeResultFilters>g__Awaited|28_0(ResourceInvoker invoker, Task lastTask, State next, Scope scope, Object state, Boolean isCompleted)
   at Microsoft.AspNetCore.Mvc.Infrastructure.ResourceInvoker.<InvokeFilterPipelineAsync>g__Awaited|20_0(ResourceInvoker invoker, Task lastTask, State next, Scope scope, Object state, Boolean isCompleted)
   at Microsoft.AspNetCore.Mvc.Infrastructure.ResourceInvoker.<InvokeAsync>g__Logged|17_1(ResourceInvoker invoker)
   at Microsoft.AspNetCore.Mvc.Infrastructure.ResourceInvoker.<InvokeAsync>g__Logged|17_1(ResourceInvoker invoker)
   at Microsoft.AspNetCore.Routing.EndpointMiddleware.<Invoke>g__AwaitRequestTask|7_0(Endpoint endpoint, Task requestTask, ILogger logger)
   at Microsoft.AspNetCore.Authorization.AuthorizationMiddleware.Invoke(HttpContext context)
   at Microsoft.AspNetCore.Authentication.AuthenticationMiddleware.Invoke(HttpContext context)
   at Microsoft.AspNetCore.Diagnostics.DeveloperExceptionPageMiddlewareImpl.Invoke(HttpContext context)
   at Microsoft.AspNetCore.Diagnostics.DeveloperExceptionPageMiddlewareImpl.Invoke(HttpContext context)
   at Microsoft.AspNetCore.Server.Kestrel.Core.Internal.Http.HttpProtocol.ProcessRequests[TContext](IHttpApplication`1 application)
2026-06-01 11:08:58.795 +03:00 [INF] Request finished HTTP/1.1 GET http://localhost:5130/api/log/download - 200 108909 text/plain 4.4526ms
2026-06-01 11:09:04.625 +03:00 [INF] Application is shutting down...
2026-06-01 11:09:27.016 +03:00 [INF] User profile is available. Using '/home/user/.aspnet/DataProtection-Keys' as key repository; keys will not be encrypted at rest.
2026-06-01 11:09:27.136 +03:00 [INF] Now listening on: http://localhost:5130
2026-06-01 11:09:27.137 +03:00 [INF] Application started. Press Ctrl+C to shut down.
2026-06-01 11:09:27.137 +03:00 [INF] Hosting environment: Development
2026-06-01 11:09:27.137 +03:00 [INF] Content root path: /home/user/AutoService/AutoService
2026-06-01 11:09:34.984 +03:00 [INF] Request starting HTTP/1.1 OPTIONS http://localhost:5130/api/order/getOrders - null null
2026-06-01 11:09:34.984 +03:00 [INF] Request starting HTTP/1.1 OPTIONS http://localhost:5130/api/order/getOrders - null null
2026-06-01 11:09:34.993 +03:00 [INF] CORS policy execution successful.
2026-06-01 11:09:34.993 +03:00 [INF] CORS policy execution successful.
2026-06-01 11:09:34.998 +03:00 [INF] Request finished HTTP/1.1 OPTIONS http://localhost:5130/api/order/getOrders - 204 null null 15.8684ms
2026-06-01 11:09:34.998 +03:00 [INF] Request finished HTTP/1.1 OPTIONS http://localhost:5130/api/order/getOrders - 204 null null 15.8653ms
2026-06-01 11:09:36.186 +03:00 [INF] Request starting HTTP/1.1 OPTIONS http://localhost:5130/api/log/download - null null
2026-06-01 11:09:36.187 +03:00 [INF] CORS policy execution successful.
2026-06-01 11:09:36.187 +03:00 [INF] Request finished HTTP/1.1 OPTIONS http://localhost:5130/api/log/download - 204 null null 1.3168ms
2026-06-01 11:09:36.188 +03:00 [INF] Request starting HTTP/1.1 GET http://localhost:5130/api/log/download - null null
2026-06-01 11:09:36.188 +03:00 [INF] CORS policy execution successful.
2026-06-01 11:09:36.263 +03:00 [INF] Executing endpoint 'AutoService.Controllers.LogController.Download (AutoService)'
2026-06-01 11:09:36.270 +03:00 [INF] Route matched with {action = "Download", controller = "Log"}. Executing controller action with signature Microsoft.AspNetCore.Mvc.IActionResult Download() on controller AutoService.Controllers.LogController (AutoService).
2026-06-01 11:09:36.273 +03:00 [INF] Executing PhysicalFileResult, sending file '/home/user/AutoService/AutoService/logs/autoservice-20260601.log' with download name 'logs.txt' ...
2026-06-01 11:09:36.288 +03:00 [INF] Executed action AutoService.Controllers.LogController.Download (AutoService) in 15.5581ms
2026-06-01 11:09:36.289 +03:00 [INF] Executed endpoint 'AutoService.Controllers.LogController.Download (AutoService)'
2026-06-01 11:09:36.290 +03:00 [ERR] An unhandled exception has occurred while executing the request.
System.InvalidOperationException: Response Content-Length mismatch: too many bytes written (117603 of 117422).
   at Microsoft.AspNetCore.Server.Kestrel.Core.Internal.Http.HttpProtocol.VerifyAndUpdateWrite(Int32 count)
   at Microsoft.AspNetCore.Server.Kestrel.Core.Internal.Http.HttpProtocol.WritePipeAsync(ReadOnlyMemory`1 data, CancellationToken cancellationToken)
   at Microsoft.AspNetCore.Server.Kestrel.Core.Internal.Http.HttpResponseStream.WriteAsync(ReadOnlyMemory`1 source, CancellationToken cancellationToken)
   at Microsoft.AspNetCore.Http.StreamCopyOperationInternal.CopyToAsync(Stream source, Stream destination, Nullable`1 count, Int32 bufferSize, CancellationToken cancel)
   at Microsoft.AspNetCore.Http.SendFileFallback.SendFileAsync(Stream destination, String filePath, Int64 offset, Nullable`1 count, CancellationToken cancellationToken)
   at Microsoft.AspNetCore.Http.SendFileResponseExtensions.SendFileAsyncCore(HttpResponse response, String fileName, Int64 offset, Nullable`1 count, CancellationToken cancellationToken)
   at Microsoft.AspNetCore.Mvc.Infrastructure.ResourceInvoker.<InvokeNextResultFilterAsync>g__Awaited|30_0[TFilter,TFilterAsync](ResourceInvoker invoker, Task lastTask, State next, Scope scope, Object state, Boolean isCompleted)
   at Microsoft.AspNetCore.Mvc.Infrastructure.ResourceInvoker.Rethrow(ResultExecutedContextSealed context)
   at Microsoft.AspNetCore.Mvc.Infrastructure.ResourceInvoker.ResultNext[TFilter,TFilterAsync](State& next, Scope& scope, Object& state, Boolean& isCompleted)
   at Microsoft.AspNetCore.Mvc.Infrastructure.ResourceInvoker.<InvokeResultFilters>g__Awaited|28_0(ResourceInvoker invoker, Task lastTask, State next, Scope scope, Object state, Boolean isCompleted)
   at Microsoft.AspNetCore.Mvc.Infrastructure.ResourceInvoker.<InvokeFilterPipelineAsync>g__Awaited|20_0(ResourceInvoker invoker, Task lastTask, State next, Scope scope, Object state, Boolean isCompleted)
   at Microsoft.AspNetCore.Mvc.Infrastructure.ResourceInvoker.<InvokeAsync>g__Logged|17_1(ResourceInvoker invoker)
   at Microsoft.AspNetCore.Mvc.Infrastructure.ResourceInvoker.<InvokeAsync>g__Logged|17_1(ResourceInvoker invoker)
   at Microsoft.AspNetCore.Routing.EndpointMiddleware.<Invoke>g__AwaitRequestTask|7_0(Endpoint endpoint, Task requestTask, ILogger logger)
   at Microsoft.AspNetCore.Authorization.AuthorizationMiddleware.Invoke(HttpContext context)
   at Microsoft.AspNetCore.Authentication.AuthenticationMiddleware.Invoke(HttpContext context)
   at Microsoft.AspNetCore.Diagnostics.DeveloperExceptionPageMiddlewareImpl.Invoke(HttpContext context)
2026-06-01 11:09:36.298 +03:00 [WRN] The response has already started, the error page middleware will not be executed.
2026-06-01 11:09:36.300 +03:00 [ERR] Connection id "0HNLVMKF2RPPV", Request id "0HNLVMKF2RPPV:00000002": An unhandled exception was thrown by the application.
System.InvalidOperationException: Response Content-Length mismatch: too many bytes written (117603 of 117422).
   at Microsoft.AspNetCore.Server.Kestrel.Core.Internal.Http.HttpProtocol.VerifyAndUpdateWrite(Int32 count)
   at Microsoft.AspNetCore.Server.Kestrel.Core.Internal.Http.HttpProtocol.WritePipeAsync(ReadOnlyMemory`1 data, CancellationToken cancellationToken)
   at Microsoft.AspNetCore.Server.Kestrel.Core.Internal.Http.HttpResponseStream.WriteAsync(ReadOnlyMemory`1 source, CancellationToken cancellationToken)
   at Microsoft.AspNetCore.Http.StreamCopyOperationInternal.CopyToAsync(Stream source, Stream destination, Nullable`1 count, Int32 bufferSize, CancellationToken cancel)
   at Microsoft.AspNetCore.Http.SendFileFallback.SendFileAsync(Stream destination, String filePath, Int64 offset, Nullable`1 count, CancellationToken cancellationToken)
   at Microsoft.AspNetCore.Http.SendFileResponseExtensions.SendFileAsyncCore(HttpResponse response, String fileName, Int64 offset, Nullable`1 count, CancellationToken cancellationToken)
   at Microsoft.AspNetCore.Mvc.Infrastructure.ResourceInvoker.<InvokeNextResultFilterAsync>g__Awaited|30_0[TFilter,TFilterAsync](ResourceInvoker invoker, Task lastTask, State next, Scope scope, Object state, Boolean isCompleted)
   at Microsoft.AspNetCore.Mvc.Infrastructure.ResourceInvoker.Rethrow(ResultExecutedContextSealed context)
   at Microsoft.AspNetCore.Mvc.Infrastructure.ResourceInvoker.ResultNext[TFilter,TFilterAsync](State& next, Scope& scope, Object& state, Boolean& isCompleted)
   at Microsoft.AspNetCore.Mvc.Infrastructure.ResourceInvoker.<InvokeResultFilters>g__Awaited|28_0(ResourceInvoker invoker, Task lastTask, State next, Scope scope, Object state, Boolean isCompleted)
   at Microsoft.AspNetCore.Mvc.Infrastructure.ResourceInvoker.<InvokeFilterPipelineAsync>g__Awaited|20_0(ResourceInvoker invoker, Task lastTask, State next, Scope scope, Object state, Boolean isCompleted)
   at Microsoft.AspNetCore.Mvc.Infrastructure.ResourceInvoker.<InvokeAsync>g__Logged|17_1(ResourceInvoker invoker)
   at Microsoft.AspNetCore.Mvc.Infrastructure.ResourceInvoker.<InvokeAsync>g__Logged|17_1(ResourceInvoker invoker)
   at Microsoft.AspNetCore.Routing.EndpointMiddleware.<Invoke>g__AwaitRequestTask|7_0(Endpoint endpoint, Task requestTask, ILogger logger)
   at Microsoft.AspNetCore.Authorization.AuthorizationMiddleware.Invoke(HttpContext context)
   at Microsoft.AspNetCore.Authentication.AuthenticationMiddleware.Invoke(HttpContext context)
   at Microsoft.AspNetCore.Diagnostics.DeveloperExceptionPageMiddlewareImpl.Invoke(HttpContext context)
   at Microsoft.AspNetCore.Diagnostics.DeveloperExceptionPageMiddlewareImpl.Invoke(HttpContext context)
   at Microsoft.AspNetCore.Server.Kestrel.Core.Internal.Http.HttpProtocol.ProcessRequests[TContext](IHttpApplication`1 application)
2026-06-01 11:09:36.302 +03:00 [INF] Request finished HTTP/1.1 GET http://localhost:5130/api/log/download - 200 117422 text/plain 113.8376ms
2026-06-01 11:09:48.800 +03:00 [INF] Request starting HTTP/1.1 OPTIONS http://localhost:5130/api/auth/login - null null
2026-06-01 11:09:48.800 +03:00 [INF] CORS policy execution successful.
2026-06-01 11:09:48.800 +03:00 [INF] Request finished HTTP/1.1 OPTIONS http://localhost:5130/api/auth/login - 204 null null 0.7656ms
2026-06-01 11:09:48.802 +03:00 [INF] Request starting HTTP/1.1 POST http://localhost:5130/api/auth/login - application/json 55
2026-06-01 11:09:48.802 +03:00 [INF] CORS policy execution successful.
2026-06-01 11:09:48.804 +03:00 [INF] Executing endpoint 'AutoService.Controllers.AuthController.Login (AutoService)'
2026-06-01 11:09:48.816 +03:00 [INF] Route matched with {action = "Login", controller = "Auth"}. Executing controller action with signature System.Threading.Tasks.Task`1[Microsoft.AspNetCore.Mvc.IActionResult] Login(AutoService.DTOs.Auth.LoginDto) on controller AutoService.Controllers.AuthController (AutoService).
2026-06-01 11:09:49.837 +03:00 [INF] Executed DbCommand (32ms) [Parameters=[@__dto_Email_0='?' (Size = 4000)], CommandType='"Text"', CommandTimeout='30']
SELECT `u`.`Id`, `u`.`Email`, `u`.`FullName`, `u`.`PasswordHash`, `u`.`Role`
FROM `Users` AS `u`
WHERE `u`.`Email` = @__dto_Email_0
LIMIT 1
2026-06-01 11:09:50.307 +03:00 [INF] [01-06-2026 11:09:50] Пользователь [Id: 2] успешно вошел в систему.
2026-06-01 11:09:50.316 +03:00 [INF] Executing OkObjectResult, writing value of type '<>f__AnonymousType0`5[[System.String, System.Private.CoreLib, Version=10.0.0.0, Culture=neutral, PublicKeyToken=7cec85d7bea7798e],[System.Int32, System.Private.CoreLib, Version=10.0.0.0, Culture=neutral, PublicKeyToken=7cec85d7bea7798e],[System.String, System.Private.CoreLib, Version=10.0.0.0, Culture=neutral, PublicKeyToken=7cec85d7bea7798e],[System.String, System.Private.CoreLib, Version=10.0.0.0, Culture=neutral, PublicKeyToken=7cec85d7bea7798e],[System.String, System.Private.CoreLib, Version=10.0.0.0, Culture=neutral, PublicKeyToken=7cec85d7bea7798e]]'.
2026-06-01 11:09:50.330 +03:00 [INF] Executed action AutoService.Controllers.AuthController.Login (AutoService) in 1513.7839ms
2026-06-01 11:09:50.330 +03:00 [INF] Executed endpoint 'AutoService.Controllers.AuthController.Login (AutoService)'
2026-06-01 11:09:50.338 +03:00 [INF] Request finished HTTP/1.1 POST http://localhost:5130/api/auth/login - 200 null application/json; charset=utf-8 1536.2358ms
2026-06-01 11:09:50.356 +03:00 [INF] Request starting HTTP/1.1 OPTIONS http://localhost:5130/api/order/getOrders - null null
2026-06-01 11:09:50.357 +03:00 [INF] CORS policy execution successful.
2026-06-01 11:09:50.357 +03:00 [INF] Request finished HTTP/1.1 OPTIONS http://localhost:5130/api/order/getOrders - 204 null null 0.8627ms
2026-06-01 11:09:50.358 +03:00 [INF] Request starting HTTP/1.1 GET http://localhost:5130/api/order/getOrders - application/json null
2026-06-01 11:09:50.358 +03:00 [INF] CORS policy execution successful.
2026-06-01 11:09:50.362 +03:00 [INF] Executing endpoint 'AutoService.Controllers.OrderController.GetOrdersAsync (AutoService)'
2026-06-01 11:09:50.368 +03:00 [INF] Route matched with {action = "GetOrders", controller = "Order"}. Executing controller action with signature System.Threading.Tasks.Task`1[Microsoft.AspNetCore.Mvc.IActionResult] GetOrdersAsync() on controller AutoService.Controllers.OrderController (AutoService).
2026-06-01 11:09:50.485 +03:00 [WRN] Compiling a query which loads related collections for more than one collection navigation, either via 'Include' or through projection, but no 'QuerySplittingBehavior' has been configured. By default, Entity Framework will use 'QuerySplittingBehavior.SingleQuery', which can potentially result in slow query performance. See https://go.microsoft.com/fwlink/?linkid=2134277 for more information. To identify the query that's triggering this warning call 'ConfigureWarnings(w => w.Throw(RelationalEventId.MultipleCollectionIncludeWarning))'.
2026-06-01 11:09:50.532 +03:00 [INF] Executed DbCommand (12ms) [Parameters=[], CommandType='"Text"', CommandTimeout='30']
SELECT `o`.`Id`, `o`.`ClientId`, `o`.`Comment`, `o`.`CreatedAt`, `o`.`Status`, `o`.`TotalAmount`, `o`.`VehicleId`, `c`.`Id`, `c`.`Address`, `c`.`PhoneNumber`, `c`.`UserId`, `u`.`Id`, `u`.`Email`, `u`.`FullName`, `u`.`PasswordHash`, `u`.`Role`, `v`.`Id`, `v0`.`Id`, `v0`.`Model`, `v0`.`OwnerId`, `v0`.`RegistrationNumber`, `v0`.`VinNumber`, `v0`.`Year`, `v`.`Model`, `v`.`OwnerId`, `v`.`RegistrationNumber`, `v`.`VinNumber`, `v`.`Year`, `s0`.`Id`, `s0`.`EmployeeId`, `s0`.`OrderId`, `s0`.`PriceAtSale`, `s0`.`Quantity`, `s0`.`ServiceId`, `s0`.`Id0`, `s0`.`CategoryId`, `s0`.`Description`, `s0`.`Name`, `s0`.`Price`, `s1`.`Id`, `s1`.`DetailId`, `s1`.`OrderId`, `s1`.`PriceAtSale`, `s1`.`Quantity`, `s1`.`Id0`, `s1`.`CategoryId`, `s1`.`Description`, `s1`.`Name`, `s1`.`Price`
FROM `Orders` AS `o`
LEFT JOIN `Clients` AS `c` ON `o`.`ClientId` = `c`.`Id`
LEFT JOIN `Users` AS `u` ON `c`.`UserId` = `u`.`Id`
LEFT JOIN `Vehicles` AS `v` ON `o`.`VehicleId` = `v`.`Id`
LEFT JOIN `Vehicles` AS `v0` ON `c`.`Id` = `v0`.`OwnerId`
LEFT JOIN (
    SELECT `o0`.`Id`, `o0`.`EmployeeId`, `o0`.`OrderId`, `o0`.`PriceAtSale`, `o0`.`Quantity`, `o0`.`ServiceId`, `s`.`Id` AS `Id0`, `s`.`CategoryId`, `s`.`Description`, `s`.`Name`, `s`.`Price`
    FROM `OrderServices` AS `o0`
    INNER JOIN `Services` AS `s` ON `o0`.`ServiceId` = `s`.`Id`
) AS `s0` ON `o`.`Id` = `s0`.`OrderId`
LEFT JOIN (
    SELECT `o1`.`Id`, `o1`.`DetailId`, `o1`.`OrderId`, `o1`.`PriceAtSale`, `o1`.`Quantity`, `d`.`Id` AS `Id0`, `d`.`CategoryId`, `d`.`Description`, `d`.`Name`, `d`.`Price`
    FROM `OrderDetails` AS `o1`
    INNER JOIN `Details` AS `d` ON `o1`.`DetailId` = `d`.`Id`
) AS `s1` ON `o`.`Id` = `s1`.`OrderId`
ORDER BY `o`.`Id`, `c`.`Id`, `u`.`Id`, `v`.`Id`, `v0`.`Id`, `s0`.`Id`, `s0`.`Id0`, `s1`.`Id`
2026-06-01 11:09:50.663 +03:00 [INF] Executing OkObjectResult, writing value of type 'System.Linq.Enumerable+ListSelectIterator`2[[AutoService.Models.Order.Order, AutoService, Version=1.0.0.0, Culture=neutral, PublicKeyToken=null],[AutoService.DTOs.Order.OrderDto, AutoService, Version=1.0.0.0, Culture=neutral, PublicKeyToken=null]]'.
2026-06-01 11:09:50.696 +03:00 [INF] Executed action AutoService.Controllers.OrderController.GetOrdersAsync (AutoService) in 327.6604ms
2026-06-01 11:09:50.696 +03:00 [INF] Executed endpoint 'AutoService.Controllers.OrderController.GetOrdersAsync (AutoService)'
2026-06-01 11:09:50.696 +03:00 [INF] Request finished HTTP/1.1 GET http://localhost:5130/api/order/getOrders - 200 null application/json; charset=utf-8 338.9005ms
2026-06-01 11:09:50.698 +03:00 [INF] Request starting HTTP/1.1 GET http://localhost:5130/api/order/getOrders - application/json null
2026-06-01 11:09:50.698 +03:00 [INF] CORS policy execution successful.
2026-06-01 11:09:50.700 +03:00 [INF] Executing endpoint 'AutoService.Controllers.OrderController.GetOrdersAsync (AutoService)'
2026-06-01 11:09:50.701 +03:00 [INF] Route matched with {action = "GetOrders", controller = "Order"}. Executing controller action with signature System.Threading.Tasks.Task`1[Microsoft.AspNetCore.Mvc.IActionResult] GetOrdersAsync() on controller AutoService.Controllers.OrderController (AutoService).
2026-06-01 11:09:50.773 +03:00 [INF] Executed DbCommand (2ms) [Parameters=[], CommandType='"Text"', CommandTimeout='30']
SELECT `o`.`Id`, `o`.`ClientId`, `o`.`Comment`, `o`.`CreatedAt`, `o`.`Status`, `o`.`TotalAmount`, `o`.`VehicleId`, `c`.`Id`, `c`.`Address`, `c`.`PhoneNumber`, `c`.`UserId`, `u`.`Id`, `u`.`Email`, `u`.`FullName`, `u`.`PasswordHash`, `u`.`Role`, `v`.`Id`, `v0`.`Id`, `v0`.`Model`, `v0`.`OwnerId`, `v0`.`RegistrationNumber`, `v0`.`VinNumber`, `v0`.`Year`, `v`.`Model`, `v`.`OwnerId`, `v`.`RegistrationNumber`, `v`.`VinNumber`, `v`.`Year`, `s0`.`Id`, `s0`.`EmployeeId`, `s0`.`OrderId`, `s0`.`PriceAtSale`, `s0`.`Quantity`, `s0`.`ServiceId`, `s0`.`Id0`, `s0`.`CategoryId`, `s0`.`Description`, `s0`.`Name`, `s0`.`Price`, `s1`.`Id`, `s1`.`DetailId`, `s1`.`OrderId`, `s1`.`PriceAtSale`, `s1`.`Quantity`, `s1`.`Id0`, `s1`.`CategoryId`, `s1`.`Description`, `s1`.`Name`, `s1`.`Price`
FROM `Orders` AS `o`
LEFT JOIN `Clients` AS `c` ON `o`.`ClientId` = `c`.`Id`
LEFT JOIN `Users` AS `u` ON `c`.`UserId` = `u`.`Id`
LEFT JOIN `Vehicles` AS `v` ON `o`.`VehicleId` = `v`.`Id`
LEFT JOIN `Vehicles` AS `v0` ON `c`.`Id` = `v0`.`OwnerId`
LEFT JOIN (
    SELECT `o0`.`Id`, `o0`.`EmployeeId`, `o0`.`OrderId`, `o0`.`PriceAtSale`, `o0`.`Quantity`, `o0`.`ServiceId`, `s`.`Id` AS `Id0`, `s`.`CategoryId`, `s`.`Description`, `s`.`Name`, `s`.`Price`
    FROM `OrderServices` AS `o0`
    INNER JOIN `Services` AS `s` ON `o0`.`ServiceId` = `s`.`Id`
) AS `s0` ON `o`.`Id` = `s0`.`OrderId`
LEFT JOIN (
    SELECT `o1`.`Id`, `o1`.`DetailId`, `o1`.`OrderId`, `o1`.`PriceAtSale`, `o1`.`Quantity`, `d`.`Id` AS `Id0`, `d`.`CategoryId`, `d`.`Description`, `d`.`Name`, `d`.`Price`
    FROM `OrderDetails` AS `o1`
    INNER JOIN `Details` AS `d` ON `o1`.`DetailId` = `d`.`Id`
) AS `s1` ON `o`.`Id` = `s1`.`OrderId`
ORDER BY `o`.`Id`, `c`.`Id`, `u`.`Id`, `v`.`Id`, `v0`.`Id`, `s0`.`Id`, `s0`.`Id0`, `s1`.`Id`
2026-06-01 11:09:50.782 +03:00 [INF] Executing OkObjectResult, writing value of type 'System.Linq.Enumerable+ListSelectIterator`2[[AutoService.Models.Order.Order, AutoService, Version=1.0.0.0, Culture=neutral, PublicKeyToken=null],[AutoService.DTOs.Order.OrderDto, AutoService, Version=1.0.0.0, Culture=neutral, PublicKeyToken=null]]'.
2026-06-01 11:09:50.782 +03:00 [INF] Executed action AutoService.Controllers.OrderController.GetOrdersAsync (AutoService) in 81.4301ms
2026-06-01 11:09:50.782 +03:00 [INF] Executed endpoint 'AutoService.Controllers.OrderController.GetOrdersAsync (AutoService)'
2026-06-01 11:09:50.783 +03:00 [INF] Request finished HTTP/1.1 GET http://localhost:5130/api/order/getOrders - 200 null application/json; charset=utf-8 84.9923ms
2026-06-01 11:09:51.331 +03:00 [INF] Request starting HTTP/1.1 OPTIONS http://localhost:5130/api/log/download - null null
2026-06-01 11:09:51.332 +03:00 [INF] CORS policy execution successful.
2026-06-01 11:09:51.332 +03:00 [INF] Request finished HTTP/1.1 OPTIONS http://localhost:5130/api/log/download - 204 null null 0.5448ms
2026-06-01 11:09:51.332 +03:00 [INF] Request starting HTTP/1.1 GET http://localhost:5130/api/log/download - null null
2026-06-01 11:09:51.332 +03:00 [INF] CORS policy execution successful.
2026-06-01 11:09:51.333 +03:00 [INF] Executing endpoint 'AutoService.Controllers.LogController.Download (AutoService)'
2026-06-01 11:09:51.333 +03:00 [INF] Route matched with {action = "Download", controller = "Log"}. Executing controller action with signature Microsoft.AspNetCore.Mvc.IActionResult Download() on controller AutoService.Controllers.LogController (AutoService).
2026-06-01 11:09:51.333 +03:00 [INF] Executing PhysicalFileResult, sending file '/home/user/AutoService/AutoService/logs/autoservice-20260601.log' with download name 'logs.txt' ...
2026-06-01 11:09:51.334 +03:00 [INF] Executed action AutoService.Controllers.LogController.Download (AutoService) in 1.0358ms
2026-06-01 11:09:51.334 +03:00 [INF] Executed endpoint 'AutoService.Controllers.LogController.Download (AutoService)'
2026-06-01 11:09:51.335 +03:00 [ERR] An unhandled exception has occurred while executing the request.
System.InvalidOperationException: Response Content-Length mismatch: too many bytes written (134803 of 134622).
   at Microsoft.AspNetCore.Server.Kestrel.Core.Internal.Http.HttpProtocol.VerifyAndUpdateWrite(Int32 count)
   at Microsoft.AspNetCore.Server.Kestrel.Core.Internal.Http.HttpProtocol.WritePipeAsync(ReadOnlyMemory`1 data, CancellationToken cancellationToken)
   at Microsoft.AspNetCore.Server.Kestrel.Core.Internal.Http.HttpResponseStream.WriteAsync(ReadOnlyMemory`1 source, CancellationToken cancellationToken)
   at Microsoft.AspNetCore.Http.StreamCopyOperationInternal.CopyToAsync(Stream source, Stream destination, Nullable`1 count, Int32 bufferSize, CancellationToken cancel)
   at Microsoft.AspNetCore.Http.SendFileFallback.SendFileAsync(Stream destination, String filePath, Int64 offset, Nullable`1 count, CancellationToken cancellationToken)
   at Microsoft.AspNetCore.Http.SendFileResponseExtensions.SendFileAsyncCore(HttpResponse response, String fileName, Int64 offset, Nullable`1 count, CancellationToken cancellationToken)
   at Microsoft.AspNetCore.Mvc.Infrastructure.ResourceInvoker.<InvokeNextResultFilterAsync>g__Awaited|30_0[TFilter,TFilterAsync](ResourceInvoker invoker, Task lastTask, State next, Scope scope, Object state, Boolean isCompleted)
   at Microsoft.AspNetCore.Mvc.Infrastructure.ResourceInvoker.Rethrow(ResultExecutedContextSealed context)
   at Microsoft.AspNetCore.Mvc.Infrastructure.ResourceInvoker.ResultNext[TFilter,TFilterAsync](State& next, Scope& scope, Object& state, Boolean& isCompleted)
   at Microsoft.AspNetCore.Mvc.Infrastructure.ResourceInvoker.<InvokeResultFilters>g__Awaited|28_0(ResourceInvoker invoker, Task lastTask, State next, Scope scope, Object state, Boolean isCompleted)
   at Microsoft.AspNetCore.Mvc.Infrastructure.ResourceInvoker.<InvokeFilterPipelineAsync>g__Awaited|20_0(ResourceInvoker invoker, Task lastTask, State next, Scope scope, Object state, Boolean isCompleted)
   at Microsoft.AspNetCore.Mvc.Infrastructure.ResourceInvoker.<InvokeAsync>g__Logged|17_1(ResourceInvoker invoker)
   at Microsoft.AspNetCore.Mvc.Infrastructure.ResourceInvoker.<InvokeAsync>g__Logged|17_1(ResourceInvoker invoker)
   at Microsoft.AspNetCore.Routing.EndpointMiddleware.<Invoke>g__AwaitRequestTask|7_0(Endpoint endpoint, Task requestTask, ILogger logger)
   at Microsoft.AspNetCore.Authorization.AuthorizationMiddleware.Invoke(HttpContext context)
   at Microsoft.AspNetCore.Authentication.AuthenticationMiddleware.Invoke(HttpContext context)
   at Microsoft.AspNetCore.Diagnostics.DeveloperExceptionPageMiddlewareImpl.Invoke(HttpContext context)
2026-06-01 11:09:51.336 +03:00 [WRN] The response has already started, the error page middleware will not be executed.
2026-06-01 11:09:51.336 +03:00 [ERR] Connection id "0HNLVMKF2RPPU", Request id "0HNLVMKF2RPPU:00000009": An unhandled exception was thrown by the application.
System.InvalidOperationException: Response Content-Length mismatch: too many bytes written (134803 of 134622).
   at Microsoft.AspNetCore.Server.Kestrel.Core.Internal.Http.HttpProtocol.VerifyAndUpdateWrite(Int32 count)
   at Microsoft.AspNetCore.Server.Kestrel.Core.Internal.Http.HttpProtocol.WritePipeAsync(ReadOnlyMemory`1 data, CancellationToken cancellationToken)
   at Microsoft.AspNetCore.Server.Kestrel.Core.Internal.Http.HttpResponseStream.WriteAsync(ReadOnlyMemory`1 source, CancellationToken cancellationToken)
   at Microsoft.AspNetCore.Http.StreamCopyOperationInternal.CopyToAsync(Stream source, Stream destination, Nullable`1 count, Int32 bufferSize, CancellationToken cancel)
   at Microsoft.AspNetCore.Http.SendFileFallback.SendFileAsync(Stream destination, String filePath, Int64 offset, Nullable`1 count, CancellationToken cancellationToken)
   at Microsoft.AspNetCore.Http.SendFileResponseExtensions.SendFileAsyncCore(HttpResponse response, String fileName, Int64 offset, Nullable`1 count, CancellationToken cancellationToken)
   at Microsoft.AspNetCore.Mvc.Infrastructure.ResourceInvoker.<InvokeNextResultFilterAsync>g__Awaited|30_0[TFilter,TFilterAsync](ResourceInvoker invoker, Task lastTask, State next, Scope scope, Object state, Boolean isCompleted)
   at Microsoft.AspNetCore.Mvc.Infrastructure.ResourceInvoker.Rethrow(ResultExecutedContextSealed context)
   at Microsoft.AspNetCore.Mvc.Infrastructure.ResourceInvoker.ResultNext[TFilter,TFilterAsync](State& next, Scope& scope, Object& state, Boolean& isCompleted)
   at Microsoft.AspNetCore.Mvc.Infrastructure.ResourceInvoker.<InvokeResultFilters>g__Awaited|28_0(ResourceInvoker invoker, Task lastTask, State next, Scope scope, Object state, Boolean isCompleted)
   at Microsoft.AspNetCore.Mvc.Infrastructure.ResourceInvoker.<InvokeFilterPipelineAsync>g__Awaited|20_0(ResourceInvoker invoker, Task lastTask, State next, Scope scope, Object state, Boolean isCompleted)
   at Microsoft.AspNetCore.Mvc.Infrastructure.ResourceInvoker.<InvokeAsync>g__Logged|17_1(ResourceInvoker invoker)
   at Microsoft.AspNetCore.Mvc.Infrastructure.ResourceInvoker.<InvokeAsync>g__Logged|17_1(ResourceInvoker invoker)
   at Microsoft.AspNetCore.Routing.EndpointMiddleware.<Invoke>g__AwaitRequestTask|7_0(Endpoint endpoint, Task requestTask, ILogger logger)
   at Microsoft.AspNetCore.Authorization.AuthorizationMiddleware.Invoke(HttpContext context)
   at Microsoft.AspNetCore.Authentication.AuthenticationMiddleware.Invoke(HttpContext context)
   at Microsoft.AspNetCore.Diagnostics.DeveloperExceptionPageMiddlewareImpl.Invoke(HttpContext context)
   at Microsoft.AspNetCore.Diagnostics.DeveloperExceptionPageMiddlewareImpl.Invoke(HttpContext context)
   at Microsoft.AspNetCore.Server.Kestrel.Core.Internal.Http.HttpProtocol.ProcessRequests[TContext](IHttpApplication`1 application)
2026-06-01 11:09:51.337 +03:00 [INF] Request finished HTTP/1.1 GET http://localhost:5130/api/log/download - 200 134622 text/plain 4.5622ms
2026-06-01 11:09:51.984 +03:00 [INF] Request starting HTTP/1.1 GET http://localhost:5130/api/log/download - null null
2026-06-01 11:09:51.985 +03:00 [INF] CORS policy execution successful.
2026-06-01 11:09:51.985 +03:00 [INF] Executing endpoint 'AutoService.Controllers.LogController.Download (AutoService)'
2026-06-01 11:09:51.985 +03:00 [INF] Route matched with {action = "Download", controller = "Log"}. Executing controller action with signature Microsoft.AspNetCore.Mvc.IActionResult Download() on controller AutoService.Controllers.LogController (AutoService).
2026-06-01 11:09:51.986 +03:00 [INF] Executing PhysicalFileResult, sending file '/home/user/AutoService/AutoService/logs/autoservice-20260601.log' with download name 'logs.txt' ...
2026-06-01 11:09:51.987 +03:00 [INF] Executed action AutoService.Controllers.LogController.Download (AutoService) in 0.8995ms
2026-06-01 11:09:51.987 +03:00 [INF] Executed endpoint 'AutoService.Controllers.LogController.Download (AutoService)'
2026-06-01 11:09:51.987 +03:00 [ERR] An unhandled exception has occurred while executing the request.
System.InvalidOperationException: Response Content-Length mismatch: too many bytes written (141760 of 141579).
   at Microsoft.AspNetCore.Server.Kestrel.Core.Internal.Http.HttpProtocol.VerifyAndUpdateWrite(Int32 count)
   at Microsoft.AspNetCore.Server.Kestrel.Core.Internal.Http.HttpProtocol.WritePipeAsync(ReadOnlyMemory`1 data, CancellationToken cancellationToken)
   at Microsoft.AspNetCore.Server.Kestrel.Core.Internal.Http.HttpResponseStream.WriteAsync(ReadOnlyMemory`1 source, CancellationToken cancellationToken)
   at Microsoft.AspNetCore.Http.StreamCopyOperationInternal.CopyToAsync(Stream source, Stream destination, Nullable`1 count, Int32 bufferSize, CancellationToken cancel)
   at Microsoft.AspNetCore.Http.SendFileFallback.SendFileAsync(Stream destination, String filePath, Int64 offset, Nullable`1 count, CancellationToken cancellationToken)
   at Microsoft.AspNetCore.Http.SendFileResponseExtensions.SendFileAsyncCore(HttpResponse response, String fileName, Int64 offset, Nullable`1 count, CancellationToken cancellationToken)
   at Microsoft.AspNetCore.Mvc.Infrastructure.ResourceInvoker.<InvokeNextResultFilterAsync>g__Awaited|30_0[TFilter,TFilterAsync](ResourceInvoker invoker, Task lastTask, State next, Scope scope, Object state, Boolean isCompleted)
   at Microsoft.AspNetCore.Mvc.Infrastructure.ResourceInvoker.Rethrow(ResultExecutedContextSealed context)
   at Microsoft.AspNetCore.Mvc.Infrastructure.ResourceInvoker.ResultNext[TFilter,TFilterAsync](State& next, Scope& scope, Object& state, Boolean& isCompleted)
   at Microsoft.AspNetCore.Mvc.Infrastructure.ResourceInvoker.<InvokeResultFilters>g__Awaited|28_0(ResourceInvoker invoker, Task lastTask, State next, Scope scope, Object state, Boolean isCompleted)
   at Microsoft.AspNetCore.Mvc.Infrastructure.ResourceInvoker.<InvokeFilterPipelineAsync>g__Awaited|20_0(ResourceInvoker invoker, Task lastTask, State next, Scope scope, Object state, Boolean isCompleted)
   at Microsoft.AspNetCore.Mvc.Infrastructure.ResourceInvoker.<InvokeAsync>g__Logged|17_1(ResourceInvoker invoker)
   at Microsoft.AspNetCore.Mvc.Infrastructure.ResourceInvoker.<InvokeAsync>g__Logged|17_1(ResourceInvoker invoker)
   at Microsoft.AspNetCore.Routing.EndpointMiddleware.<Invoke>g__AwaitRequestTask|7_0(Endpoint endpoint, Task requestTask, ILogger logger)
   at Microsoft.AspNetCore.Authorization.AuthorizationMiddleware.Invoke(HttpContext context)
   at Microsoft.AspNetCore.Authentication.AuthenticationMiddleware.Invoke(HttpContext context)
   at Microsoft.AspNetCore.Diagnostics.DeveloperExceptionPageMiddlewareImpl.Invoke(HttpContext context)
2026-06-01 11:09:51.988 +03:00 [WRN] The response has already started, the error page middleware will not be executed.
2026-06-01 11:09:51.988 +03:00 [ERR] Connection id "0HNLVMKF2RPQ0", Request id "0HNLVMKF2RPQ0:00000001": An unhandled exception was thrown by the application.
System.InvalidOperationException: Response Content-Length mismatch: too many bytes written (141760 of 141579).
   at Microsoft.AspNetCore.Server.Kestrel.Core.Internal.Http.HttpProtocol.VerifyAndUpdateWrite(Int32 count)
   at Microsoft.AspNetCore.Server.Kestrel.Core.Internal.Http.HttpProtocol.WritePipeAsync(ReadOnlyMemory`1 data, CancellationToken cancellationToken)
   at Microsoft.AspNetCore.Server.Kestrel.Core.Internal.Http.HttpResponseStream.WriteAsync(ReadOnlyMemory`1 source, CancellationToken cancellationToken)
   at Microsoft.AspNetCore.Http.StreamCopyOperationInternal.CopyToAsync(Stream source, Stream destination, Nullable`1 count, Int32 bufferSize, CancellationToken cancel)
   at Microsoft.AspNetCore.Http.SendFileFallback.SendFileAsync(Stream destination, String filePath, Int64 offset, Nullable`1 count, CancellationToken cancellationToken)
   at Microsoft.AspNetCore.Http.SendFileResponseExtensions.SendFileAsyncCore(HttpResponse response, String fileName, Int64 offset, Nullable`1 count, CancellationToken cancellationToken)
   at Microsoft.AspNetCore.Mvc.Infrastructure.ResourceInvoker.<InvokeNextResultFilterAsync>g__Awaited|30_0[TFilter,TFilterAsync](ResourceInvoker invoker, Task lastTask, State next, Scope scope, Object state, Boolean isCompleted)
   at Microsoft.AspNetCore.Mvc.Infrastructure.ResourceInvoker.Rethrow(ResultExecutedContextSealed context)
   at Microsoft.AspNetCore.Mvc.Infrastructure.ResourceInvoker.ResultNext[TFilter,TFilterAsync](State& next, Scope& scope, Object& state, Boolean& isCompleted)
   at Microsoft.AspNetCore.Mvc.Infrastructure.ResourceInvoker.<InvokeResultFilters>g__Awaited|28_0(ResourceInvoker invoker, Task lastTask, State next, Scope scope, Object state, Boolean isCompleted)
   at Microsoft.AspNetCore.Mvc.Infrastructure.ResourceInvoker.<InvokeFilterPipelineAsync>g__Awaited|20_0(ResourceInvoker invoker, Task lastTask, State next, Scope scope, Object state, Boolean isCompleted)
   at Microsoft.AspNetCore.Mvc.Infrastructure.ResourceInvoker.<InvokeAsync>g__Logged|17_1(ResourceInvoker invoker)
   at Microsoft.AspNetCore.Mvc.Infrastructure.ResourceInvoker.<InvokeAsync>g__Logged|17_1(ResourceInvoker invoker)
   at Microsoft.AspNetCore.Routing.EndpointMiddleware.<Invoke>g__AwaitRequestTask|7_0(Endpoint endpoint, Task requestTask, ILogger logger)
   at Microsoft.AspNetCore.Authorization.AuthorizationMiddleware.Invoke(HttpContext context)
   at Microsoft.AspNetCore.Authentication.AuthenticationMiddleware.Invoke(HttpContext context)
   at Microsoft.AspNetCore.Diagnostics.DeveloperExceptionPageMiddlewareImpl.Invoke(HttpContext context)
   at Microsoft.AspNetCore.Diagnostics.DeveloperExceptionPageMiddlewareImpl.Invoke(HttpContext context)
   at Microsoft.AspNetCore.Server.Kestrel.Core.Internal.Http.HttpProtocol.ProcessRequests[TContext](IHttpApplication`1 application)
2026-06-01 11:09:51.989 +03:00 [INF] Request finished HTTP/1.1 GET http://localhost:5130/api/log/download - 200 141579 text/plain 4.7027ms
2026-06-01 11:10:22.166 +03:00 [INF] Request starting HTTP/1.1 GET http://localhost:5130/api/log/download - null null
2026-06-01 11:10:22.167 +03:00 [INF] Authorization failed. These requirements were not met:
RolesAuthorizationRequirement:User.IsInRole must be true for one of the following roles: (Employee)
2026-06-01 11:10:22.170 +03:00 [INF] AuthenticationScheme: Bearer was challenged.
2026-06-01 11:10:22.170 +03:00 [INF] Request finished HTTP/1.1 GET http://localhost:5130/api/log/download - 401 0 null 3.956ms
2026-06-01 11:10:25.963 +03:00 [INF] Request starting HTTP/1.1 POST http://localhost:5130/api/auth/login - application/json 48
2026-06-01 11:10:25.964 +03:00 [INF] Executing endpoint 'AutoService.Controllers.AuthController.Login (AutoService)'
2026-06-01 11:10:25.964 +03:00 [INF] Route matched with {action = "Login", controller = "Auth"}. Executing controller action with signature System.Threading.Tasks.Task`1[Microsoft.AspNetCore.Mvc.IActionResult] Login(AutoService.DTOs.Auth.LoginDto) on controller AutoService.Controllers.AuthController (AutoService).
2026-06-01 11:10:25.972 +03:00 [INF] Executed DbCommand (0ms) [Parameters=[@__dto_Email_0='?' (Size = 4000)], CommandType='"Text"', CommandTimeout='30']
SELECT `u`.`Id`, `u`.`Email`, `u`.`FullName`, `u`.`PasswordHash`, `u`.`Role`
FROM `Users` AS `u`
WHERE `u`.`Email` = @__dto_Email_0
LIMIT 1
2026-06-01 11:10:25.972 +03:00 [ERR] [01-06-2026 11:10:25] Ошибка при входе в систему: Неверный логин или пароль!
2026-06-01 11:10:25.973 +03:00 [INF] Executing UnauthorizedObjectResult, writing value of type 'System.String'.
2026-06-01 11:10:25.973 +03:00 [INF] Executed action AutoService.Controllers.AuthController.Login (AutoService) in 8.973ms
2026-06-01 11:10:25.973 +03:00 [INF] Executed endpoint 'AutoService.Controllers.AuthController.Login (AutoService)'
2026-06-01 11:10:25.973 +03:00 [INF] Request finished HTTP/1.1 POST http://localhost:5130/api/auth/login - 401 null text/plain; charset=utf-8 10.5092ms
2026-06-01 11:10:29.026 +03:00 [INF] Request starting HTTP/1.1 POST http://localhost:5130/api/auth/login - application/json 48
2026-06-01 11:10:29.026 +03:00 [INF] Executing endpoint 'AutoService.Controllers.AuthController.Login (AutoService)'
2026-06-01 11:10:29.026 +03:00 [INF] Route matched with {action = "Login", controller = "Auth"}. Executing controller action with signature System.Threading.Tasks.Task`1[Microsoft.AspNetCore.Mvc.IActionResult] Login(AutoService.DTOs.Auth.LoginDto) on controller AutoService.Controllers.AuthController (AutoService).
2026-06-01 11:10:29.031 +03:00 [INF] Executed DbCommand (0ms) [Parameters=[@__dto_Email_0='?' (Size = 4000)], CommandType='"Text"', CommandTimeout='30']
SELECT `u`.`Id`, `u`.`Email`, `u`.`FullName`, `u`.`PasswordHash`, `u`.`Role`
FROM `Users` AS `u`
WHERE `u`.`Email` = @__dto_Email_0
LIMIT 1
2026-06-01 11:10:29.032 +03:00 [ERR] [01-06-2026 11:10:29] Ошибка при входе в систему: Неверный логин или пароль!
2026-06-01 11:10:29.032 +03:00 [INF] Executing UnauthorizedObjectResult, writing value of type 'System.String'.
2026-06-01 11:10:29.032 +03:00 [INF] Executed action AutoService.Controllers.AuthController.Login (AutoService) in 5.6959ms
2026-06-01 11:10:29.032 +03:00 [INF] Executed endpoint 'AutoService.Controllers.AuthController.Login (AutoService)'
2026-06-01 11:10:29.032 +03:00 [INF] Request finished HTTP/1.1 POST http://localhost:5130/api/auth/login - 401 null text/plain; charset=utf-8 6.8ms
2026-06-01 11:10:38.812 +03:00 [INF] Request starting HTTP/1.1 GET http://localhost:5130/api/catalog/services - null null
2026-06-01 11:10:38.813 +03:00 [INF] Executing endpoint 'AutoService.Controllers.CatalogController.GetServices (AutoService)'
2026-06-01 11:10:38.818 +03:00 [INF] Route matched with {action = "GetServices", controller = "Catalog"}. Executing controller action with signature System.Threading.Tasks.Task`1[Microsoft.AspNetCore.Mvc.IActionResult] GetServices() on controller AutoService.Controllers.CatalogController (AutoService).
2026-06-01 11:10:38.834 +03:00 [INF] Executed DbCommand (1ms) [Parameters=[], CommandType='"Text"', CommandTimeout='30']
SELECT `s`.`Id`, `s`.`Name`, `s`.`Description`, `s`.`Price`, `s0`.`Name` AS `Category`
FROM `Services` AS `s`
LEFT JOIN `ServiceCategories` AS `s0` ON `s`.`CategoryId` = `s0`.`Id`
2026-06-01 11:10:38.835 +03:00 [INF] [01-06-2026 11:10:38] Услуги загружены в систему.
2026-06-01 11:10:38.835 +03:00 [INF] Executing OkObjectResult, writing value of type 'System.Collections.Generic.List`1[[<>f__AnonymousType3`5[[System.Int32, System.Private.CoreLib, Version=10.0.0.0, Culture=neutral, PublicKeyToken=7cec85d7bea7798e],[System.String, System.Private.CoreLib, Version=10.0.0.0, Culture=neutral, PublicKeyToken=7cec85d7bea7798e],[System.String, System.Private.CoreLib, Version=10.0.0.0, Culture=neutral, PublicKeyToken=7cec85d7bea7798e],[System.Decimal, System.Private.CoreLib, Version=10.0.0.0, Culture=neutral, PublicKeyToken=7cec85d7bea7798e],[System.String, System.Private.CoreLib, Version=10.0.0.0, Culture=neutral, PublicKeyToken=7cec85d7bea7798e]], AutoService, Version=1.0.0.0, Culture=neutral, PublicKeyToken=null]]'.
2026-06-01 11:10:38.837 +03:00 [INF] Executed action AutoService.Controllers.CatalogController.GetServices (AutoService) in 19.3996ms
2026-06-01 11:10:38.837 +03:00 [INF] Executed endpoint 'AutoService.Controllers.CatalogController.GetServices (AutoService)'
2026-06-01 11:10:38.838 +03:00 [INF] Request finished HTTP/1.1 GET http://localhost:5130/api/catalog/services - 200 null application/json; charset=utf-8 25.4116ms
2026-06-01 11:11:23.626 +03:00 [INF] Request starting HTTP/1.1 OPTIONS http://localhost:5130/api/log/download - null null
2026-06-01 11:11:23.626 +03:00 [INF] CORS policy execution successful.
2026-06-01 11:11:23.626 +03:00 [INF] Request finished HTTP/1.1 OPTIONS http://localhost:5130/api/log/download - 204 null null 0.4756ms
2026-06-01 11:11:23.627 +03:00 [INF] Request starting HTTP/1.1 GET http://localhost:5130/api/log/download - null null
2026-06-01 11:11:23.627 +03:00 [INF] CORS policy execution successful.
2026-06-01 11:11:23.627 +03:00 [INF] Executing endpoint 'AutoService.Controllers.LogController.Download (AutoService)'
2026-06-01 11:11:23.627 +03:00 [INF] Route matched with {action = "Download", controller = "Log"}. Executing controller action with signature Microsoft.AspNetCore.Mvc.IActionResult Download() on controller AutoService.Controllers.LogController (AutoService).
2026-06-01 11:11:23.628 +03:00 [INF] Executing PhysicalFileResult, sending file '/home/user/AutoService/AutoService/logs/autoservice-20260601.log' with download name 'logs.txt' ...
2026-06-01 11:11:23.629 +03:00 [INF] Executed action AutoService.Controllers.LogController.Download (AutoService) in 1.3854ms
2026-06-01 11:11:23.629 +03:00 [INF] Executed endpoint 'AutoService.Controllers.LogController.Download (AutoService)'
2026-06-01 11:11:23.630 +03:00 [ERR] An unhandled exception has occurred while executing the request.
System.InvalidOperationException: Response Content-Length mismatch: too many bytes written (154730 of 154549).
   at Microsoft.AspNetCore.Server.Kestrel.Core.Internal.Http.HttpProtocol.VerifyAndUpdateWrite(Int32 count)
   at Microsoft.AspNetCore.Server.Kestrel.Core.Internal.Http.HttpProtocol.WritePipeAsync(ReadOnlyMemory`1 data, CancellationToken cancellationToken)
   at Microsoft.AspNetCore.Server.Kestrel.Core.Internal.Http.HttpResponseStream.WriteAsync(ReadOnlyMemory`1 source, CancellationToken cancellationToken)
   at Microsoft.AspNetCore.Http.StreamCopyOperationInternal.CopyToAsync(Stream source, Stream destination, Nullable`1 count, Int32 bufferSize, CancellationToken cancel)
   at Microsoft.AspNetCore.Http.SendFileFallback.SendFileAsync(Stream destination, String filePath, Int64 offset, Nullable`1 count, CancellationToken cancellationToken)
   at Microsoft.AspNetCore.Http.SendFileResponseExtensions.SendFileAsyncCore(HttpResponse response, String fileName, Int64 offset, Nullable`1 count, CancellationToken cancellationToken)
   at Microsoft.AspNetCore.Mvc.Infrastructure.ResourceInvoker.<InvokeNextResultFilterAsync>g__Awaited|30_0[TFilter,TFilterAsync](ResourceInvoker invoker, Task lastTask, State next, Scope scope, Object state, Boolean isCompleted)
   at Microsoft.AspNetCore.Mvc.Infrastructure.ResourceInvoker.Rethrow(ResultExecutedContextSealed context)
   at Microsoft.AspNetCore.Mvc.Infrastructure.ResourceInvoker.ResultNext[TFilter,TFilterAsync](State& next, Scope& scope, Object& state, Boolean& isCompleted)
   at Microsoft.AspNetCore.Mvc.Infrastructure.ResourceInvoker.<InvokeResultFilters>g__Awaited|28_0(ResourceInvoker invoker, Task lastTask, State next, Scope scope, Object state, Boolean isCompleted)
   at Microsoft.AspNetCore.Mvc.Infrastructure.ResourceInvoker.<InvokeFilterPipelineAsync>g__Awaited|20_0(ResourceInvoker invoker, Task lastTask, State next, Scope scope, Object state, Boolean isCompleted)
   at Microsoft.AspNetCore.Mvc.Infrastructure.ResourceInvoker.<InvokeAsync>g__Logged|17_1(ResourceInvoker invoker)
   at Microsoft.AspNetCore.Mvc.Infrastructure.ResourceInvoker.<InvokeAsync>g__Logged|17_1(ResourceInvoker invoker)
   at Microsoft.AspNetCore.Routing.EndpointMiddleware.<Invoke>g__AwaitRequestTask|7_0(Endpoint endpoint, Task requestTask, ILogger logger)
   at Microsoft.AspNetCore.Authorization.AuthorizationMiddleware.Invoke(HttpContext context)
   at Microsoft.AspNetCore.Authentication.AuthenticationMiddleware.Invoke(HttpContext context)
   at Microsoft.AspNetCore.Diagnostics.DeveloperExceptionPageMiddlewareImpl.Invoke(HttpContext context)
2026-06-01 11:11:23.631 +03:00 [WRN] The response has already started, the error page middleware will not be executed.
2026-06-01 11:11:23.631 +03:00 [ERR] Connection id "0HNLVMKF2RPQ5", Request id "0HNLVMKF2RPQ5:00000002": An unhandled exception was thrown by the application.
System.InvalidOperationException: Response Content-Length mismatch: too many bytes written (154730 of 154549).
   at Microsoft.AspNetCore.Server.Kestrel.Core.Internal.Http.HttpProtocol.VerifyAndUpdateWrite(Int32 count)
   at Microsoft.AspNetCore.Server.Kestrel.Core.Internal.Http.HttpProtocol.WritePipeAsync(ReadOnlyMemory`1 data, CancellationToken cancellationToken)
   at Microsoft.AspNetCore.Server.Kestrel.Core.Internal.Http.HttpResponseStream.WriteAsync(ReadOnlyMemory`1 source, CancellationToken cancellationToken)
   at Microsoft.AspNetCore.Http.StreamCopyOperationInternal.CopyToAsync(Stream source, Stream destination, Nullable`1 count, Int32 bufferSize, CancellationToken cancel)
   at Microsoft.AspNetCore.Http.SendFileFallback.SendFileAsync(Stream destination, String filePath, Int64 offset, Nullable`1 count, CancellationToken cancellationToken)
   at Microsoft.AspNetCore.Http.SendFileResponseExtensions.SendFileAsyncCore(HttpResponse response, String fileName, Int64 offset, Nullable`1 count, CancellationToken cancellationToken)
   at Microsoft.AspNetCore.Mvc.Infrastructure.ResourceInvoker.<InvokeNextResultFilterAsync>g__Awaited|30_0[TFilter,TFilterAsync](ResourceInvoker invoker, Task lastTask, State next, Scope scope, Object state, Boolean isCompleted)
   at Microsoft.AspNetCore.Mvc.Infrastructure.ResourceInvoker.Rethrow(ResultExecutedContextSealed context)
   at Microsoft.AspNetCore.Mvc.Infrastructure.ResourceInvoker.ResultNext[TFilter,TFilterAsync](State& next, Scope& scope, Object& state, Boolean& isCompleted)
   at Microsoft.AspNetCore.Mvc.Infrastructure.ResourceInvoker.<InvokeResultFilters>g__Awaited|28_0(ResourceInvoker invoker, Task lastTask, State next, Scope scope, Object state, Boolean isCompleted)
   at Microsoft.AspNetCore.Mvc.Infrastructure.ResourceInvoker.<InvokeFilterPipelineAsync>g__Awaited|20_0(ResourceInvoker invoker, Task lastTask, State next, Scope scope, Object state, Boolean isCompleted)
   at Microsoft.AspNetCore.Mvc.Infrastructure.ResourceInvoker.<InvokeAsync>g__Logged|17_1(ResourceInvoker invoker)
   at Microsoft.AspNetCore.Mvc.Infrastructure.ResourceInvoker.<InvokeAsync>g__Logged|17_1(ResourceInvoker invoker)
   at Microsoft.AspNetCore.Routing.EndpointMiddleware.<Invoke>g__AwaitRequestTask|7_0(Endpoint endpoint, Task requestTask, ILogger logger)
   at Microsoft.AspNetCore.Authorization.AuthorizationMiddleware.Invoke(HttpContext context)
   at Microsoft.AspNetCore.Authentication.AuthenticationMiddleware.Invoke(HttpContext context)
   at Microsoft.AspNetCore.Diagnostics.DeveloperExceptionPageMiddlewareImpl.Invoke(HttpContext context)
   at Microsoft.AspNetCore.Diagnostics.DeveloperExceptionPageMiddlewareImpl.Invoke(HttpContext context)
   at Microsoft.AspNetCore.Server.Kestrel.Core.Internal.Http.HttpProtocol.ProcessRequests[TContext](IHttpApplication`1 application)
2026-06-01 11:11:23.633 +03:00 [INF] Request finished HTTP/1.1 GET http://localhost:5130/api/log/download - 200 154549 text/plain 6.0581ms
2026-06-01 11:11:31.588 +03:00 [INF] Request starting HTTP/1.1 OPTIONS http://localhost:5130/api/log/download - null null
2026-06-01 11:11:31.588 +03:00 [INF] CORS policy execution successful.
2026-06-01 11:11:31.588 +03:00 [INF] Request finished HTTP/1.1 OPTIONS http://localhost:5130/api/log/download - 204 null null 0.7916ms
2026-06-01 11:11:31.590 +03:00 [INF] Request starting HTTP/1.1 GET http://localhost:5130/api/log/download - null null
2026-06-01 11:11:31.590 +03:00 [INF] CORS policy execution successful.
2026-06-01 11:11:31.591 +03:00 [INF] Executing endpoint 'AutoService.Controllers.LogController.Download (AutoService)'
2026-06-01 11:11:31.591 +03:00 [INF] Route matched with {action = "Download", controller = "Log"}. Executing controller action with signature Microsoft.AspNetCore.Mvc.IActionResult Download() on controller AutoService.Controllers.LogController (AutoService).
2026-06-01 11:11:31.591 +03:00 [INF] Executing PhysicalFileResult, sending file '/home/user/AutoService/AutoService/logs/autoservice-20260601.log' with download name 'logs.txt' ...
2026-06-01 11:11:31.592 +03:00 [INF] Executed action AutoService.Controllers.LogController.Download (AutoService) in 0.6705ms
2026-06-01 11:11:31.592 +03:00 [INF] Executed endpoint 'AutoService.Controllers.LogController.Download (AutoService)'
2026-06-01 11:11:31.592 +03:00 [ERR] An unhandled exception has occurred while executing the request.
System.InvalidOperationException: Response Content-Length mismatch: too many bytes written (162015 of 161834).
   at Microsoft.AspNetCore.Server.Kestrel.Core.Internal.Http.HttpProtocol.VerifyAndUpdateWrite(Int32 count)
   at Microsoft.AspNetCore.Server.Kestrel.Core.Internal.Http.HttpProtocol.WritePipeAsync(ReadOnlyMemory`1 data, CancellationToken cancellationToken)
   at Microsoft.AspNetCore.Server.Kestrel.Core.Internal.Http.HttpResponseStream.WriteAsync(ReadOnlyMemory`1 source, CancellationToken cancellationToken)
   at Microsoft.AspNetCore.Http.StreamCopyOperationInternal.CopyToAsync(Stream source, Stream destination, Nullable`1 count, Int32 bufferSize, CancellationToken cancel)
   at Microsoft.AspNetCore.Http.SendFileFallback.SendFileAsync(Stream destination, String filePath, Int64 offset, Nullable`1 count, CancellationToken cancellationToken)
   at Microsoft.AspNetCore.Http.SendFileResponseExtensions.SendFileAsyncCore(HttpResponse response, String fileName, Int64 offset, Nullable`1 count, CancellationToken cancellationToken)
   at Microsoft.AspNetCore.Mvc.Infrastructure.ResourceInvoker.<InvokeNextResultFilterAsync>g__Awaited|30_0[TFilter,TFilterAsync](ResourceInvoker invoker, Task lastTask, State next, Scope scope, Object state, Boolean isCompleted)
   at Microsoft.AspNetCore.Mvc.Infrastructure.ResourceInvoker.Rethrow(ResultExecutedContextSealed context)
   at Microsoft.AspNetCore.Mvc.Infrastructure.ResourceInvoker.ResultNext[TFilter,TFilterAsync](State& next, Scope& scope, Object& state, Boolean& isCompleted)
   at Microsoft.AspNetCore.Mvc.Infrastructure.ResourceInvoker.<InvokeResultFilters>g__Awaited|28_0(ResourceInvoker invoker, Task lastTask, State next, Scope scope, Object state, Boolean isCompleted)
   at Microsoft.AspNetCore.Mvc.Infrastructure.ResourceInvoker.<InvokeFilterPipelineAsync>g__Awaited|20_0(ResourceInvoker invoker, Task lastTask, State next, Scope scope, Object state, Boolean isCompleted)
   at Microsoft.AspNetCore.Mvc.Infrastructure.ResourceInvoker.<InvokeAsync>g__Logged|17_1(ResourceInvoker invoker)
   at Microsoft.AspNetCore.Mvc.Infrastructure.ResourceInvoker.<InvokeAsync>g__Logged|17_1(ResourceInvoker invoker)
   at Microsoft.AspNetCore.Routing.EndpointMiddleware.<Invoke>g__AwaitRequestTask|7_0(Endpoint endpoint, Task requestTask, ILogger logger)
   at Microsoft.AspNetCore.Authorization.AuthorizationMiddleware.Invoke(HttpContext context)
   at Microsoft.AspNetCore.Authentication.AuthenticationMiddleware.Invoke(HttpContext context)
   at Microsoft.AspNetCore.Diagnostics.DeveloperExceptionPageMiddlewareImpl.Invoke(HttpContext context)
2026-06-01 11:11:31.593 +03:00 [WRN] The response has already started, the error page middleware will not be executed.
2026-06-01 11:11:31.593 +03:00 [ERR] Connection id "0HNLVMKF2RPQ6", Request id "0HNLVMKF2RPQ6:00000002": An unhandled exception was thrown by the application.
System.InvalidOperationException: Response Content-Length mismatch: too many bytes written (162015 of 161834).
   at Microsoft.AspNetCore.Server.Kestrel.Core.Internal.Http.HttpProtocol.VerifyAndUpdateWrite(Int32 count)
   at Microsoft.AspNetCore.Server.Kestrel.Core.Internal.Http.HttpProtocol.WritePipeAsync(ReadOnlyMemory`1 data, CancellationToken cancellationToken)
   at Microsoft.AspNetCore.Server.Kestrel.Core.Internal.Http.HttpResponseStream.WriteAsync(ReadOnlyMemory`1 source, CancellationToken cancellationToken)
   at Microsoft.AspNetCore.Http.StreamCopyOperationInternal.CopyToAsync(Stream source, Stream destination, Nullable`1 count, Int32 bufferSize, CancellationToken cancel)
   at Microsoft.AspNetCore.Http.SendFileFallback.SendFileAsync(Stream destination, String filePath, Int64 offset, Nullable`1 count, CancellationToken cancellationToken)
   at Microsoft.AspNetCore.Http.SendFileResponseExtensions.SendFileAsyncCore(HttpResponse response, String fileName, Int64 offset, Nullable`1 count, CancellationToken cancellationToken)
   at Microsoft.AspNetCore.Mvc.Infrastructure.ResourceInvoker.<InvokeNextResultFilterAsync>g__Awaited|30_0[TFilter,TFilterAsync](ResourceInvoker invoker, Task lastTask, State next, Scope scope, Object state, Boolean isCompleted)
   at Microsoft.AspNetCore.Mvc.Infrastructure.ResourceInvoker.Rethrow(ResultExecutedContextSealed context)
   at Microsoft.AspNetCore.Mvc.Infrastructure.ResourceInvoker.ResultNext[TFilter,TFilterAsync](State& next, Scope& scope, Object& state, Boolean& isCompleted)
   at Microsoft.AspNetCore.Mvc.Infrastructure.ResourceInvoker.<InvokeResultFilters>g__Awaited|28_0(ResourceInvoker invoker, Task lastTask, State next, Scope scope, Object state, Boolean isCompleted)
   at Microsoft.AspNetCore.Mvc.Infrastructure.ResourceInvoker.<InvokeFilterPipelineAsync>g__Awaited|20_0(ResourceInvoker invoker, Task lastTask, State next, Scope scope, Object state, Boolean isCompleted)
   at Microsoft.AspNetCore.Mvc.Infrastructure.ResourceInvoker.<InvokeAsync>g__Logged|17_1(ResourceInvoker invoker)
   at Microsoft.AspNetCore.Mvc.Infrastructure.ResourceInvoker.<InvokeAsync>g__Logged|17_1(ResourceInvoker invoker)
   at Microsoft.AspNetCore.Routing.EndpointMiddleware.<Invoke>g__AwaitRequestTask|7_0(Endpoint endpoint, Task requestTask, ILogger logger)
   at Microsoft.AspNetCore.Authorization.AuthorizationMiddleware.Invoke(HttpContext context)
   at Microsoft.AspNetCore.Authentication.AuthenticationMiddleware.Invoke(HttpContext context)
   at Microsoft.AspNetCore.Diagnostics.DeveloperExceptionPageMiddlewareImpl.Invoke(HttpContext context)
   at Microsoft.AspNetCore.Diagnostics.DeveloperExceptionPageMiddlewareImpl.Invoke(HttpContext context)
   at Microsoft.AspNetCore.Server.Kestrel.Core.Internal.Http.HttpProtocol.ProcessRequests[TContext](IHttpApplication`1 application)
2026-06-01 11:11:31.594 +03:00 [INF] Request finished HTTP/1.1 GET http://localhost:5130/api/log/download - 200 161834 text/plain 3.5271ms
2026-06-01 11:11:44.639 +03:00 [INF] Request starting HTTP/1.1 OPTIONS http://localhost:5130/api/order/getOrders - null null
2026-06-01 11:11:44.639 +03:00 [INF] CORS policy execution successful.
2026-06-01 11:11:44.639 +03:00 [INF] Request finished HTTP/1.1 OPTIONS http://localhost:5130/api/order/getOrders - 204 null null 0.5235ms
2026-06-01 11:11:44.640 +03:00 [INF] Request starting HTTP/1.1 GET http://localhost:5130/api/order/getOrders - application/json null
2026-06-01 11:11:44.640 +03:00 [INF] CORS policy execution successful.
2026-06-01 11:11:44.641 +03:00 [INF] Executing endpoint 'AutoService.Controllers.OrderController.GetOrdersAsync (AutoService)'
2026-06-01 11:11:44.642 +03:00 [INF] Route matched with {action = "GetOrders", controller = "Order"}. Executing controller action with signature System.Threading.Tasks.Task`1[Microsoft.AspNetCore.Mvc.IActionResult] GetOrdersAsync() on controller AutoService.Controllers.OrderController (AutoService).
2026-06-01 11:11:44.657 +03:00 [INF] Executed DbCommand (3ms) [Parameters=[], CommandType='"Text"', CommandTimeout='30']
SELECT `o`.`Id`, `o`.`ClientId`, `o`.`Comment`, `o`.`CreatedAt`, `o`.`Status`, `o`.`TotalAmount`, `o`.`VehicleId`, `c`.`Id`, `c`.`Address`, `c`.`PhoneNumber`, `c`.`UserId`, `u`.`Id`, `u`.`Email`, `u`.`FullName`, `u`.`PasswordHash`, `u`.`Role`, `v`.`Id`, `v0`.`Id`, `v0`.`Model`, `v0`.`OwnerId`, `v0`.`RegistrationNumber`, `v0`.`VinNumber`, `v0`.`Year`, `v`.`Model`, `v`.`OwnerId`, `v`.`RegistrationNumber`, `v`.`VinNumber`, `v`.`Year`, `s0`.`Id`, `s0`.`EmployeeId`, `s0`.`OrderId`, `s0`.`PriceAtSale`, `s0`.`Quantity`, `s0`.`ServiceId`, `s0`.`Id0`, `s0`.`CategoryId`, `s0`.`Description`, `s0`.`Name`, `s0`.`Price`, `s1`.`Id`, `s1`.`DetailId`, `s1`.`OrderId`, `s1`.`PriceAtSale`, `s1`.`Quantity`, `s1`.`Id0`, `s1`.`CategoryId`, `s1`.`Description`, `s1`.`Name`, `s1`.`Price`
FROM `Orders` AS `o`
LEFT JOIN `Clients` AS `c` ON `o`.`ClientId` = `c`.`Id`
LEFT JOIN `Users` AS `u` ON `c`.`UserId` = `u`.`Id`
LEFT JOIN `Vehicles` AS `v` ON `o`.`VehicleId` = `v`.`Id`
LEFT JOIN `Vehicles` AS `v0` ON `c`.`Id` = `v0`.`OwnerId`
LEFT JOIN (
    SELECT `o0`.`Id`, `o0`.`EmployeeId`, `o0`.`OrderId`, `o0`.`PriceAtSale`, `o0`.`Quantity`, `o0`.`ServiceId`, `s`.`Id` AS `Id0`, `s`.`CategoryId`, `s`.`Description`, `s`.`Name`, `s`.`Price`
    FROM `OrderServices` AS `o0`
    INNER JOIN `Services` AS `s` ON `o0`.`ServiceId` = `s`.`Id`
) AS `s0` ON `o`.`Id` = `s0`.`OrderId`
LEFT JOIN (
    SELECT `o1`.`Id`, `o1`.`DetailId`, `o1`.`OrderId`, `o1`.`PriceAtSale`, `o1`.`Quantity`, `d`.`Id` AS `Id0`, `d`.`CategoryId`, `d`.`Description`, `d`.`Name`, `d`.`Price`
    FROM `OrderDetails` AS `o1`
    INNER JOIN `Details` AS `d` ON `o1`.`DetailId` = `d`.`Id`
) AS `s1` ON `o`.`Id` = `s1`.`OrderId`
ORDER BY `o`.`Id`, `c`.`Id`, `u`.`Id`, `v`.`Id`, `v0`.`Id`, `s0`.`Id`, `s0`.`Id0`, `s1`.`Id`
2026-06-01 11:11:44.671 +03:00 [INF] Executing OkObjectResult, writing value of type 'System.Linq.Enumerable+ListSelectIterator`2[[AutoService.Models.Order.Order, AutoService, Version=1.0.0.0, Culture=neutral, PublicKeyToken=null],[AutoService.DTOs.Order.OrderDto, AutoService, Version=1.0.0.0, Culture=neutral, PublicKeyToken=null]]'.
2026-06-01 11:11:44.672 +03:00 [INF] Executed action AutoService.Controllers.OrderController.GetOrdersAsync (AutoService) in 30.0082ms
2026-06-01 11:11:44.672 +03:00 [INF] Executed endpoint 'AutoService.Controllers.OrderController.GetOrdersAsync (AutoService)'
2026-06-01 11:11:44.672 +03:00 [INF] Request finished HTTP/1.1 GET http://localhost:5130/api/order/getOrders - 200 null application/json; charset=utf-8 32.1335ms
2026-06-01 11:11:44.674 +03:00 [INF] Request starting HTTP/1.1 GET http://localhost:5130/api/order/getOrders - application/json null
2026-06-01 11:11:44.674 +03:00 [INF] CORS policy execution successful.
2026-06-01 11:11:44.674 +03:00 [INF] Executing endpoint 'AutoService.Controllers.OrderController.GetOrdersAsync (AutoService)'
2026-06-01 11:11:44.674 +03:00 [INF] Route matched with {action = "GetOrders", controller = "Order"}. Executing controller action with signature System.Threading.Tasks.Task`1[Microsoft.AspNetCore.Mvc.IActionResult] GetOrdersAsync() on controller AutoService.Controllers.OrderController (AutoService).
2026-06-01 11:11:44.682 +03:00 [INF] Executed DbCommand (2ms) [Parameters=[], CommandType='"Text"', CommandTimeout='30']
SELECT `o`.`Id`, `o`.`ClientId`, `o`.`Comment`, `o`.`CreatedAt`, `o`.`Status`, `o`.`TotalAmount`, `o`.`VehicleId`, `c`.`Id`, `c`.`Address`, `c`.`PhoneNumber`, `c`.`UserId`, `u`.`Id`, `u`.`Email`, `u`.`FullName`, `u`.`PasswordHash`, `u`.`Role`, `v`.`Id`, `v0`.`Id`, `v0`.`Model`, `v0`.`OwnerId`, `v0`.`RegistrationNumber`, `v0`.`VinNumber`, `v0`.`Year`, `v`.`Model`, `v`.`OwnerId`, `v`.`RegistrationNumber`, `v`.`VinNumber`, `v`.`Year`, `s0`.`Id`, `s0`.`EmployeeId`, `s0`.`OrderId`, `s0`.`PriceAtSale`, `s0`.`Quantity`, `s0`.`ServiceId`, `s0`.`Id0`, `s0`.`CategoryId`, `s0`.`Description`, `s0`.`Name`, `s0`.`Price`, `s1`.`Id`, `s1`.`DetailId`, `s1`.`OrderId`, `s1`.`PriceAtSale`, `s1`.`Quantity`, `s1`.`Id0`, `s1`.`CategoryId`, `s1`.`Description`, `s1`.`Name`, `s1`.`Price`
FROM `Orders` AS `o`
LEFT JOIN `Clients` AS `c` ON `o`.`ClientId` = `c`.`Id`
LEFT JOIN `Users` AS `u` ON `c`.`UserId` = `u`.`Id`
LEFT JOIN `Vehicles` AS `v` ON `o`.`VehicleId` = `v`.`Id`
LEFT JOIN `Vehicles` AS `v0` ON `c`.`Id` = `v0`.`OwnerId`
LEFT JOIN (
    SELECT `o0`.`Id`, `o0`.`EmployeeId`, `o0`.`OrderId`, `o0`.`PriceAtSale`, `o0`.`Quantity`, `o0`.`ServiceId`, `s`.`Id` AS `Id0`, `s`.`CategoryId`, `s`.`Description`, `s`.`Name`, `s`.`Price`
    FROM `OrderServices` AS `o0`
    INNER JOIN `Services` AS `s` ON `o0`.`ServiceId` = `s`.`Id`
) AS `s0` ON `o`.`Id` = `s0`.`OrderId`
LEFT JOIN (
    SELECT `o1`.`Id`, `o1`.`DetailId`, `o1`.`OrderId`, `o1`.`PriceAtSale`, `o1`.`Quantity`, `d`.`Id` AS `Id0`, `d`.`CategoryId`, `d`.`Description`, `d`.`Name`, `d`.`Price`
    FROM `OrderDetails` AS `o1`
    INNER JOIN `Details` AS `d` ON `o1`.`DetailId` = `d`.`Id`
) AS `s1` ON `o`.`Id` = `s1`.`OrderId`
ORDER BY `o`.`Id`, `c`.`Id`, `u`.`Id`, `v`.`Id`, `v0`.`Id`, `s0`.`Id`, `s0`.`Id0`, `s1`.`Id`
2026-06-01 11:11:44.695 +03:00 [INF] Executing OkObjectResult, writing value of type 'System.Linq.Enumerable+ListSelectIterator`2[[AutoService.Models.Order.Order, AutoService, Version=1.0.0.0, Culture=neutral, PublicKeyToken=null],[AutoService.DTOs.Order.OrderDto, AutoService, Version=1.0.0.0, Culture=neutral, PublicKeyToken=null]]'.
2026-06-01 11:11:44.695 +03:00 [INF] Executed action AutoService.Controllers.OrderController.GetOrdersAsync (AutoService) in 20.8127ms
2026-06-01 11:11:44.696 +03:00 [INF] Executed endpoint 'AutoService.Controllers.OrderController.GetOrdersAsync (AutoService)'
2026-06-01 11:11:44.696 +03:00 [INF] Request finished HTTP/1.1 GET http://localhost:5130/api/order/getOrders - 200 null application/json; charset=utf-8 22.2721ms
2026-06-01 11:11:46.075 +03:00 [INF] Request starting HTTP/1.1 OPTIONS http://localhost:5130/api/log/download - null null
2026-06-01 11:11:46.076 +03:00 [INF] CORS policy execution successful.
2026-06-01 11:11:46.076 +03:00 [INF] Request finished HTTP/1.1 OPTIONS http://localhost:5130/api/log/download - 204 null null 0.7027ms
2026-06-01 11:11:46.077 +03:00 [INF] Request starting HTTP/1.1 GET http://localhost:5130/api/log/download - null null
2026-06-01 11:11:46.077 +03:00 [INF] CORS policy execution successful.
2026-06-01 11:11:46.078 +03:00 [INF] Executing endpoint 'AutoService.Controllers.LogController.Download (AutoService)'
2026-06-01 11:11:46.078 +03:00 [INF] Route matched with {action = "Download", controller = "Log"}. Executing controller action with signature Microsoft.AspNetCore.Mvc.IActionResult Download() on controller AutoService.Controllers.LogController (AutoService).
2026-06-01 11:11:46.078 +03:00 [INF] Executing PhysicalFileResult, sending file '/home/user/AutoService/AutoService/logs/autoservice-20260601.log' with download name 'logs.txt' ...
2026-06-01 11:11:46.079 +03:00 [INF] Executed action AutoService.Controllers.LogController.Download (AutoService) in 0.8495ms
2026-06-01 11:11:46.079 +03:00 [INF] Executed endpoint 'AutoService.Controllers.LogController.Download (AutoService)'
2026-06-01 11:11:46.079 +03:00 [ERR] An unhandled exception has occurred while executing the request.
System.InvalidOperationException: Response Content-Length mismatch: too many bytes written (176194 of 176013).
   at Microsoft.AspNetCore.Server.Kestrel.Core.Internal.Http.HttpProtocol.VerifyAndUpdateWrite(Int32 count)
   at Microsoft.AspNetCore.Server.Kestrel.Core.Internal.Http.HttpProtocol.WritePipeAsync(ReadOnlyMemory`1 data, CancellationToken cancellationToken)
   at Microsoft.AspNetCore.Server.Kestrel.Core.Internal.Http.HttpResponsePipeWriter.WriteAsync(ReadOnlyMemory`1 source, CancellationToken cancellationToken)
   at Microsoft.AspNetCore.Server.Kestrel.Core.Internal.Http.HttpResponseStream.WriteAsync(ReadOnlyMemory`1 source, CancellationToken cancellationToken)
   at Microsoft.AspNetCore.Http.StreamCopyOperationInternal.CopyToAsync(Stream source, Stream destination, Nullable`1 count, Int32 bufferSize, CancellationToken cancel)
   at Microsoft.AspNetCore.Http.SendFileFallback.SendFileAsync(Stream destination, String filePath, Int64 offset, Nullable`1 count, CancellationToken cancellationToken)
   at Microsoft.AspNetCore.Http.SendFileResponseExtensions.SendFileAsyncCore(HttpResponse response, String fileName, Int64 offset, Nullable`1 count, CancellationToken cancellationToken)
   at Microsoft.AspNetCore.Mvc.Infrastructure.ResourceInvoker.<InvokeNextResultFilterAsync>g__Awaited|30_0[TFilter,TFilterAsync](ResourceInvoker invoker, Task lastTask, State next, Scope scope, Object state, Boolean isCompleted)
   at Microsoft.AspNetCore.Mvc.Infrastructure.ResourceInvoker.Rethrow(ResultExecutedContextSealed context)
   at Microsoft.AspNetCore.Mvc.Infrastructure.ResourceInvoker.ResultNext[TFilter,TFilterAsync](State& next, Scope& scope, Object& state, Boolean& isCompleted)
   at Microsoft.AspNetCore.Mvc.Infrastructure.ResourceInvoker.<InvokeResultFilters>g__Awaited|28_0(ResourceInvoker invoker, Task lastTask, State next, Scope scope, Object state, Boolean isCompleted)
   at Microsoft.AspNetCore.Mvc.Infrastructure.ResourceInvoker.<InvokeFilterPipelineAsync>g__Awaited|20_0(ResourceInvoker invoker, Task lastTask, State next, Scope scope, Object state, Boolean isCompleted)
   at Microsoft.AspNetCore.Mvc.Infrastructure.ResourceInvoker.<InvokeAsync>g__Logged|17_1(ResourceInvoker invoker)
   at Microsoft.AspNetCore.Mvc.Infrastructure.ResourceInvoker.<InvokeAsync>g__Logged|17_1(ResourceInvoker invoker)
   at Microsoft.AspNetCore.Routing.EndpointMiddleware.<Invoke>g__AwaitRequestTask|7_0(Endpoint endpoint, Task requestTask, ILogger logger)
   at Microsoft.AspNetCore.Authorization.AuthorizationMiddleware.Invoke(HttpContext context)
   at Microsoft.AspNetCore.Authentication.AuthenticationMiddleware.Invoke(HttpContext context)
   at Microsoft.AspNetCore.Diagnostics.DeveloperExceptionPageMiddlewareImpl.Invoke(HttpContext context)
2026-06-01 11:11:46.080 +03:00 [WRN] The response has already started, the error page middleware will not be executed.
2026-06-01 11:11:46.080 +03:00 [ERR] Connection id "0HNLVMKF2RPQ7", Request id "0HNLVMKF2RPQ7:00000005": An unhandled exception was thrown by the application.
System.InvalidOperationException: Response Content-Length mismatch: too many bytes written (176194 of 176013).
   at Microsoft.AspNetCore.Server.Kestrel.Core.Internal.Http.HttpProtocol.VerifyAndUpdateWrite(Int32 count)
   at Microsoft.AspNetCore.Server.Kestrel.Core.Internal.Http.HttpProtocol.WritePipeAsync(ReadOnlyMemory`1 data, CancellationToken cancellationToken)
   at Microsoft.AspNetCore.Server.Kestrel.Core.Internal.Http.HttpResponsePipeWriter.WriteAsync(ReadOnlyMemory`1 source, CancellationToken cancellationToken)
   at Microsoft.AspNetCore.Server.Kestrel.Core.Internal.Http.HttpResponseStream.WriteAsync(ReadOnlyMemory`1 source, CancellationToken cancellationToken)
   at Microsoft.AspNetCore.Http.StreamCopyOperationInternal.CopyToAsync(Stream source, Stream destination, Nullable`1 count, Int32 bufferSize, CancellationToken cancel)
   at Microsoft.AspNetCore.Http.SendFileFallback.SendFileAsync(Stream destination, String filePath, Int64 offset, Nullable`1 count, CancellationToken cancellationToken)
   at Microsoft.AspNetCore.Http.SendFileResponseExtensions.SendFileAsyncCore(HttpResponse response, String fileName, Int64 offset, Nullable`1 count, CancellationToken cancellationToken)
   at Microsoft.AspNetCore.Mvc.Infrastructure.ResourceInvoker.<InvokeNextResultFilterAsync>g__Awaited|30_0[TFilter,TFilterAsync](ResourceInvoker invoker, Task lastTask, State next, Scope scope, Object state, Boolean isCompleted)
   at Microsoft.AspNetCore.Mvc.Infrastructure.ResourceInvoker.Rethrow(ResultExecutedContextSealed context)
   at Microsoft.AspNetCore.Mvc.Infrastructure.ResourceInvoker.ResultNext[TFilter,TFilterAsync](State& next, Scope& scope, Object& state, Boolean& isCompleted)
   at Microsoft.AspNetCore.Mvc.Infrastructure.ResourceInvoker.<InvokeResultFilters>g__Awaited|28_0(ResourceInvoker invoker, Task lastTask, State next, Scope scope, Object state, Boolean isCompleted)
   at Microsoft.AspNetCore.Mvc.Infrastructure.ResourceInvoker.<InvokeFilterPipelineAsync>g__Awaited|20_0(ResourceInvoker invoker, Task lastTask, State next, Scope scope, Object state, Boolean isCompleted)
   at Microsoft.AspNetCore.Mvc.Infrastructure.ResourceInvoker.<InvokeAsync>g__Logged|17_1(ResourceInvoker invoker)
   at Microsoft.AspNetCore.Mvc.Infrastructure.ResourceInvoker.<InvokeAsync>g__Logged|17_1(ResourceInvoker invoker)
   at Microsoft.AspNetCore.Routing.EndpointMiddleware.<Invoke>g__AwaitRequestTask|7_0(Endpoint endpoint, Task requestTask, ILogger logger)
   at Microsoft.AspNetCore.Authorization.AuthorizationMiddleware.Invoke(HttpContext context)
   at Microsoft.AspNetCore.Authentication.AuthenticationMiddleware.Invoke(HttpContext context)
   at Microsoft.AspNetCore.Diagnostics.DeveloperExceptionPageMiddlewareImpl.Invoke(HttpContext context)
   at Microsoft.AspNetCore.Diagnostics.DeveloperExceptionPageMiddlewareImpl.Invoke(HttpContext context)
   at Microsoft.AspNetCore.Server.Kestrel.Core.Internal.Http.HttpProtocol.ProcessRequests[TContext](IHttpApplication`1 application)
2026-06-01 11:11:46.082 +03:00 [INF] Request finished HTTP/1.1 GET http://localhost:5130/api/log/download - 200 176013 text/plain 4.6372ms
2026-06-01 11:12:39.331 +03:00 [INF] Application is shutting down...
2026-06-01 11:12:43.438 +03:00 [INF] User profile is available. Using '/home/user/.aspnet/DataProtection-Keys' as key repository; keys will not be encrypted at rest.
2026-06-01 11:12:43.555 +03:00 [INF] Now listening on: http://localhost:5130
2026-06-01 11:12:43.557 +03:00 [INF] Application started. Press Ctrl+C to shut down.
2026-06-01 11:12:43.557 +03:00 [INF] Hosting environment: Development
2026-06-01 11:12:43.557 +03:00 [INF] Content root path: /home/user/AutoService/AutoService
2026-06-01 11:12:44.627 +03:00 [INF] Request starting HTTP/1.1 OPTIONS http://localhost:5130/api/order/getOrders - null null
2026-06-01 11:12:44.648 +03:00 [INF] CORS policy execution successful.
2026-06-01 11:12:44.652 +03:00 [INF] Request finished HTTP/1.1 OPTIONS http://localhost:5130/api/order/getOrders - 204 null null 26.2484ms
2026-06-01 11:12:44.655 +03:00 [INF] Request starting HTTP/1.1 GET http://localhost:5130/api/order/getOrders - application/json null
2026-06-01 11:12:44.657 +03:00 [INF] CORS policy execution successful.
2026-06-01 11:12:44.718 +03:00 [INF] Executing endpoint 'AutoService.Controllers.OrderController.GetOrdersAsync (AutoService)'
2026-06-01 11:12:44.733 +03:00 [INF] Route matched with {action = "GetOrders", controller = "Order"}. Executing controller action with signature System.Threading.Tasks.Task`1[Microsoft.AspNetCore.Mvc.IActionResult] GetOrdersAsync() on controller AutoService.Controllers.OrderController (AutoService).
2026-06-01 11:12:45.661 +03:00 [WRN] Compiling a query which loads related collections for more than one collection navigation, either via 'Include' or through projection, but no 'QuerySplittingBehavior' has been configured. By default, Entity Framework will use 'QuerySplittingBehavior.SingleQuery', which can potentially result in slow query performance. See https://go.microsoft.com/fwlink/?linkid=2134277 for more information. To identify the query that's triggering this warning call 'ConfigureWarnings(w => w.Throw(RelationalEventId.MultipleCollectionIncludeWarning))'.
2026-06-01 11:12:45.748 +03:00 [INF] Executed DbCommand (14ms) [Parameters=[], CommandType='"Text"', CommandTimeout='30']
SELECT `o`.`Id`, `o`.`ClientId`, `o`.`Comment`, `o`.`CreatedAt`, `o`.`Status`, `o`.`TotalAmount`, `o`.`VehicleId`, `c`.`Id`, `c`.`Address`, `c`.`PhoneNumber`, `c`.`UserId`, `u`.`Id`, `u`.`Email`, `u`.`FullName`, `u`.`PasswordHash`, `u`.`Role`, `v`.`Id`, `v0`.`Id`, `v0`.`Model`, `v0`.`OwnerId`, `v0`.`RegistrationNumber`, `v0`.`VinNumber`, `v0`.`Year`, `v`.`Model`, `v`.`OwnerId`, `v`.`RegistrationNumber`, `v`.`VinNumber`, `v`.`Year`, `s0`.`Id`, `s0`.`EmployeeId`, `s0`.`OrderId`, `s0`.`PriceAtSale`, `s0`.`Quantity`, `s0`.`ServiceId`, `s0`.`Id0`, `s0`.`CategoryId`, `s0`.`Description`, `s0`.`Name`, `s0`.`Price`, `s1`.`Id`, `s1`.`DetailId`, `s1`.`OrderId`, `s1`.`PriceAtSale`, `s1`.`Quantity`, `s1`.`Id0`, `s1`.`CategoryId`, `s1`.`Description`, `s1`.`Name`, `s1`.`Price`
FROM `Orders` AS `o`
LEFT JOIN `Clients` AS `c` ON `o`.`ClientId` = `c`.`Id`
LEFT JOIN `Users` AS `u` ON `c`.`UserId` = `u`.`Id`
LEFT JOIN `Vehicles` AS `v` ON `o`.`VehicleId` = `v`.`Id`
LEFT JOIN `Vehicles` AS `v0` ON `c`.`Id` = `v0`.`OwnerId`
LEFT JOIN (
    SELECT `o0`.`Id`, `o0`.`EmployeeId`, `o0`.`OrderId`, `o0`.`PriceAtSale`, `o0`.`Quantity`, `o0`.`ServiceId`, `s`.`Id` AS `Id0`, `s`.`CategoryId`, `s`.`Description`, `s`.`Name`, `s`.`Price`
    FROM `OrderServices` AS `o0`
    INNER JOIN `Services` AS `s` ON `o0`.`ServiceId` = `s`.`Id`
) AS `s0` ON `o`.`Id` = `s0`.`OrderId`
LEFT JOIN (
    SELECT `o1`.`Id`, `o1`.`DetailId`, `o1`.`OrderId`, `o1`.`PriceAtSale`, `o1`.`Quantity`, `d`.`Id` AS `Id0`, `d`.`CategoryId`, `d`.`Description`, `d`.`Name`, `d`.`Price`
    FROM `OrderDetails` AS `o1`
    INNER JOIN `Details` AS `d` ON `o1`.`DetailId` = `d`.`Id`
) AS `s1` ON `o`.`Id` = `s1`.`OrderId`
ORDER BY `o`.`Id`, `c`.`Id`, `u`.`Id`, `v`.`Id`, `v0`.`Id`, `s0`.`Id`, `s0`.`Id0`, `s1`.`Id`
2026-06-01 11:12:45.929 +03:00 [INF] Executing OkObjectResult, writing value of type 'System.Linq.Enumerable+ListSelectIterator`2[[AutoService.Models.Order.Order, AutoService, Version=1.0.0.0, Culture=neutral, PublicKeyToken=null],[AutoService.DTOs.Order.OrderDto, AutoService, Version=1.0.0.0, Culture=neutral, PublicKeyToken=null]]'.
2026-06-01 11:12:45.979 +03:00 [INF] Executed action AutoService.Controllers.OrderController.GetOrdersAsync (AutoService) in 1243.4019ms
2026-06-01 11:12:45.980 +03:00 [INF] Executed endpoint 'AutoService.Controllers.OrderController.GetOrdersAsync (AutoService)'
2026-06-01 11:12:45.986 +03:00 [INF] Request finished HTTP/1.1 GET http://localhost:5130/api/order/getOrders - 200 null application/json; charset=utf-8 1331.5311ms
2026-06-01 11:12:45.987 +03:00 [INF] Request starting HTTP/1.1 GET http://localhost:5130/api/order/getOrders - application/json null
2026-06-01 11:12:45.987 +03:00 [INF] CORS policy execution successful.
2026-06-01 11:12:45.990 +03:00 [INF] Executing endpoint 'AutoService.Controllers.OrderController.GetOrdersAsync (AutoService)'
2026-06-01 11:12:45.991 +03:00 [INF] Route matched with {action = "GetOrders", controller = "Order"}. Executing controller action with signature System.Threading.Tasks.Task`1[Microsoft.AspNetCore.Mvc.IActionResult] GetOrdersAsync() on controller AutoService.Controllers.OrderController (AutoService).
2026-06-01 11:12:46.016 +03:00 [INF] Executed DbCommand (2ms) [Parameters=[], CommandType='"Text"', CommandTimeout='30']
SELECT `o`.`Id`, `o`.`ClientId`, `o`.`Comment`, `o`.`CreatedAt`, `o`.`Status`, `o`.`TotalAmount`, `o`.`VehicleId`, `c`.`Id`, `c`.`Address`, `c`.`PhoneNumber`, `c`.`UserId`, `u`.`Id`, `u`.`Email`, `u`.`FullName`, `u`.`PasswordHash`, `u`.`Role`, `v`.`Id`, `v0`.`Id`, `v0`.`Model`, `v0`.`OwnerId`, `v0`.`RegistrationNumber`, `v0`.`VinNumber`, `v0`.`Year`, `v`.`Model`, `v`.`OwnerId`, `v`.`RegistrationNumber`, `v`.`VinNumber`, `v`.`Year`, `s0`.`Id`, `s0`.`EmployeeId`, `s0`.`OrderId`, `s0`.`PriceAtSale`, `s0`.`Quantity`, `s0`.`ServiceId`, `s0`.`Id0`, `s0`.`CategoryId`, `s0`.`Description`, `s0`.`Name`, `s0`.`Price`, `s1`.`Id`, `s1`.`DetailId`, `s1`.`OrderId`, `s1`.`PriceAtSale`, `s1`.`Quantity`, `s1`.`Id0`, `s1`.`CategoryId`, `s1`.`Description`, `s1`.`Name`, `s1`.`Price`
FROM `Orders` AS `o`
LEFT JOIN `Clients` AS `c` ON `o`.`ClientId` = `c`.`Id`
LEFT JOIN `Users` AS `u` ON `c`.`UserId` = `u`.`Id`
LEFT JOIN `Vehicles` AS `v` ON `o`.`VehicleId` = `v`.`Id`
LEFT JOIN `Vehicles` AS `v0` ON `c`.`Id` = `v0`.`OwnerId`
LEFT JOIN (
    SELECT `o0`.`Id`, `o0`.`EmployeeId`, `o0`.`OrderId`, `o0`.`PriceAtSale`, `o0`.`Quantity`, `o0`.`ServiceId`, `s`.`Id` AS `Id0`, `s`.`CategoryId`, `s`.`Description`, `s`.`Name`, `s`.`Price`
    FROM `OrderServices` AS `o0`
    INNER JOIN `Services` AS `s` ON `o0`.`ServiceId` = `s`.`Id`
) AS `s0` ON `o`.`Id` = `s0`.`OrderId`
LEFT JOIN (
    SELECT `o1`.`Id`, `o1`.`DetailId`, `o1`.`OrderId`, `o1`.`PriceAtSale`, `o1`.`Quantity`, `d`.`Id` AS `Id0`, `d`.`CategoryId`, `d`.`Description`, `d`.`Name`, `d`.`Price`
    FROM `OrderDetails` AS `o1`
    INNER JOIN `Details` AS `d` ON `o1`.`DetailId` = `d`.`Id`
) AS `s1` ON `o`.`Id` = `s1`.`OrderId`
ORDER BY `o`.`Id`, `c`.`Id`, `u`.`Id`, `v`.`Id`, `v0`.`Id`, `s0`.`Id`, `s0`.`Id0`, `s1`.`Id`
2026-06-01 11:12:46.038 +03:00 [INF] Executing OkObjectResult, writing value of type 'System.Linq.Enumerable+ListSelectIterator`2[[AutoService.Models.Order.Order, AutoService, Version=1.0.0.0, Culture=neutral, PublicKeyToken=null],[AutoService.DTOs.Order.OrderDto, AutoService, Version=1.0.0.0, Culture=neutral, PublicKeyToken=null]]'.
2026-06-01 11:12:46.039 +03:00 [INF] Executed action AutoService.Controllers.OrderController.GetOrdersAsync (AutoService) in 48.032ms
2026-06-01 11:12:46.039 +03:00 [INF] Executed endpoint 'AutoService.Controllers.OrderController.GetOrdersAsync (AutoService)'
2026-06-01 11:12:46.039 +03:00 [INF] Request finished HTTP/1.1 GET http://localhost:5130/api/order/getOrders - 200 null application/json; charset=utf-8 52.4883ms
2026-06-01 11:12:47.619 +03:00 [INF] Request starting HTTP/1.1 GET http://localhost:5130/api/order/getOrders - application/json null
2026-06-01 11:12:47.620 +03:00 [INF] CORS policy execution successful.
2026-06-01 11:12:47.626 +03:00 [INF] Executing endpoint 'AutoService.Controllers.OrderController.GetOrdersAsync (AutoService)'
2026-06-01 11:12:47.627 +03:00 [INF] Route matched with {action = "GetOrders", controller = "Order"}. Executing controller action with signature System.Threading.Tasks.Task`1[Microsoft.AspNetCore.Mvc.IActionResult] GetOrdersAsync() on controller AutoService.Controllers.OrderController (AutoService).
2026-06-01 11:12:47.709 +03:00 [INF] Executed DbCommand (4ms) [Parameters=[], CommandType='"Text"', CommandTimeout='30']
SELECT `o`.`Id`, `o`.`ClientId`, `o`.`Comment`, `o`.`CreatedAt`, `o`.`Status`, `o`.`TotalAmount`, `o`.`VehicleId`, `c`.`Id`, `c`.`Address`, `c`.`PhoneNumber`, `c`.`UserId`, `u`.`Id`, `u`.`Email`, `u`.`FullName`, `u`.`PasswordHash`, `u`.`Role`, `v`.`Id`, `v0`.`Id`, `v0`.`Model`, `v0`.`OwnerId`, `v0`.`RegistrationNumber`, `v0`.`VinNumber`, `v0`.`Year`, `v`.`Model`, `v`.`OwnerId`, `v`.`RegistrationNumber`, `v`.`VinNumber`, `v`.`Year`, `s0`.`Id`, `s0`.`EmployeeId`, `s0`.`OrderId`, `s0`.`PriceAtSale`, `s0`.`Quantity`, `s0`.`ServiceId`, `s0`.`Id0`, `s0`.`CategoryId`, `s0`.`Description`, `s0`.`Name`, `s0`.`Price`, `s1`.`Id`, `s1`.`DetailId`, `s1`.`OrderId`, `s1`.`PriceAtSale`, `s1`.`Quantity`, `s1`.`Id0`, `s1`.`CategoryId`, `s1`.`Description`, `s1`.`Name`, `s1`.`Price`
FROM `Orders` AS `o`
LEFT JOIN `Clients` AS `c` ON `o`.`ClientId` = `c`.`Id`
LEFT JOIN `Users` AS `u` ON `c`.`UserId` = `u`.`Id`
LEFT JOIN `Vehicles` AS `v` ON `o`.`VehicleId` = `v`.`Id`
LEFT JOIN `Vehicles` AS `v0` ON `c`.`Id` = `v0`.`OwnerId`
LEFT JOIN (
    SELECT `o0`.`Id`, `o0`.`EmployeeId`, `o0`.`OrderId`, `o0`.`PriceAtSale`, `o0`.`Quantity`, `o0`.`ServiceId`, `s`.`Id` AS `Id0`, `s`.`CategoryId`, `s`.`Description`, `s`.`Name`, `s`.`Price`
    FROM `OrderServices` AS `o0`
    INNER JOIN `Services` AS `s` ON `o0`.`ServiceId` = `s`.`Id`
) AS `s0` ON `o`.`Id` = `s0`.`OrderId`
LEFT JOIN (
    SELECT `o1`.`Id`, `o1`.`DetailId`, `o1`.`OrderId`, `o1`.`PriceAtSale`, `o1`.`Quantity`, `d`.`Id` AS `Id0`, `d`.`CategoryId`, `d`.`Description`, `d`.`Name`, `d`.`Price`
    FROM `OrderDetails` AS `o1`
    INNER JOIN `Details` AS `d` ON `o1`.`DetailId` = `d`.`Id`
) AS `s1` ON `o`.`Id` = `s1`.`OrderId`
ORDER BY `o`.`Id`, `c`.`Id`, `u`.`Id`, `v`.`Id`, `v0`.`Id`, `s0`.`Id`, `s0`.`Id0`, `s1`.`Id`
2026-06-01 11:12:47.721 +03:00 [INF] Executing OkObjectResult, writing value of type 'System.Linq.Enumerable+ListSelectIterator`2[[AutoService.Models.Order.Order, AutoService, Version=1.0.0.0, Culture=neutral, PublicKeyToken=null],[AutoService.DTOs.Order.OrderDto, AutoService, Version=1.0.0.0, Culture=neutral, PublicKeyToken=null]]'.
2026-06-01 11:12:47.722 +03:00 [INF] Executed action AutoService.Controllers.OrderController.GetOrdersAsync (AutoService) in 94.3937ms
2026-06-01 11:12:47.722 +03:00 [INF] Executed endpoint 'AutoService.Controllers.OrderController.GetOrdersAsync (AutoService)'
2026-06-01 11:12:47.722 +03:00 [INF] Request finished HTTP/1.1 GET http://localhost:5130/api/order/getOrders - 200 null application/json; charset=utf-8 103.69ms
2026-06-01 11:12:47.724 +03:00 [INF] Request starting HTTP/1.1 GET http://localhost:5130/api/order/getOrders - application/json null
2026-06-01 11:12:47.725 +03:00 [INF] CORS policy execution successful.
2026-06-01 11:12:47.725 +03:00 [INF] Executing endpoint 'AutoService.Controllers.OrderController.GetOrdersAsync (AutoService)'
2026-06-01 11:12:47.726 +03:00 [INF] Route matched with {action = "GetOrders", controller = "Order"}. Executing controller action with signature System.Threading.Tasks.Task`1[Microsoft.AspNetCore.Mvc.IActionResult] GetOrdersAsync() on controller AutoService.Controllers.OrderController (AutoService).
2026-06-01 11:12:47.734 +03:00 [INF] Executed DbCommand (2ms) [Parameters=[], CommandType='"Text"', CommandTimeout='30']
SELECT `o`.`Id`, `o`.`ClientId`, `o`.`Comment`, `o`.`CreatedAt`, `o`.`Status`, `o`.`TotalAmount`, `o`.`VehicleId`, `c`.`Id`, `c`.`Address`, `c`.`PhoneNumber`, `c`.`UserId`, `u`.`Id`, `u`.`Email`, `u`.`FullName`, `u`.`PasswordHash`, `u`.`Role`, `v`.`Id`, `v0`.`Id`, `v0`.`Model`, `v0`.`OwnerId`, `v0`.`RegistrationNumber`, `v0`.`VinNumber`, `v0`.`Year`, `v`.`Model`, `v`.`OwnerId`, `v`.`RegistrationNumber`, `v`.`VinNumber`, `v`.`Year`, `s0`.`Id`, `s0`.`EmployeeId`, `s0`.`OrderId`, `s0`.`PriceAtSale`, `s0`.`Quantity`, `s0`.`ServiceId`, `s0`.`Id0`, `s0`.`CategoryId`, `s0`.`Description`, `s0`.`Name`, `s0`.`Price`, `s1`.`Id`, `s1`.`DetailId`, `s1`.`OrderId`, `s1`.`PriceAtSale`, `s1`.`Quantity`, `s1`.`Id0`, `s1`.`CategoryId`, `s1`.`Description`, `s1`.`Name`, `s1`.`Price`
FROM `Orders` AS `o`
LEFT JOIN `Clients` AS `c` ON `o`.`ClientId` = `c`.`Id`
LEFT JOIN `Users` AS `u` ON `c`.`UserId` = `u`.`Id`
LEFT JOIN `Vehicles` AS `v` ON `o`.`VehicleId` = `v`.`Id`
LEFT JOIN `Vehicles` AS `v0` ON `c`.`Id` = `v0`.`OwnerId`
LEFT JOIN (
    SELECT `o0`.`Id`, `o0`.`EmployeeId`, `o0`.`OrderId`, `o0`.`PriceAtSale`, `o0`.`Quantity`, `o0`.`ServiceId`, `s`.`Id` AS `Id0`, `s`.`CategoryId`, `s`.`Description`, `s`.`Name`, `s`.`Price`
    FROM `OrderServices` AS `o0`
    INNER JOIN `Services` AS `s` ON `o0`.`ServiceId` = `s`.`Id`
) AS `s0` ON `o`.`Id` = `s0`.`OrderId`
LEFT JOIN (
    SELECT `o1`.`Id`, `o1`.`DetailId`, `o1`.`OrderId`, `o1`.`PriceAtSale`, `o1`.`Quantity`, `d`.`Id` AS `Id0`, `d`.`CategoryId`, `d`.`Description`, `d`.`Name`, `d`.`Price`
    FROM `OrderDetails` AS `o1`
    INNER JOIN `Details` AS `d` ON `o1`.`DetailId` = `d`.`Id`
) AS `s1` ON `o`.`Id` = `s1`.`OrderId`
ORDER BY `o`.`Id`, `c`.`Id`, `u`.`Id`, `v`.`Id`, `v0`.`Id`, `s0`.`Id`, `s0`.`Id0`, `s1`.`Id`
2026-06-01 11:12:47.744 +03:00 [INF] Executing OkObjectResult, writing value of type 'System.Linq.Enumerable+ListSelectIterator`2[[AutoService.Models.Order.Order, AutoService, Version=1.0.0.0, Culture=neutral, PublicKeyToken=null],[AutoService.DTOs.Order.OrderDto, AutoService, Version=1.0.0.0, Culture=neutral, PublicKeyToken=null]]'.
2026-06-01 11:12:47.745 +03:00 [INF] Executed action AutoService.Controllers.OrderController.GetOrdersAsync (AutoService) in 19.2924ms
2026-06-01 11:12:47.745 +03:00 [INF] Executed endpoint 'AutoService.Controllers.OrderController.GetOrdersAsync (AutoService)'
2026-06-01 11:12:47.746 +03:00 [INF] Request finished HTTP/1.1 GET http://localhost:5130/api/order/getOrders - 200 null application/json; charset=utf-8 21.3857ms
2026-06-01 11:12:52.051 +03:00 [INF] Request starting HTTP/1.1 OPTIONS http://localhost:5130/api/log/download - null null
2026-06-01 11:12:52.052 +03:00 [INF] CORS policy execution successful.
2026-06-01 11:12:52.052 +03:00 [INF] Request finished HTTP/1.1 OPTIONS http://localhost:5130/api/log/download - 204 null null 0.7909ms
2026-06-01 11:12:52.053 +03:00 [INF] Request starting HTTP/1.1 GET http://localhost:5130/api/log/download - null null
2026-06-01 11:12:52.053 +03:00 [INF] CORS policy execution successful.
2026-06-01 11:12:52.055 +03:00 [INF] Executing endpoint 'AutoService.Controllers.LogController.Download (AutoService)'
2026-06-01 11:12:52.058 +03:00 [INF] Route matched with {action = "Download", controller = "Log"}. Executing controller action with signature Microsoft.AspNetCore.Mvc.IActionResult Download() on controller AutoService.Controllers.LogController (AutoService).
2026-06-01 11:12:52.061 +03:00 [INF] Executing PhysicalFileResult, sending file '/home/user/AutoService/AutoService/logs/autoservice-20260601.log' with download name 'logs.txt' ...
2026-06-01 11:12:52.072 +03:00 [INF] Executed action AutoService.Controllers.LogController.Download (AutoService) in 13.404ms
2026-06-01 11:12:52.072 +03:00 [INF] Executed endpoint 'AutoService.Controllers.LogController.Download (AutoService)'
2026-06-01 11:12:52.072 +03:00 [ERR] An unhandled exception has occurred while executing the request.
System.InvalidOperationException: Response Content-Length mismatch: too many bytes written (198385 of 198204).
   at Microsoft.AspNetCore.Server.Kestrel.Core.Internal.Http.HttpProtocol.VerifyAndUpdateWrite(Int32 count)
   at Microsoft.AspNetCore.Server.Kestrel.Core.Internal.Http.HttpProtocol.WritePipeAsync(ReadOnlyMemory`1 data, CancellationToken cancellationToken)
   at Microsoft.AspNetCore.Server.Kestrel.Core.Internal.Http.HttpResponseStream.WriteAsync(ReadOnlyMemory`1 source, CancellationToken cancellationToken)
   at Microsoft.AspNetCore.Http.StreamCopyOperationInternal.CopyToAsync(Stream source, Stream destination, Nullable`1 count, Int32 bufferSize, CancellationToken cancel)
   at Microsoft.AspNetCore.Http.SendFileFallback.SendFileAsync(Stream destination, String filePath, Int64 offset, Nullable`1 count, CancellationToken cancellationToken)
   at Microsoft.AspNetCore.Http.SendFileResponseExtensions.SendFileAsyncCore(HttpResponse response, String fileName, Int64 offset, Nullable`1 count, CancellationToken cancellationToken)
   at Microsoft.AspNetCore.Mvc.Infrastructure.ResourceInvoker.<InvokeNextResultFilterAsync>g__Awaited|30_0[TFilter,TFilterAsync](ResourceInvoker invoker, Task lastTask, State next, Scope scope, Object state, Boolean isCompleted)
   at Microsoft.AspNetCore.Mvc.Infrastructure.ResourceInvoker.Rethrow(ResultExecutedContextSealed context)
   at Microsoft.AspNetCore.Mvc.Infrastructure.ResourceInvoker.ResultNext[TFilter,TFilterAsync](State& next, Scope& scope, Object& state, Boolean& isCompleted)
   at Microsoft.AspNetCore.Mvc.Infrastructure.ResourceInvoker.<InvokeResultFilters>g__Awaited|28_0(ResourceInvoker invoker, Task lastTask, State next, Scope scope, Object state, Boolean isCompleted)
   at Microsoft.AspNetCore.Mvc.Infrastructure.ResourceInvoker.<InvokeFilterPipelineAsync>g__Awaited|20_0(ResourceInvoker invoker, Task lastTask, State next, Scope scope, Object state, Boolean isCompleted)
   at Microsoft.AspNetCore.Mvc.Infrastructure.ResourceInvoker.<InvokeAsync>g__Logged|17_1(ResourceInvoker invoker)
   at Microsoft.AspNetCore.Mvc.Infrastructure.ResourceInvoker.<InvokeAsync>g__Logged|17_1(ResourceInvoker invoker)
   at Microsoft.AspNetCore.Routing.EndpointMiddleware.<Invoke>g__AwaitRequestTask|7_0(Endpoint endpoint, Task requestTask, ILogger logger)
   at Microsoft.AspNetCore.Authorization.AuthorizationMiddleware.Invoke(HttpContext context)
   at Microsoft.AspNetCore.Authentication.AuthenticationMiddleware.Invoke(HttpContext context)
   at Microsoft.AspNetCore.Diagnostics.DeveloperExceptionPageMiddlewareImpl.Invoke(HttpContext context)
2026-06-01 11:12:52.080 +03:00 [WRN] The response has already started, the error page middleware will not be executed.
2026-06-01 11:12:52.081 +03:00 [ERR] Connection id "0HNLVMM7JGPUN", Request id "0HNLVMM7JGPUN:00000006": An unhandled exception was thrown by the application.
System.InvalidOperationException: Response Content-Length mismatch: too many bytes written (198385 of 198204).
   at Microsoft.AspNetCore.Server.Kestrel.Core.Internal.Http.HttpProtocol.VerifyAndUpdateWrite(Int32 count)
   at Microsoft.AspNetCore.Server.Kestrel.Core.Internal.Http.HttpProtocol.WritePipeAsync(ReadOnlyMemory`1 data, CancellationToken cancellationToken)
   at Microsoft.AspNetCore.Server.Kestrel.Core.Internal.Http.HttpResponseStream.WriteAsync(ReadOnlyMemory`1 source, CancellationToken cancellationToken)
   at Microsoft.AspNetCore.Http.StreamCopyOperationInternal.CopyToAsync(Stream source, Stream destination, Nullable`1 count, Int32 bufferSize, CancellationToken cancel)
   at Microsoft.AspNetCore.Http.SendFileFallback.SendFileAsync(Stream destination, String filePath, Int64 offset, Nullable`1 count, CancellationToken cancellationToken)
   at Microsoft.AspNetCore.Http.SendFileResponseExtensions.SendFileAsyncCore(HttpResponse response, String fileName, Int64 offset, Nullable`1 count, CancellationToken cancellationToken)
   at Microsoft.AspNetCore.Mvc.Infrastructure.ResourceInvoker.<InvokeNextResultFilterAsync>g__Awaited|30_0[TFilter,TFilterAsync](ResourceInvoker invoker, Task lastTask, State next, Scope scope, Object state, Boolean isCompleted)
   at Microsoft.AspNetCore.Mvc.Infrastructure.ResourceInvoker.Rethrow(ResultExecutedContextSealed context)
   at Microsoft.AspNetCore.Mvc.Infrastructure.ResourceInvoker.ResultNext[TFilter,TFilterAsync](State& next, Scope& scope, Object& state, Boolean& isCompleted)
   at Microsoft.AspNetCore.Mvc.Infrastructure.ResourceInvoker.<InvokeResultFilters>g__Awaited|28_0(ResourceInvoker invoker, Task lastTask, State next, Scope scope, Object state, Boolean isCompleted)
   at Microsoft.AspNetCore.Mvc.Infrastructure.ResourceInvoker.<InvokeFilterPipelineAsync>g__Awaited|20_0(ResourceInvoker invoker, Task lastTask, State next, Scope scope, Object state, Boolean isCompleted)
   at Microsoft.AspNetCore.Mvc.Infrastructure.ResourceInvoker.<InvokeAsync>g__Logged|17_1(ResourceInvoker invoker)
   at Microsoft.AspNetCore.Mvc.Infrastructure.ResourceInvoker.<InvokeAsync>g__Logged|17_1(ResourceInvoker invoker)
   at Microsoft.AspNetCore.Routing.EndpointMiddleware.<Invoke>g__AwaitRequestTask|7_0(Endpoint endpoint, Task requestTask, ILogger logger)
   at Microsoft.AspNetCore.Authorization.AuthorizationMiddleware.Invoke(HttpContext context)
   at Microsoft.AspNetCore.Authentication.AuthenticationMiddleware.Invoke(HttpContext context)
   at Microsoft.AspNetCore.Diagnostics.DeveloperExceptionPageMiddlewareImpl.Invoke(HttpContext context)
   at Microsoft.AspNetCore.Diagnostics.DeveloperExceptionPageMiddlewareImpl.Invoke(HttpContext context)
   at Microsoft.AspNetCore.Server.Kestrel.Core.Internal.Http.HttpProtocol.ProcessRequests[TContext](IHttpApplication`1 application)
2026-06-01 11:12:52.082 +03:00 [INF] Request finished HTTP/1.1 GET http://localhost:5130/api/log/download - 200 198204 text/plain 29.244ms
2026-06-01 11:12:59.744 +03:00 [INF] Request starting HTTP/1.1 OPTIONS http://localhost:5130/api/order/getOrders - null null
2026-06-01 11:12:59.744 +03:00 [INF] CORS policy execution successful.
2026-06-01 11:12:59.744 +03:00 [INF] Request finished HTTP/1.1 OPTIONS http://localhost:5130/api/order/getOrders - 204 null null 0.4877ms
2026-06-01 11:12:59.745 +03:00 [INF] Request starting HTTP/1.1 GET http://localhost:5130/api/order/getOrders - application/json null
2026-06-01 11:12:59.745 +03:00 [INF] CORS policy execution successful.
2026-06-01 11:12:59.745 +03:00 [INF] Executing endpoint 'AutoService.Controllers.OrderController.GetOrdersAsync (AutoService)'
2026-06-01 11:12:59.745 +03:00 [INF] Route matched with {action = "GetOrders", controller = "Order"}. Executing controller action with signature System.Threading.Tasks.Task`1[Microsoft.AspNetCore.Mvc.IActionResult] GetOrdersAsync() on controller AutoService.Controllers.OrderController (AutoService).
2026-06-01 11:12:59.754 +03:00 [INF] Executed DbCommand (2ms) [Parameters=[], CommandType='"Text"', CommandTimeout='30']
SELECT `o`.`Id`, `o`.`ClientId`, `o`.`Comment`, `o`.`CreatedAt`, `o`.`Status`, `o`.`TotalAmount`, `o`.`VehicleId`, `c`.`Id`, `c`.`Address`, `c`.`PhoneNumber`, `c`.`UserId`, `u`.`Id`, `u`.`Email`, `u`.`FullName`, `u`.`PasswordHash`, `u`.`Role`, `v`.`Id`, `v0`.`Id`, `v0`.`Model`, `v0`.`OwnerId`, `v0`.`RegistrationNumber`, `v0`.`VinNumber`, `v0`.`Year`, `v`.`Model`, `v`.`OwnerId`, `v`.`RegistrationNumber`, `v`.`VinNumber`, `v`.`Year`, `s0`.`Id`, `s0`.`EmployeeId`, `s0`.`OrderId`, `s0`.`PriceAtSale`, `s0`.`Quantity`, `s0`.`ServiceId`, `s0`.`Id0`, `s0`.`CategoryId`, `s0`.`Description`, `s0`.`Name`, `s0`.`Price`, `s1`.`Id`, `s1`.`DetailId`, `s1`.`OrderId`, `s1`.`PriceAtSale`, `s1`.`Quantity`, `s1`.`Id0`, `s1`.`CategoryId`, `s1`.`Description`, `s1`.`Name`, `s1`.`Price`
FROM `Orders` AS `o`
LEFT JOIN `Clients` AS `c` ON `o`.`ClientId` = `c`.`Id`
LEFT JOIN `Users` AS `u` ON `c`.`UserId` = `u`.`Id`
LEFT JOIN `Vehicles` AS `v` ON `o`.`VehicleId` = `v`.`Id`
LEFT JOIN `Vehicles` AS `v0` ON `c`.`Id` = `v0`.`OwnerId`
LEFT JOIN (
    SELECT `o0`.`Id`, `o0`.`EmployeeId`, `o0`.`OrderId`, `o0`.`PriceAtSale`, `o0`.`Quantity`, `o0`.`ServiceId`, `s`.`Id` AS `Id0`, `s`.`CategoryId`, `s`.`Description`, `s`.`Name`, `s`.`Price`
    FROM `OrderServices` AS `o0`
    INNER JOIN `Services` AS `s` ON `o0`.`ServiceId` = `s`.`Id`
) AS `s0` ON `o`.`Id` = `s0`.`OrderId`
LEFT JOIN (
    SELECT `o1`.`Id`, `o1`.`DetailId`, `o1`.`OrderId`, `o1`.`PriceAtSale`, `o1`.`Quantity`, `d`.`Id` AS `Id0`, `d`.`CategoryId`, `d`.`Description`, `d`.`Name`, `d`.`Price`
    FROM `OrderDetails` AS `o1`
    INNER JOIN `Details` AS `d` ON `o1`.`DetailId` = `d`.`Id`
) AS `s1` ON `o`.`Id` = `s1`.`OrderId`
ORDER BY `o`.`Id`, `c`.`Id`, `u`.`Id`, `v`.`Id`, `v0`.`Id`, `s0`.`Id`, `s0`.`Id0`, `s1`.`Id`
2026-06-01 11:12:59.765 +03:00 [INF] Executing OkObjectResult, writing value of type 'System.Linq.Enumerable+ListSelectIterator`2[[AutoService.Models.Order.Order, AutoService, Version=1.0.0.0, Culture=neutral, PublicKeyToken=null],[AutoService.DTOs.Order.OrderDto, AutoService, Version=1.0.0.0, Culture=neutral, PublicKeyToken=null]]'.
2026-06-01 11:12:59.766 +03:00 [INF] Executed action AutoService.Controllers.OrderController.GetOrdersAsync (AutoService) in 20.3726ms
2026-06-01 11:12:59.766 +03:00 [INF] Executed endpoint 'AutoService.Controllers.OrderController.GetOrdersAsync (AutoService)'
2026-06-01 11:12:59.766 +03:00 [INF] Request finished HTTP/1.1 GET http://localhost:5130/api/order/getOrders - 200 null application/json; charset=utf-8 21.5439ms
2026-06-01 11:12:59.767 +03:00 [INF] Request starting HTTP/1.1 GET http://localhost:5130/api/order/getOrders - application/json null
2026-06-01 11:12:59.767 +03:00 [INF] CORS policy execution successful.
2026-06-01 11:12:59.768 +03:00 [INF] Executing endpoint 'AutoService.Controllers.OrderController.GetOrdersAsync (AutoService)'
2026-06-01 11:12:59.768 +03:00 [INF] Route matched with {action = "GetOrders", controller = "Order"}. Executing controller action with signature System.Threading.Tasks.Task`1[Microsoft.AspNetCore.Mvc.IActionResult] GetOrdersAsync() on controller AutoService.Controllers.OrderController (AutoService).
2026-06-01 11:12:59.774 +03:00 [INF] Executed DbCommand (1ms) [Parameters=[], CommandType='"Text"', CommandTimeout='30']
SELECT `o`.`Id`, `o`.`ClientId`, `o`.`Comment`, `o`.`CreatedAt`, `o`.`Status`, `o`.`TotalAmount`, `o`.`VehicleId`, `c`.`Id`, `c`.`Address`, `c`.`PhoneNumber`, `c`.`UserId`, `u`.`Id`, `u`.`Email`, `u`.`FullName`, `u`.`PasswordHash`, `u`.`Role`, `v`.`Id`, `v0`.`Id`, `v0`.`Model`, `v0`.`OwnerId`, `v0`.`RegistrationNumber`, `v0`.`VinNumber`, `v0`.`Year`, `v`.`Model`, `v`.`OwnerId`, `v`.`RegistrationNumber`, `v`.`VinNumber`, `v`.`Year`, `s0`.`Id`, `s0`.`EmployeeId`, `s0`.`OrderId`, `s0`.`PriceAtSale`, `s0`.`Quantity`, `s0`.`ServiceId`, `s0`.`Id0`, `s0`.`CategoryId`, `s0`.`Description`, `s0`.`Name`, `s0`.`Price`, `s1`.`Id`, `s1`.`DetailId`, `s1`.`OrderId`, `s1`.`PriceAtSale`, `s1`.`Quantity`, `s1`.`Id0`, `s1`.`CategoryId`, `s1`.`Description`, `s1`.`Name`, `s1`.`Price`
FROM `Orders` AS `o`
LEFT JOIN `Clients` AS `c` ON `o`.`ClientId` = `c`.`Id`
LEFT JOIN `Users` AS `u` ON `c`.`UserId` = `u`.`Id`
LEFT JOIN `Vehicles` AS `v` ON `o`.`VehicleId` = `v`.`Id`
LEFT JOIN `Vehicles` AS `v0` ON `c`.`Id` = `v0`.`OwnerId`
LEFT JOIN (
    SELECT `o0`.`Id`, `o0`.`EmployeeId`, `o0`.`OrderId`, `o0`.`PriceAtSale`, `o0`.`Quantity`, `o0`.`ServiceId`, `s`.`Id` AS `Id0`, `s`.`CategoryId`, `s`.`Description`, `s`.`Name`, `s`.`Price`
    FROM `OrderServices` AS `o0`
    INNER JOIN `Services` AS `s` ON `o0`.`ServiceId` = `s`.`Id`
) AS `s0` ON `o`.`Id` = `s0`.`OrderId`
LEFT JOIN (
    SELECT `o1`.`Id`, `o1`.`DetailId`, `o1`.`OrderId`, `o1`.`PriceAtSale`, `o1`.`Quantity`, `d`.`Id` AS `Id0`, `d`.`CategoryId`, `d`.`Description`, `d`.`Name`, `d`.`Price`
    FROM `OrderDetails` AS `o1`
    INNER JOIN `Details` AS `d` ON `o1`.`DetailId` = `d`.`Id`
) AS `s1` ON `o`.`Id` = `s1`.`OrderId`
ORDER BY `o`.`Id`, `c`.`Id`, `u`.`Id`, `v`.`Id`, `v0`.`Id`, `s0`.`Id`, `s0`.`Id0`, `s1`.`Id`
2026-06-01 11:12:59.787 +03:00 [INF] Executing OkObjectResult, writing value of type 'System.Linq.Enumerable+ListSelectIterator`2[[AutoService.Models.Order.Order, AutoService, Version=1.0.0.0, Culture=neutral, PublicKeyToken=null],[AutoService.DTOs.Order.OrderDto, AutoService, Version=1.0.0.0, Culture=neutral, PublicKeyToken=null]]'.
2026-06-01 11:12:59.788 +03:00 [INF] Executed action AutoService.Controllers.OrderController.GetOrdersAsync (AutoService) in 19.2713ms
2026-06-01 11:12:59.788 +03:00 [INF] Executed endpoint 'AutoService.Controllers.OrderController.GetOrdersAsync (AutoService)'
2026-06-01 11:12:59.788 +03:00 [INF] Request finished HTTP/1.1 GET http://localhost:5130/api/order/getOrders - 200 null application/json; charset=utf-8 21.0762ms
2026-06-01 11:13:01.263 +03:00 [INF] Request starting HTTP/1.1 OPTIONS http://localhost:5130/api/log/download - null null
2026-06-01 11:13:01.263 +03:00 [INF] CORS policy execution successful.
2026-06-01 11:13:01.264 +03:00 [INF] Request finished HTTP/1.1 OPTIONS http://localhost:5130/api/log/download - 204 null null 0.681ms
2026-06-01 11:13:01.264 +03:00 [INF] Request starting HTTP/1.1 GET http://localhost:5130/api/log/download - null null
2026-06-01 11:13:01.264 +03:00 [INF] CORS policy execution successful.
2026-06-01 11:13:01.265 +03:00 [INF] Executing endpoint 'AutoService.Controllers.LogController.Download (AutoService)'
2026-06-01 11:13:01.265 +03:00 [INF] Route matched with {action = "Download", controller = "Log"}. Executing controller action with signature Microsoft.AspNetCore.Mvc.IActionResult Download() on controller AutoService.Controllers.LogController (AutoService).
2026-06-01 11:13:01.265 +03:00 [INF] Executing PhysicalFileResult, sending file '/home/user/AutoService/AutoService/logs/autoservice-20260601.log' with download name 'logs.txt' ...
2026-06-01 11:13:01.267 +03:00 [INF] Executed action AutoService.Controllers.LogController.Download (AutoService) in 1.399ms
2026-06-01 11:13:01.267 +03:00 [INF] Executed endpoint 'AutoService.Controllers.LogController.Download (AutoService)'
2026-06-01 11:13:01.267 +03:00 [ERR] An unhandled exception has occurred while executing the request.
System.InvalidOperationException: Response Content-Length mismatch: too many bytes written (212563 of 212382).
   at Microsoft.AspNetCore.Server.Kestrel.Core.Internal.Http.HttpProtocol.VerifyAndUpdateWrite(Int32 count)
   at Microsoft.AspNetCore.Server.Kestrel.Core.Internal.Http.HttpProtocol.WritePipeAsync(ReadOnlyMemory`1 data, CancellationToken cancellationToken)
   at Microsoft.AspNetCore.Server.Kestrel.Core.Internal.Http.HttpResponseStream.WriteAsync(ReadOnlyMemory`1 source, CancellationToken cancellationToken)
   at Microsoft.AspNetCore.Http.StreamCopyOperationInternal.CopyToAsync(Stream source, Stream destination, Nullable`1 count, Int32 bufferSize, CancellationToken cancel)
   at Microsoft.AspNetCore.Http.SendFileFallback.SendFileAsync(Stream destination, String filePath, Int64 offset, Nullable`1 count, CancellationToken cancellationToken)
   at Microsoft.AspNetCore.Http.SendFileResponseExtensions.SendFileAsyncCore(HttpResponse response, String fileName, Int64 offset, Nullable`1 count, CancellationToken cancellationToken)
   at Microsoft.AspNetCore.Mvc.Infrastructure.ResourceInvoker.<InvokeNextResultFilterAsync>g__Awaited|30_0[TFilter,TFilterAsync](ResourceInvoker invoker, Task lastTask, State next, Scope scope, Object state, Boolean isCompleted)
   at Microsoft.AspNetCore.Mvc.Infrastructure.ResourceInvoker.Rethrow(ResultExecutedContextSealed context)
   at Microsoft.AspNetCore.Mvc.Infrastructure.ResourceInvoker.ResultNext[TFilter,TFilterAsync](State& next, Scope& scope, Object& state, Boolean& isCompleted)
   at Microsoft.AspNetCore.Mvc.Infrastructure.ResourceInvoker.<InvokeResultFilters>g__Awaited|28_0(ResourceInvoker invoker, Task lastTask, State next, Scope scope, Object state, Boolean isCompleted)
   at Microsoft.AspNetCore.Mvc.Infrastructure.ResourceInvoker.<InvokeFilterPipelineAsync>g__Awaited|20_0(ResourceInvoker invoker, Task lastTask, State next, Scope scope, Object state, Boolean isCompleted)
   at Microsoft.AspNetCore.Mvc.Infrastructure.ResourceInvoker.<InvokeAsync>g__Logged|17_1(ResourceInvoker invoker)
   at Microsoft.AspNetCore.Mvc.Infrastructure.ResourceInvoker.<InvokeAsync>g__Logged|17_1(ResourceInvoker invoker)
   at Microsoft.AspNetCore.Routing.EndpointMiddleware.<Invoke>g__AwaitRequestTask|7_0(Endpoint endpoint, Task requestTask, ILogger logger)
   at Microsoft.AspNetCore.Authorization.AuthorizationMiddleware.Invoke(HttpContext context)
   at Microsoft.AspNetCore.Authentication.AuthenticationMiddleware.Invoke(HttpContext context)
   at Microsoft.AspNetCore.Diagnostics.DeveloperExceptionPageMiddlewareImpl.Invoke(HttpContext context)
2026-06-01 11:13:01.268 +03:00 [WRN] The response has already started, the error page middleware will not be executed.
2026-06-01 11:13:01.268 +03:00 [ERR] Connection id "0HNLVMM7JGPUO", Request id "0HNLVMM7JGPUO:00000004": An unhandled exception was thrown by the application.
System.InvalidOperationException: Response Content-Length mismatch: too many bytes written (212563 of 212382).
   at Microsoft.AspNetCore.Server.Kestrel.Core.Internal.Http.HttpProtocol.VerifyAndUpdateWrite(Int32 count)
   at Microsoft.AspNetCore.Server.Kestrel.Core.Internal.Http.HttpProtocol.WritePipeAsync(ReadOnlyMemory`1 data, CancellationToken cancellationToken)
   at Microsoft.AspNetCore.Server.Kestrel.Core.Internal.Http.HttpResponseStream.WriteAsync(ReadOnlyMemory`1 source, CancellationToken cancellationToken)
   at Microsoft.AspNetCore.Http.StreamCopyOperationInternal.CopyToAsync(Stream source, Stream destination, Nullable`1 count, Int32 bufferSize, CancellationToken cancel)
   at Microsoft.AspNetCore.Http.SendFileFallback.SendFileAsync(Stream destination, String filePath, Int64 offset, Nullable`1 count, CancellationToken cancellationToken)
   at Microsoft.AspNetCore.Http.SendFileResponseExtensions.SendFileAsyncCore(HttpResponse response, String fileName, Int64 offset, Nullable`1 count, CancellationToken cancellationToken)
   at Microsoft.AspNetCore.Mvc.Infrastructure.ResourceInvoker.<InvokeNextResultFilterAsync>g__Awaited|30_0[TFilter,TFilterAsync](ResourceInvoker invoker, Task lastTask, State next, Scope scope, Object state, Boolean isCompleted)
   at Microsoft.AspNetCore.Mvc.Infrastructure.ResourceInvoker.Rethrow(ResultExecutedContextSealed context)
   at Microsoft.AspNetCore.Mvc.Infrastructure.ResourceInvoker.ResultNext[TFilter,TFilterAsync](State& next, Scope& scope, Object& state, Boolean& isCompleted)
   at Microsoft.AspNetCore.Mvc.Infrastructure.ResourceInvoker.<InvokeResultFilters>g__Awaited|28_0(ResourceInvoker invoker, Task lastTask, State next, Scope scope, Object state, Boolean isCompleted)
   at Microsoft.AspNetCore.Mvc.Infrastructure.ResourceInvoker.<InvokeFilterPipelineAsync>g__Awaited|20_0(ResourceInvoker invoker, Task lastTask, State next, Scope scope, Object state, Boolean isCompleted)
   at Microsoft.AspNetCore.Mvc.Infrastructure.ResourceInvoker.<InvokeAsync>g__Logged|17_1(ResourceInvoker invoker)
   at Microsoft.AspNetCore.Mvc.Infrastructure.ResourceInvoker.<InvokeAsync>g__Logged|17_1(ResourceInvoker invoker)
   at Microsoft.AspNetCore.Routing.EndpointMiddleware.<Invoke>g__AwaitRequestTask|7_0(Endpoint endpoint, Task requestTask, ILogger logger)
   at Microsoft.AspNetCore.Authorization.AuthorizationMiddleware.Invoke(HttpContext context)
   at Microsoft.AspNetCore.Authentication.AuthenticationMiddleware.Invoke(HttpContext context)
   at Microsoft.AspNetCore.Diagnostics.DeveloperExceptionPageMiddlewareImpl.Invoke(HttpContext context)
   at Microsoft.AspNetCore.Diagnostics.DeveloperExceptionPageMiddlewareImpl.Invoke(HttpContext context)
   at Microsoft.AspNetCore.Server.Kestrel.Core.Internal.Http.HttpProtocol.ProcessRequests[TContext](IHttpApplication`1 application)
2026-06-01 11:13:01.270 +03:00 [INF] Request finished HTTP/1.1 GET http://localhost:5130/api/log/download - 200 212382 text/plain 5.608ms
2026-06-01 11:16:11.225 +03:00 [INF] Application is shutting down...
 '/home/user/.aspnet/DataProtection-Keys' as key repository; keys will not be encrypted at rest.
2026-06-01 11:13:27.990 +03:00 [INF] Now listening on: http://localhost:5131
2026-06-01 11:13:27.991 +03:00 [INF] Application started. Press Ctrl+C to shut down.
2026-06-01 11:13:27.991 +03:00 [INF] Hosting environment: Development
2026-06-01 11:13:27.991 +03:00 [INF] Content root path: /home/user/AutoService/AutoService
2026-06-01 11:13:30.886 +03:00 [INF] Request starting HTTP/1.1 OPTIONS http://localhost:5131/api/log/download - null null
2026-06-01 11:13:30.908 +03:00 [INF] CORS policy execution successful.
2026-06-01 11:13:30.911 +03:00 [INF] Request finished HTTP/1.1 OPTIONS http://localhost:5131/api/log/download - 204 null null 27.362ms
2026-06-01 22:22:01.093 +03:00 [INF] Application is shutting down...
 '/home/user/.aspnet/DataProtection-Keys' as key repository; keys will not be encrypted at rest.
2026-06-01 11:14:20.246 +03:00 [INF] Now listening on: http://localhost:5132
2026-06-01 11:14:20.247 +03:00 [INF] Application started. Press Ctrl+C to shut down.
2026-06-01 11:14:20.247 +03:00 [INF] Hosting environment: Development
2026-06-01 11:14:20.247 +03:00 [INF] Content root path: /home/user/AutoService/AutoService
2026-06-01 11:14:23.269 +03:00 [INF] Request starting HTTP/1.1 OPTIONS http://localhost:5132/api/log/download - null null
2026-06-01 11:14:23.289 +03:00 [INF] CORS policy execution successful.
2026-06-01 11:14:23.292 +03:00 [INF] Request finished HTTP/1.1 OPTIONS http://localhost:5132/api/log/download - 204 null null 24.4561ms
2026-06-01 11:14:23.301 +03:00 [INF] Request starting HTTP/1.1 GET http://localhost:5132/api/log/download - null null
2026-06-01 11:14:23.324 +03:00 [INF] Authorization failed. These requirements were not met:
RolesAuthorizationRequirement:User.IsInRole must be true for one of the following roles: (Employee)
2026-06-01 11:14:23.326 +03:00 [INF] AuthenticationScheme: Bearer was challenged.
2026-06-01 11:14:23.327 +03:00 [INF] Request finished HTTP/1.1 GET http://localhost:5132/api/log/download - 401 0 null 25.651ms
2026-06-01 22:22:01.090 +03:00 [INF] Application is shutting down...
 '/home/user/.aspnet/DataProtection-Keys' as key repository; keys will not be encrypted at rest.
2026-06-01 11:16:15.005 +03:00 [INF] Now listening on: http://localhost:5130
2026-06-01 11:16:15.007 +03:00 [INF] Application started. Press Ctrl+C to shut down.
2026-06-01 11:16:15.007 +03:00 [INF] Hosting environment: Development
2026-06-01 11:16:15.007 +03:00 [INF] Content root path: /home/user/AutoService/AutoService
2026-06-01 11:16:27.020 +03:00 [INF] Request starting HTTP/1.1 OPTIONS http://localhost:5130/api/auth/login - null null
2026-06-01 11:16:27.043 +03:00 [INF] CORS policy execution successful.
2026-06-01 11:16:27.048 +03:00 [INF] Request finished HTTP/1.1 OPTIONS http://localhost:5130/api/auth/login - 204 null null 28.7818ms
2026-06-01 11:16:27.051 +03:00 [INF] Request starting HTTP/1.1 POST http://localhost:5130/api/auth/login - application/json 55
2026-06-01 11:16:27.054 +03:00 [INF] CORS policy execution successful.
2026-06-01 11:16:27.075 +03:00 [INF] Executing endpoint 'AutoService.Controllers.AuthController.Login (AutoService)'
2026-06-01 11:16:27.095 +03:00 [INF] Route matched with {action = "Login", controller = "Auth"}. Executing controller action with signature System.Threading.Tasks.Task`1[Microsoft.AspNetCore.Mvc.IActionResult] Login(AutoService.DTOs.Auth.LoginDto) on controller AutoService.Controllers.AuthController (AutoService).
2026-06-01 11:16:28.140 +03:00 [INF] Executed DbCommand (31ms) [Parameters=[@__dto_Email_0='?' (Size = 4000)], CommandType='"Text"', CommandTimeout='30']
SELECT `u`.`Id`, `u`.`Email`, `u`.`FullName`, `u`.`PasswordHash`, `u`.`Role`
FROM `Users` AS `u`
WHERE `u`.`Email` = @__dto_Email_0
LIMIT 1
2026-06-01 11:16:28.617 +03:00 [INF] [01-06-2026 11:16:28] Пользователь [Id: 2] успешно вошел в систему.
2026-06-01 11:16:28.634 +03:00 [INF] Executing OkObjectResult, writing value of type '<>f__AnonymousType0`5[[System.String, System.Private.CoreLib, Version=10.0.0.0, Culture=neutral, PublicKeyToken=7cec85d7bea7798e],[System.Int32, System.Private.CoreLib, Version=10.0.0.0, Culture=neutral, PublicKeyToken=7cec85d7bea7798e],[System.String, System.Private.CoreLib, Version=10.0.0.0, Culture=neutral, PublicKeyToken=7cec85d7bea7798e],[System.String, System.Private.CoreLib, Version=10.0.0.0, Culture=neutral, PublicKeyToken=7cec85d7bea7798e],[System.String, System.Private.CoreLib, Version=10.0.0.0, Culture=neutral, PublicKeyToken=7cec85d7bea7798e]]'.
2026-06-01 11:16:28.649 +03:00 [INF] Executed action AutoService.Controllers.AuthController.Login (AutoService) in 1550.9422ms
2026-06-01 11:16:28.649 +03:00 [INF] Executed endpoint 'AutoService.Controllers.AuthController.Login (AutoService)'
2026-06-01 11:16:28.657 +03:00 [INF] Request finished HTTP/1.1 POST http://localhost:5130/api/auth/login - 200 null application/json; charset=utf-8 1605.9586ms
2026-06-01 11:16:28.682 +03:00 [INF] Request starting HTTP/1.1 OPTIONS http://localhost:5130/api/order/getOrders - null null
2026-06-01 11:16:28.684 +03:00 [INF] CORS policy execution successful.
2026-06-01 11:16:28.684 +03:00 [INF] Request finished HTTP/1.1 OPTIONS http://localhost:5130/api/order/getOrders - 204 null null 1.6165ms
2026-06-01 11:16:28.684 +03:00 [INF] Request starting HTTP/1.1 GET http://localhost:5130/api/order/getOrders - application/json null
2026-06-01 11:16:28.686 +03:00 [INF] CORS policy execution successful.
2026-06-01 11:16:28.721 +03:00 [INF] Executing endpoint 'AutoService.Controllers.OrderController.GetOrdersAsync (AutoService)'
2026-06-01 11:16:28.728 +03:00 [INF] Route matched with {action = "GetOrders", controller = "Order"}. Executing controller action with signature System.Threading.Tasks.Task`1[Microsoft.AspNetCore.Mvc.IActionResult] GetOrdersAsync() on controller AutoService.Controllers.OrderController (AutoService).
2026-06-01 11:16:28.843 +03:00 [WRN] Compiling a query which loads related collections for more than one collection navigation, either via 'Include' or through projection, but no 'QuerySplittingBehavior' has been configured. By default, Entity Framework will use 'QuerySplittingBehavior.SingleQuery', which can potentially result in slow query performance. See https://go.microsoft.com/fwlink/?linkid=2134277 for more information. To identify the query that's triggering this warning call 'ConfigureWarnings(w => w.Throw(RelationalEventId.MultipleCollectionIncludeWarning))'.
2026-06-01 11:16:28.892 +03:00 [INF] Executed DbCommand (12ms) [Parameters=[], CommandType='"Text"', CommandTimeout='30']
SELECT `o`.`Id`, `o`.`ClientId`, `o`.`Comment`, `o`.`CreatedAt`, `o`.`Status`, `o`.`TotalAmount`, `o`.`VehicleId`, `c`.`Id`, `c`.`Address`, `c`.`PhoneNumber`, `c`.`UserId`, `u`.`Id`, `u`.`Email`, `u`.`FullName`, `u`.`PasswordHash`, `u`.`Role`, `v`.`Id`, `v0`.`Id`, `v0`.`Model`, `v0`.`OwnerId`, `v0`.`RegistrationNumber`, `v0`.`VinNumber`, `v0`.`Year`, `v`.`Model`, `v`.`OwnerId`, `v`.`RegistrationNumber`, `v`.`VinNumber`, `v`.`Year`, `s0`.`Id`, `s0`.`EmployeeId`, `s0`.`OrderId`, `s0`.`PriceAtSale`, `s0`.`Quantity`, `s0`.`ServiceId`, `s0`.`Id0`, `s0`.`CategoryId`, `s0`.`Description`, `s0`.`Name`, `s0`.`Price`, `s1`.`Id`, `s1`.`DetailId`, `s1`.`OrderId`, `s1`.`PriceAtSale`, `s1`.`Quantity`, `s1`.`Id0`, `s1`.`CategoryId`, `s1`.`Description`, `s1`.`Name`, `s1`.`Price`
FROM `Orders` AS `o`
LEFT JOIN `Clients` AS `c` ON `o`.`ClientId` = `c`.`Id`
LEFT JOIN `Users` AS `u` ON `c`.`UserId` = `u`.`Id`
LEFT JOIN `Vehicles` AS `v` ON `o`.`VehicleId` = `v`.`Id`
LEFT JOIN `Vehicles` AS `v0` ON `c`.`Id` = `v0`.`OwnerId`
LEFT JOIN (
    SELECT `o0`.`Id`, `o0`.`EmployeeId`, `o0`.`OrderId`, `o0`.`PriceAtSale`, `o0`.`Quantity`, `o0`.`ServiceId`, `s`.`Id` AS `Id0`, `s`.`CategoryId`, `s`.`Description`, `s`.`Name`, `s`.`Price`
    FROM `OrderServices` AS `o0`
    INNER JOIN `Services` AS `s` ON `o0`.`ServiceId` = `s`.`Id`
) AS `s0` ON `o`.`Id` = `s0`.`OrderId`
LEFT JOIN (
    SELECT `o1`.`Id`, `o1`.`DetailId`, `o1`.`OrderId`, `o1`.`PriceAtSale`, `o1`.`Quantity`, `d`.`Id` AS `Id0`, `d`.`CategoryId`, `d`.`Description`, `d`.`Name`, `d`.`Price`
    FROM `OrderDetails` AS `o1`
    INNER JOIN `Details` AS `d` ON `o1`.`DetailId` = `d`.`Id`
) AS `s1` ON `o`.`Id` = `s1`.`OrderId`
ORDER BY `o`.`Id`, `c`.`Id`, `u`.`Id`, `v`.`Id`, `v0`.`Id`, `s0`.`Id`, `s0`.`Id0`, `s1`.`Id`
2026-06-01 11:16:29.054 +03:00 [INF] Executing OkObjectResult, writing value of type 'System.Linq.Enumerable+ListSelectIterator`2[[AutoService.Models.Order.Order, AutoService, Version=1.0.0.0, Culture=neutral, PublicKeyToken=null],[AutoService.DTOs.Order.OrderDto, AutoService, Version=1.0.0.0, Culture=neutral, PublicKeyToken=null]]'.
2026-06-01 11:16:29.085 +03:00 [INF] Executed action AutoService.Controllers.OrderController.GetOrdersAsync (AutoService) in 356.5514ms
2026-06-01 11:16:29.086 +03:00 [INF] Executed endpoint 'AutoService.Controllers.OrderController.GetOrdersAsync (AutoService)'
2026-06-01 11:16:29.087 +03:00 [INF] Request finished HTTP/1.1 GET http://localhost:5130/api/order/getOrders - 200 null application/json; charset=utf-8 402.4022ms
2026-06-01 11:16:29.088 +03:00 [INF] Request starting HTTP/1.1 GET http://localhost:5130/api/order/getOrders - application/json null
2026-06-01 11:16:29.088 +03:00 [INF] CORS policy execution successful.
2026-06-01 11:16:29.092 +03:00 [INF] Executing endpoint 'AutoService.Controllers.OrderController.GetOrdersAsync (AutoService)'
2026-06-01 11:16:29.093 +03:00 [INF] Route matched with {action = "GetOrders", controller = "Order"}. Executing controller action with signature System.Threading.Tasks.Task`1[Microsoft.AspNetCore.Mvc.IActionResult] GetOrdersAsync() on controller AutoService.Controllers.OrderController (AutoService).
2026-06-01 11:16:29.168 +03:00 [INF] Executed DbCommand (2ms) [Parameters=[], CommandType='"Text"', CommandTimeout='30']
SELECT `o`.`Id`, `o`.`ClientId`, `o`.`Comment`, `o`.`CreatedAt`, `o`.`Status`, `o`.`TotalAmount`, `o`.`VehicleId`, `c`.`Id`, `c`.`Address`, `c`.`PhoneNumber`, `c`.`UserId`, `u`.`Id`, `u`.`Email`, `u`.`FullName`, `u`.`PasswordHash`, `u`.`Role`, `v`.`Id`, `v0`.`Id`, `v0`.`Model`, `v0`.`OwnerId`, `v0`.`RegistrationNumber`, `v0`.`VinNumber`, `v0`.`Year`, `v`.`Model`, `v`.`OwnerId`, `v`.`RegistrationNumber`, `v`.`VinNumber`, `v`.`Year`, `s0`.`Id`, `s0`.`EmployeeId`, `s0`.`OrderId`, `s0`.`PriceAtSale`, `s0`.`Quantity`, `s0`.`ServiceId`, `s0`.`Id0`, `s0`.`CategoryId`, `s0`.`Description`, `s0`.`Name`, `s0`.`Price`, `s1`.`Id`, `s1`.`DetailId`, `s1`.`OrderId`, `s1`.`PriceAtSale`, `s1`.`Quantity`, `s1`.`Id0`, `s1`.`CategoryId`, `s1`.`Description`, `s1`.`Name`, `s1`.`Price`
FROM `Orders` AS `o`
LEFT JOIN `Clients` AS `c` ON `o`.`ClientId` = `c`.`Id`
LEFT JOIN `Users` AS `u` ON `c`.`UserId` = `u`.`Id`
LEFT JOIN `Vehicles` AS `v` ON `o`.`VehicleId` = `v`.`Id`
LEFT JOIN `Vehicles` AS `v0` ON `c`.`Id` = `v0`.`OwnerId`
LEFT JOIN (
    SELECT `o0`.`Id`, `o0`.`EmployeeId`, `o0`.`OrderId`, `o0`.`PriceAtSale`, `o0`.`Quantity`, `o0`.`ServiceId`, `s`.`Id` AS `Id0`, `s`.`CategoryId`, `s`.`Description`, `s`.`Name`, `s`.`Price`
    FROM `OrderServices` AS `o0`
    INNER JOIN `Services` AS `s` ON `o0`.`ServiceId` = `s`.`Id`
) AS `s0` ON `o`.`Id` = `s0`.`OrderId`
LEFT JOIN (
    SELECT `o1`.`Id`, `o1`.`DetailId`, `o1`.`OrderId`, `o1`.`PriceAtSale`, `o1`.`Quantity`, `d`.`Id` AS `Id0`, `d`.`CategoryId`, `d`.`Description`, `d`.`Name`, `d`.`Price`
    FROM `OrderDetails` AS `o1`
    INNER JOIN `Details` AS `d` ON `o1`.`DetailId` = `d`.`Id`
) AS `s1` ON `o`.`Id` = `s1`.`OrderId`
ORDER BY `o`.`Id`, `c`.`Id`, `u`.`Id`, `v`.`Id`, `v0`.`Id`, `s0`.`Id`, `s0`.`Id0`, `s1`.`Id`
2026-06-01 11:16:29.177 +03:00 [INF] Executing OkObjectResult, writing value of type 'System.Linq.Enumerable+ListSelectIterator`2[[AutoService.Models.Order.Order, AutoService, Version=1.0.0.0, Culture=neutral, PublicKeyToken=null],[AutoService.DTOs.Order.OrderDto, AutoService, Version=1.0.0.0, Culture=neutral, PublicKeyToken=null]]'.
2026-06-01 11:16:29.178 +03:00 [INF] Executed action AutoService.Controllers.OrderController.GetOrdersAsync (AutoService) in 85.0634ms
2026-06-01 11:16:29.178 +03:00 [INF] Executed endpoint 'AutoService.Controllers.OrderController.GetOrdersAsync (AutoService)'
2026-06-01 11:16:29.179 +03:00 [INF] Request finished HTTP/1.1 GET http://localhost:5130/api/order/getOrders - 200 null application/json; charset=utf-8 90.5855ms
2026-06-01 11:16:29.652 +03:00 [INF] Request starting HTTP/1.1 OPTIONS http://localhost:5130/api/log/download - null null
2026-06-01 11:16:29.653 +03:00 [INF] CORS policy execution successful.
2026-06-01 11:16:29.653 +03:00 [INF] Request finished HTTP/1.1 OPTIONS http://localhost:5130/api/log/download - 204 null null 0.6364ms
2026-06-01 11:16:29.653 +03:00 [INF] Request starting HTTP/1.1 GET http://localhost:5130/api/log/download - null null
2026-06-01 11:16:29.654 +03:00 [INF] CORS policy execution successful.
2026-06-01 11:16:29.657 +03:00 [INF] Executing endpoint 'AutoService.Controllers.LogController.Download (AutoService)'
2026-06-01 11:16:29.660 +03:00 [INF] Route matched with {action = "Download", controller = "Log"}. Executing controller action with signature Microsoft.AspNetCore.Mvc.IActionResult Download() on controller AutoService.Controllers.LogController (AutoService).
2026-06-01 11:16:29.662 +03:00 [INF] Executing FileContentResult, sending file with download name 'logs.txt' ...
2026-06-01 11:16:29.675 +03:00 [INF] Executed action AutoService.Controllers.LogController.Download (AutoService) in 15.0327ms
2026-06-01 11:16:29.675 +03:00 [INF] Executed endpoint 'AutoService.Controllers.LogController.Download (AutoService)'
2026-06-01 11:16:29.675 +03:00 [INF] Request finished HTTP/1.1 GET http://localhost:5130/api/log/download - 200 232222 text/plain 21.9116ms
2026-06-01 11:17:41.866 +03:00 [INF] Application is shutting down...
2026-06-01 11:21:44.623 +03:00 [INF] User profile is available. Using '/home/user/.aspnet/DataProtection-Keys' as key repository; keys will not be encrypted at rest.
2026-06-01 11:21:44.751 +03:00 [INF] Now listening on: http://localhost:5130
2026-06-01 11:21:44.752 +03:00 [INF] Application started. Press Ctrl+C to shut down.
2026-06-01 11:21:44.752 +03:00 [INF] Hosting environment: Development
2026-06-01 11:21:44.752 +03:00 [INF] Content root path: /home/user/AutoService/AutoService
2026-06-01 11:21:48.296 +03:00 [INF] Request starting HTTP/1.1 OPTIONS http://localhost:5130/api/order/getOrders - null null
2026-06-01 11:21:48.318 +03:00 [INF] CORS policy execution successful.
2026-06-01 11:21:48.322 +03:00 [INF] Request finished HTTP/1.1 OPTIONS http://localhost:5130/api/order/getOrders - 204 null null 27.3252ms
2026-06-01 11:21:48.325 +03:00 [INF] Request starting HTTP/1.1 GET http://localhost:5130/api/order/getOrders - application/json null
2026-06-01 11:21:48.327 +03:00 [INF] CORS policy execution successful.
2026-06-01 11:21:48.397 +03:00 [INF] Executing endpoint 'AutoService.Controllers.OrderController.GetOrdersAsync (AutoService)'
2026-06-01 11:21:48.413 +03:00 [INF] Route matched with {action = "GetOrders", controller = "Order"}. Executing controller action with signature System.Threading.Tasks.Task`1[Microsoft.AspNetCore.Mvc.IActionResult] GetOrdersAsync() on controller AutoService.Controllers.OrderController (AutoService).
2026-06-01 11:21:49.403 +03:00 [WRN] Compiling a query which loads related collections for more than one collection navigation, either via 'Include' or through projection, but no 'QuerySplittingBehavior' has been configured. By default, Entity Framework will use 'QuerySplittingBehavior.SingleQuery', which can potentially result in slow query performance. See https://go.microsoft.com/fwlink/?linkid=2134277 for more information. To identify the query that's triggering this warning call 'ConfigureWarnings(w => w.Throw(RelationalEventId.MultipleCollectionIncludeWarning))'.
2026-06-01 11:21:49.504 +03:00 [INF] Executed DbCommand (17ms) [Parameters=[], CommandType='"Text"', CommandTimeout='30']
SELECT `o`.`Id`, `o`.`ClientId`, `o`.`Comment`, `o`.`CreatedAt`, `o`.`Status`, `o`.`TotalAmount`, `o`.`VehicleId`, `c`.`Id`, `c`.`Address`, `c`.`PhoneNumber`, `c`.`UserId`, `u`.`Id`, `u`.`Email`, `u`.`FullName`, `u`.`PasswordHash`, `u`.`Role`, `v`.`Id`, `v0`.`Id`, `v0`.`Model`, `v0`.`OwnerId`, `v0`.`RegistrationNumber`, `v0`.`VinNumber`, `v0`.`Year`, `v`.`Model`, `v`.`OwnerId`, `v`.`RegistrationNumber`, `v`.`VinNumber`, `v`.`Year`, `s0`.`Id`, `s0`.`EmployeeId`, `s0`.`OrderId`, `s0`.`PriceAtSale`, `s0`.`Quantity`, `s0`.`ServiceId`, `s0`.`Id0`, `s0`.`CategoryId`, `s0`.`Description`, `s0`.`Name`, `s0`.`Price`, `s1`.`Id`, `s1`.`DetailId`, `s1`.`OrderId`, `s1`.`PriceAtSale`, `s1`.`Quantity`, `s1`.`Id0`, `s1`.`CategoryId`, `s1`.`Description`, `s1`.`Name`, `s1`.`Price`
FROM `Orders` AS `o`
LEFT JOIN `Clients` AS `c` ON `o`.`ClientId` = `c`.`Id`
LEFT JOIN `Users` AS `u` ON `c`.`UserId` = `u`.`Id`
LEFT JOIN `Vehicles` AS `v` ON `o`.`VehicleId` = `v`.`Id`
LEFT JOIN `Vehicles` AS `v0` ON `c`.`Id` = `v0`.`OwnerId`
LEFT JOIN (
    SELECT `o0`.`Id`, `o0`.`EmployeeId`, `o0`.`OrderId`, `o0`.`PriceAtSale`, `o0`.`Quantity`, `o0`.`ServiceId`, `s`.`Id` AS `Id0`, `s`.`CategoryId`, `s`.`Description`, `s`.`Name`, `s`.`Price`
    FROM `OrderServices` AS `o0`
    INNER JOIN `Services` AS `s` ON `o0`.`ServiceId` = `s`.`Id`
) AS `s0` ON `o`.`Id` = `s0`.`OrderId`
LEFT JOIN (
    SELECT `o1`.`Id`, `o1`.`DetailId`, `o1`.`OrderId`, `o1`.`PriceAtSale`, `o1`.`Quantity`, `d`.`Id` AS `Id0`, `d`.`CategoryId`, `d`.`Description`, `d`.`Name`, `d`.`Price`
    FROM `OrderDetails` AS `o1`
    INNER JOIN `Details` AS `d` ON `o1`.`DetailId` = `d`.`Id`
) AS `s1` ON `o`.`Id` = `s1`.`OrderId`
ORDER BY `o`.`Id`, `c`.`Id`, `u`.`Id`, `v`.`Id`, `v0`.`Id`, `s0`.`Id`, `s0`.`Id0`, `s1`.`Id`
2026-06-01 11:21:49.693 +03:00 [INF] Executing OkObjectResult, writing value of type 'System.Linq.Enumerable+ListSelectIterator`2[[AutoService.Models.Order.Order, AutoService, Version=1.0.0.0, Culture=neutral, PublicKeyToken=null],[AutoService.DTOs.Order.OrderDto, AutoService, Version=1.0.0.0, Culture=neutral, PublicKeyToken=null]]'.
2026-06-01 11:21:49.749 +03:00 [INF] Executed action AutoService.Controllers.OrderController.GetOrdersAsync (AutoService) in 1331.9399ms
2026-06-01 11:21:49.749 +03:00 [INF] Executed endpoint 'AutoService.Controllers.OrderController.GetOrdersAsync (AutoService)'
2026-06-01 11:21:49.756 +03:00 [INF] Request finished HTTP/1.1 GET http://localhost:5130/api/order/getOrders - 200 null application/json; charset=utf-8 1432.1089ms
2026-06-01 11:21:49.757 +03:00 [INF] Request starting HTTP/1.1 GET http://localhost:5130/api/order/getOrders - application/json null
2026-06-01 11:21:49.758 +03:00 [INF] CORS policy execution successful.
2026-06-01 11:21:49.760 +03:00 [INF] Executing endpoint 'AutoService.Controllers.OrderController.GetOrdersAsync (AutoService)'
2026-06-01 11:21:49.761 +03:00 [INF] Route matched with {action = "GetOrders", controller = "Order"}. Executing controller action with signature System.Threading.Tasks.Task`1[Microsoft.AspNetCore.Mvc.IActionResult] GetOrdersAsync() on controller AutoService.Controllers.OrderController (AutoService).
2026-06-01 11:21:49.807 +03:00 [INF] Executed DbCommand (23ms) [Parameters=[], CommandType='"Text"', CommandTimeout='30']
SELECT `o`.`Id`, `o`.`ClientId`, `o`.`Comment`, `o`.`CreatedAt`, `o`.`Status`, `o`.`TotalAmount`, `o`.`VehicleId`, `c`.`Id`, `c`.`Address`, `c`.`PhoneNumber`, `c`.`UserId`, `u`.`Id`, `u`.`Email`, `u`.`FullName`, `u`.`PasswordHash`, `u`.`Role`, `v`.`Id`, `v0`.`Id`, `v0`.`Model`, `v0`.`OwnerId`, `v0`.`RegistrationNumber`, `v0`.`VinNumber`, `v0`.`Year`, `v`.`Model`, `v`.`OwnerId`, `v`.`RegistrationNumber`, `v`.`VinNumber`, `v`.`Year`, `s0`.`Id`, `s0`.`EmployeeId`, `s0`.`OrderId`, `s0`.`PriceAtSale`, `s0`.`Quantity`, `s0`.`ServiceId`, `s0`.`Id0`, `s0`.`CategoryId`, `s0`.`Description`, `s0`.`Name`, `s0`.`Price`, `s1`.`Id`, `s1`.`DetailId`, `s1`.`OrderId`, `s1`.`PriceAtSale`, `s1`.`Quantity`, `s1`.`Id0`, `s1`.`CategoryId`, `s1`.`Description`, `s1`.`Name`, `s1`.`Price`
FROM `Orders` AS `o`
LEFT JOIN `Clients` AS `c` ON `o`.`ClientId` = `c`.`Id`
LEFT JOIN `Users` AS `u` ON `c`.`UserId` = `u`.`Id`
LEFT JOIN `Vehicles` AS `v` ON `o`.`VehicleId` = `v`.`Id`
LEFT JOIN `Vehicles` AS `v0` ON `c`.`Id` = `v0`.`OwnerId`
LEFT JOIN (
    SELECT `o0`.`Id`, `o0`.`EmployeeId`, `o0`.`OrderId`, `o0`.`PriceAtSale`, `o0`.`Quantity`, `o0`.`ServiceId`, `s`.`Id` AS `Id0`, `s`.`CategoryId`, `s`.`Description`, `s`.`Name`, `s`.`Price`
    FROM `OrderServices` AS `o0`
    INNER JOIN `Services` AS `s` ON `o0`.`ServiceId` = `s`.`Id`
) AS `s0` ON `o`.`Id` = `s0`.`OrderId`
LEFT JOIN (
    SELECT `o1`.`Id`, `o1`.`DetailId`, `o1`.`OrderId`, `o1`.`PriceAtSale`, `o1`.`Quantity`, `d`.`Id` AS `Id0`, `d`.`CategoryId`, `d`.`Description`, `d`.`Name`, `d`.`Price`
    FROM `OrderDetails` AS `o1`
    INNER JOIN `Details` AS `d` ON `o1`.`DetailId` = `d`.`Id`
) AS `s1` ON `o`.`Id` = `s1`.`OrderId`
ORDER BY `o`.`Id`, `c`.`Id`, `u`.`Id`, `v`.`Id`, `v0`.`Id`, `s0`.`Id`, `s0`.`Id0`, `s1`.`Id`
2026-06-01 11:21:49.817 +03:00 [INF] Executing OkObjectResult, writing value of type 'System.Linq.Enumerable+ListSelectIterator`2[[AutoService.Models.Order.Order, AutoService, Version=1.0.0.0, Culture=neutral, PublicKeyToken=null],[AutoService.DTOs.Order.OrderDto, AutoService, Version=1.0.0.0, Culture=neutral, PublicKeyToken=null]]'.
2026-06-01 11:21:49.818 +03:00 [INF] Executed action AutoService.Controllers.OrderController.GetOrdersAsync (AutoService) in 57.0052ms
2026-06-01 11:21:49.818 +03:00 [INF] Executed endpoint 'AutoService.Controllers.OrderController.GetOrdersAsync (AutoService)'
2026-06-01 11:21:49.818 +03:00 [INF] Request finished HTTP/1.1 GET http://localhost:5130/api/order/getOrders - 200 null application/json; charset=utf-8 61.3082ms
2026-06-01 11:21:49.819 +03:00 [INF] Request starting HTTP/1.1 GET http://localhost:5130/api/order/getOrders - application/json null
2026-06-01 11:21:49.820 +03:00 [INF] CORS policy execution successful.
2026-06-01 11:21:49.823 +03:00 [INF] Executing endpoint 'AutoService.Controllers.OrderController.GetOrdersAsync (AutoService)'
2026-06-01 11:21:49.823 +03:00 [INF] Route matched with {action = "GetOrders", controller = "Order"}. Executing controller action with signature System.Threading.Tasks.Task`1[Microsoft.AspNetCore.Mvc.IActionResult] GetOrdersAsync() on controller AutoService.Controllers.OrderController (AutoService).
2026-06-01 11:21:49.886 +03:00 [INF] Executed DbCommand (2ms) [Parameters=[], CommandType='"Text"', CommandTimeout='30']
SELECT `o`.`Id`, `o`.`ClientId`, `o`.`Comment`, `o`.`CreatedAt`, `o`.`Status`, `o`.`TotalAmount`, `o`.`VehicleId`, `c`.`Id`, `c`.`Address`, `c`.`PhoneNumber`, `c`.`UserId`, `u`.`Id`, `u`.`Email`, `u`.`FullName`, `u`.`PasswordHash`, `u`.`Role`, `v`.`Id`, `v0`.`Id`, `v0`.`Model`, `v0`.`OwnerId`, `v0`.`RegistrationNumber`, `v0`.`VinNumber`, `v0`.`Year`, `v`.`Model`, `v`.`OwnerId`, `v`.`RegistrationNumber`, `v`.`VinNumber`, `v`.`Year`, `s0`.`Id`, `s0`.`EmployeeId`, `s0`.`OrderId`, `s0`.`PriceAtSale`, `s0`.`Quantity`, `s0`.`ServiceId`, `s0`.`Id0`, `s0`.`CategoryId`, `s0`.`Description`, `s0`.`Name`, `s0`.`Price`, `s1`.`Id`, `s1`.`DetailId`, `s1`.`OrderId`, `s1`.`PriceAtSale`, `s1`.`Quantity`, `s1`.`Id0`, `s1`.`CategoryId`, `s1`.`Description`, `s1`.`Name`, `s1`.`Price`
FROM `Orders` AS `o`
LEFT JOIN `Clients` AS `c` ON `o`.`ClientId` = `c`.`Id`
LEFT JOIN `Users` AS `u` ON `c`.`UserId` = `u`.`Id`
LEFT JOIN `Vehicles` AS `v` ON `o`.`VehicleId` = `v`.`Id`
LEFT JOIN `Vehicles` AS `v0` ON `c`.`Id` = `v0`.`OwnerId`
LEFT JOIN (
    SELECT `o0`.`Id`, `o0`.`EmployeeId`, `o0`.`OrderId`, `o0`.`PriceAtSale`, `o0`.`Quantity`, `o0`.`ServiceId`, `s`.`Id` AS `Id0`, `s`.`CategoryId`, `s`.`Description`, `s`.`Name`, `s`.`Price`
    FROM `OrderServices` AS `o0`
    INNER JOIN `Services` AS `s` ON `o0`.`ServiceId` = `s`.`Id`
) AS `s0` ON `o`.`Id` = `s0`.`OrderId`
LEFT JOIN (
    SELECT `o1`.`Id`, `o1`.`DetailId`, `o1`.`OrderId`, `o1`.`PriceAtSale`, `o1`.`Quantity`, `d`.`Id` AS `Id0`, `d`.`CategoryId`, `d`.`Description`, `d`.`Name`, `d`.`Price`
    FROM `OrderDetails` AS `o1`
    INNER JOIN `Details` AS `d` ON `o1`.`DetailId` = `d`.`Id`
) AS `s1` ON `o`.`Id` = `s1`.`OrderId`
ORDER BY `o`.`Id`, `c`.`Id`, `u`.`Id`, `v`.`Id`, `v0`.`Id`, `s0`.`Id`, `s0`.`Id0`, `s1`.`Id`
2026-06-01 11:21:49.896 +03:00 [INF] Executing OkObjectResult, writing value of type 'System.Linq.Enumerable+ListSelectIterator`2[[AutoService.Models.Order.Order, AutoService, Version=1.0.0.0, Culture=neutral, PublicKeyToken=null],[AutoService.DTOs.Order.OrderDto, AutoService, Version=1.0.0.0, Culture=neutral, PublicKeyToken=null]]'.
2026-06-01 11:21:49.896 +03:00 [INF] Executed action AutoService.Controllers.OrderController.GetOrdersAsync (AutoService) in 73.2606ms
2026-06-01 11:21:49.896 +03:00 [INF] Executed endpoint 'AutoService.Controllers.OrderController.GetOrdersAsync (AutoService)'
2026-06-01 11:21:49.897 +03:00 [INF] Request finished HTTP/1.1 GET http://localhost:5130/api/order/getOrders - 200 null application/json; charset=utf-8 77.4265ms
2026-06-01 11:21:49.898 +03:00 [INF] Request starting HTTP/1.1 GET http://localhost:5130/api/order/getOrders - application/json null
2026-06-01 11:21:49.898 +03:00 [INF] CORS policy execution successful.
2026-06-01 11:21:49.899 +03:00 [INF] Executing endpoint 'AutoService.Controllers.OrderController.GetOrdersAsync (AutoService)'
2026-06-01 11:21:49.899 +03:00 [INF] Route matched with {action = "GetOrders", controller = "Order"}. Executing controller action with signature System.Threading.Tasks.Task`1[Microsoft.AspNetCore.Mvc.IActionResult] GetOrdersAsync() on controller AutoService.Controllers.OrderController (AutoService).
2026-06-01 11:21:49.906 +03:00 [INF] Executed DbCommand (2ms) [Parameters=[], CommandType='"Text"', CommandTimeout='30']
SELECT `o`.`Id`, `o`.`ClientId`, `o`.`Comment`, `o`.`CreatedAt`, `o`.`Status`, `o`.`TotalAmount`, `o`.`VehicleId`, `c`.`Id`, `c`.`Address`, `c`.`PhoneNumber`, `c`.`UserId`, `u`.`Id`, `u`.`Email`, `u`.`FullName`, `u`.`PasswordHash`, `u`.`Role`, `v`.`Id`, `v0`.`Id`, `v0`.`Model`, `v0`.`OwnerId`, `v0`.`RegistrationNumber`, `v0`.`VinNumber`, `v0`.`Year`, `v`.`Model`, `v`.`OwnerId`, `v`.`RegistrationNumber`, `v`.`VinNumber`, `v`.`Year`, `s0`.`Id`, `s0`.`EmployeeId`, `s0`.`OrderId`, `s0`.`PriceAtSale`, `s0`.`Quantity`, `s0`.`ServiceId`, `s0`.`Id0`, `s0`.`CategoryId`, `s0`.`Description`, `s0`.`Name`, `s0`.`Price`, `s1`.`Id`, `s1`.`DetailId`, `s1`.`OrderId`, `s1`.`PriceAtSale`, `s1`.`Quantity`, `s1`.`Id0`, `s1`.`CategoryId`, `s1`.`Description`, `s1`.`Name`, `s1`.`Price`
FROM `Orders` AS `o`
LEFT JOIN `Clients` AS `c` ON `o`.`ClientId` = `c`.`Id`
LEFT JOIN `Users` AS `u` ON `c`.`UserId` = `u`.`Id`
LEFT JOIN `Vehicles` AS `v` ON `o`.`VehicleId` = `v`.`Id`
LEFT JOIN `Vehicles` AS `v0` ON `c`.`Id` = `v0`.`OwnerId`
LEFT JOIN (
    SELECT `o0`.`Id`, `o0`.`EmployeeId`, `o0`.`OrderId`, `o0`.`PriceAtSale`, `o0`.`Quantity`, `o0`.`ServiceId`, `s`.`Id` AS `Id0`, `s`.`CategoryId`, `s`.`Description`, `s`.`Name`, `s`.`Price`
    FROM `OrderServices` AS `o0`
    INNER JOIN `Services` AS `s` ON `o0`.`ServiceId` = `s`.`Id`
) AS `s0` ON `o`.`Id` = `s0`.`OrderId`
LEFT JOIN (
    SELECT `o1`.`Id`, `o1`.`DetailId`, `o1`.`OrderId`, `o1`.`PriceAtSale`, `o1`.`Quantity`, `d`.`Id` AS `Id0`, `d`.`CategoryId`, `d`.`Description`, `d`.`Name`, `d`.`Price`
    FROM `OrderDetails` AS `o1`
    INNER JOIN `Details` AS `d` ON `o1`.`DetailId` = `d`.`Id`
) AS `s1` ON `o`.`Id` = `s1`.`OrderId`
ORDER BY `o`.`Id`, `c`.`Id`, `u`.`Id`, `v`.`Id`, `v0`.`Id`, `s0`.`Id`, `s0`.`Id0`, `s1`.`Id`
2026-06-01 11:21:49.916 +03:00 [INF] Executing OkObjectResult, writing value of type 'System.Linq.Enumerable+ListSelectIterator`2[[AutoService.Models.Order.Order, AutoService, Version=1.0.0.0, Culture=neutral, PublicKeyToken=null],[AutoService.DTOs.Order.OrderDto, AutoService, Version=1.0.0.0, Culture=neutral, PublicKeyToken=null]]'.
2026-06-01 11:21:49.916 +03:00 [INF] Executed action AutoService.Controllers.OrderController.GetOrdersAsync (AutoService) in 17.4879ms
2026-06-01 11:21:49.917 +03:00 [INF] Executed endpoint 'AutoService.Controllers.OrderController.GetOrdersAsync (AutoService)'
2026-06-01 11:21:49.917 +03:00 [INF] Request finished HTTP/1.1 GET http://localhost:5130/api/order/getOrders - 200 null application/json; charset=utf-8 19.045ms
2026-06-01 11:21:49.918 +03:00 [INF] Request starting HTTP/1.1 GET http://localhost:5130/api/order/getOrders - application/json null
2026-06-01 11:21:49.918 +03:00 [INF] Request starting HTTP/1.1 GET http://localhost:5130/api/order/getOrders - application/json null
2026-06-01 11:21:49.918 +03:00 [INF] CORS policy execution successful.
2026-06-01 11:21:49.918 +03:00 [INF] CORS policy execution successful.
2026-06-01 11:21:49.919 +03:00 [INF] Executing endpoint 'AutoService.Controllers.OrderController.GetOrdersAsync (AutoService)'
2026-06-01 11:21:49.919 +03:00 [INF] Executing endpoint 'AutoService.Controllers.OrderController.GetOrdersAsync (AutoService)'
2026-06-01 11:21:49.919 +03:00 [INF] Route matched with {action = "GetOrders", controller = "Order"}. Executing controller action with signature System.Threading.Tasks.Task`1[Microsoft.AspNetCore.Mvc.IActionResult] GetOrdersAsync() on controller AutoService.Controllers.OrderController (AutoService).
2026-06-01 11:21:49.919 +03:00 [INF] Route matched with {action = "GetOrders", controller = "Order"}. Executing controller action with signature System.Threading.Tasks.Task`1[Microsoft.AspNetCore.Mvc.IActionResult] GetOrdersAsync() on controller AutoService.Controllers.OrderController (AutoService).
2026-06-01 11:21:49.925 +03:00 [INF] Executed DbCommand (1ms) [Parameters=[], CommandType='"Text"', CommandTimeout='30']
SELECT `o`.`Id`, `o`.`ClientId`, `o`.`Comment`, `o`.`CreatedAt`, `o`.`Status`, `o`.`TotalAmount`, `o`.`VehicleId`, `c`.`Id`, `c`.`Address`, `c`.`PhoneNumber`, `c`.`UserId`, `u`.`Id`, `u`.`Email`, `u`.`FullName`, `u`.`PasswordHash`, `u`.`Role`, `v`.`Id`, `v0`.`Id`, `v0`.`Model`, `v0`.`OwnerId`, `v0`.`RegistrationNumber`, `v0`.`VinNumber`, `v0`.`Year`, `v`.`Model`, `v`.`OwnerId`, `v`.`RegistrationNumber`, `v`.`VinNumber`, `v`.`Year`, `s0`.`Id`, `s0`.`EmployeeId`, `s0`.`OrderId`, `s0`.`PriceAtSale`, `s0`.`Quantity`, `s0`.`ServiceId`, `s0`.`Id0`, `s0`.`CategoryId`, `s0`.`Description`, `s0`.`Name`, `s0`.`Price`, `s1`.`Id`, `s1`.`DetailId`, `s1`.`OrderId`, `s1`.`PriceAtSale`, `s1`.`Quantity`, `s1`.`Id0`, `s1`.`CategoryId`, `s1`.`Description`, `s1`.`Name`, `s1`.`Price`
FROM `Orders` AS `o`
LEFT JOIN `Clients` AS `c` ON `o`.`ClientId` = `c`.`Id`
LEFT JOIN `Users` AS `u` ON `c`.`UserId` = `u`.`Id`
LEFT JOIN `Vehicles` AS `v` ON `o`.`VehicleId` = `v`.`Id`
LEFT JOIN `Vehicles` AS `v0` ON `c`.`Id` = `v0`.`OwnerId`
LEFT JOIN (
    SELECT `o0`.`Id`, `o0`.`EmployeeId`, `o0`.`OrderId`, `o0`.`PriceAtSale`, `o0`.`Quantity`, `o0`.`ServiceId`, `s`.`Id` AS `Id0`, `s`.`CategoryId`, `s`.`Description`, `s`.`Name`, `s`.`Price`
    FROM `OrderServices` AS `o0`
    INNER JOIN `Services` AS `s` ON `o0`.`ServiceId` = `s`.`Id`
) AS `s0` ON `o`.`Id` = `s0`.`OrderId`
LEFT JOIN (
    SELECT `o1`.`Id`, `o1`.`DetailId`, `o1`.`OrderId`, `o1`.`PriceAtSale`, `o1`.`Quantity`, `d`.`Id` AS `Id0`, `d`.`CategoryId`, `d`.`Description`, `d`.`Name`, `d`.`Price`
    FROM `OrderDetails` AS `o1`
    INNER JOIN `Details` AS `d` ON `o1`.`DetailId` = `d`.`Id`
) AS `s1` ON `o`.`Id` = `s1`.`OrderId`
ORDER BY `o`.`Id`, `c`.`Id`, `u`.`Id`, `v`.`Id`, `v0`.`Id`, `s0`.`Id`, `s0`.`Id0`, `s1`.`Id`
2026-06-01 11:21:49.930 +03:00 [INF] Executed DbCommand (2ms) [Parameters=[], CommandType='"Text"', CommandTimeout='30']
SELECT `o`.`Id`, `o`.`ClientId`, `o`.`Comment`, `o`.`CreatedAt`, `o`.`Status`, `o`.`TotalAmount`, `o`.`VehicleId`, `c`.`Id`, `c`.`Address`, `c`.`PhoneNumber`, `c`.`UserId`, `u`.`Id`, `u`.`Email`, `u`.`FullName`, `u`.`PasswordHash`, `u`.`Role`, `v`.`Id`, `v0`.`Id`, `v0`.`Model`, `v0`.`OwnerId`, `v0`.`RegistrationNumber`, `v0`.`VinNumber`, `v0`.`Year`, `v`.`Model`, `v`.`OwnerId`, `v`.`RegistrationNumber`, `v`.`VinNumber`, `v`.`Year`, `s0`.`Id`, `s0`.`EmployeeId`, `s0`.`OrderId`, `s0`.`PriceAtSale`, `s0`.`Quantity`, `s0`.`ServiceId`, `s0`.`Id0`, `s0`.`CategoryId`, `s0`.`Description`, `s0`.`Name`, `s0`.`Price`, `s1`.`Id`, `s1`.`DetailId`, `s1`.`OrderId`, `s1`.`PriceAtSale`, `s1`.`Quantity`, `s1`.`Id0`, `s1`.`CategoryId`, `s1`.`Description`, `s1`.`Name`, `s1`.`Price`
FROM `Orders` AS `o`
LEFT JOIN `Clients` AS `c` ON `o`.`ClientId` = `c`.`Id`
LEFT JOIN `Users` AS `u` ON `c`.`UserId` = `u`.`Id`
LEFT JOIN `Vehicles` AS `v` ON `o`.`VehicleId` = `v`.`Id`
LEFT JOIN `Vehicles` AS `v0` ON `c`.`Id` = `v0`.`OwnerId`
LEFT JOIN (
    SELECT `o0`.`Id`, `o0`.`EmployeeId`, `o0`.`OrderId`, `o0`.`PriceAtSale`, `o0`.`Quantity`, `o0`.`ServiceId`, `s`.`Id` AS `Id0`, `s`.`CategoryId`, `s`.`Description`, `s`.`Name`, `s`.`Price`
    FROM `OrderServices` AS `o0`
    INNER JOIN `Services` AS `s` ON `o0`.`ServiceId` = `s`.`Id`
) AS `s0` ON `o`.`Id` = `s0`.`OrderId`
LEFT JOIN (
    SELECT `o1`.`Id`, `o1`.`DetailId`, `o1`.`OrderId`, `o1`.`PriceAtSale`, `o1`.`Quantity`, `d`.`Id` AS `Id0`, `d`.`CategoryId`, `d`.`Description`, `d`.`Name`, `d`.`Price`
    FROM `OrderDetails` AS `o1`
    INNER JOIN `Details` AS `d` ON `o1`.`DetailId` = `d`.`Id`
) AS `s1` ON `o`.`Id` = `s1`.`OrderId`
ORDER BY `o`.`Id`, `c`.`Id`, `u`.`Id`, `v`.`Id`, `v0`.`Id`, `s0`.`Id`, `s0`.`Id0`, `s1`.`Id`
2026-06-01 11:21:49.935 +03:00 [INF] Executing OkObjectResult, writing value of type 'System.Linq.Enumerable+ListSelectIterator`2[[AutoService.Models.Order.Order, AutoService, Version=1.0.0.0, Culture=neutral, PublicKeyToken=null],[AutoService.DTOs.Order.OrderDto, AutoService, Version=1.0.0.0, Culture=neutral, PublicKeyToken=null]]'.
2026-06-01 11:21:49.935 +03:00 [INF] Executed action AutoService.Controllers.OrderController.GetOrdersAsync (AutoService) in 16.0781ms
2026-06-01 11:21:49.936 +03:00 [INF] Executed endpoint 'AutoService.Controllers.OrderController.GetOrdersAsync (AutoService)'
2026-06-01 11:21:49.936 +03:00 [INF] Request finished HTTP/1.1 GET http://localhost:5130/api/order/getOrders - 200 null application/json; charset=utf-8 17.9835ms
2026-06-01 11:21:49.939 +03:00 [INF] Executing OkObjectResult, writing value of type 'System.Linq.Enumerable+ListSelectIterator`2[[AutoService.Models.Order.Order, AutoService, Version=1.0.0.0, Culture=neutral, PublicKeyToken=null],[AutoService.DTOs.Order.OrderDto, AutoService, Version=1.0.0.0, Culture=neutral, PublicKeyToken=null]]'.
2026-06-01 11:21:49.940 +03:00 [INF] Executed action AutoService.Controllers.OrderController.GetOrdersAsync (AutoService) in 20.7537ms
2026-06-01 11:21:49.940 +03:00 [INF] Executed endpoint 'AutoService.Controllers.OrderController.GetOrdersAsync (AutoService)'
2026-06-01 11:21:49.940 +03:00 [INF] Request finished HTTP/1.1 GET http://localhost:5130/api/order/getOrders - 200 null application/json; charset=utf-8 22.3044ms
2026-06-01 11:21:50.565 +03:00 [INF] Request starting HTTP/1.1 GET http://localhost:5130/api/order/getOrders - application/json null
2026-06-01 11:21:50.566 +03:00 [INF] CORS policy execution successful.
2026-06-01 11:21:50.567 +03:00 [INF] Executing endpoint 'AutoService.Controllers.OrderController.GetOrdersAsync (AutoService)'
2026-06-01 11:21:50.567 +03:00 [INF] Route matched with {action = "GetOrders", controller = "Order"}. Executing controller action with signature System.Threading.Tasks.Task`1[Microsoft.AspNetCore.Mvc.IActionResult] GetOrdersAsync() on controller AutoService.Controllers.OrderController (AutoService).
2026-06-01 11:21:50.578 +03:00 [INF] Executed DbCommand (2ms) [Parameters=[], CommandType='"Text"', CommandTimeout='30']
SELECT `o`.`Id`, `o`.`ClientId`, `o`.`Comment`, `o`.`CreatedAt`, `o`.`Status`, `o`.`TotalAmount`, `o`.`VehicleId`, `c`.`Id`, `c`.`Address`, `c`.`PhoneNumber`, `c`.`UserId`, `u`.`Id`, `u`.`Email`, `u`.`FullName`, `u`.`PasswordHash`, `u`.`Role`, `v`.`Id`, `v0`.`Id`, `v0`.`Model`, `v0`.`OwnerId`, `v0`.`RegistrationNumber`, `v0`.`VinNumber`, `v0`.`Year`, `v`.`Model`, `v`.`OwnerId`, `v`.`RegistrationNumber`, `v`.`VinNumber`, `v`.`Year`, `s0`.`Id`, `s0`.`EmployeeId`, `s0`.`OrderId`, `s0`.`PriceAtSale`, `s0`.`Quantity`, `s0`.`ServiceId`, `s0`.`Id0`, `s0`.`CategoryId`, `s0`.`Description`, `s0`.`Name`, `s0`.`Price`, `s1`.`Id`, `s1`.`DetailId`, `s1`.`OrderId`, `s1`.`PriceAtSale`, `s1`.`Quantity`, `s1`.`Id0`, `s1`.`CategoryId`, `s1`.`Description`, `s1`.`Name`, `s1`.`Price`
FROM `Orders` AS `o`
LEFT JOIN `Clients` AS `c` ON `o`.`ClientId` = `c`.`Id`
LEFT JOIN `Users` AS `u` ON `c`.`UserId` = `u`.`Id`
LEFT JOIN `Vehicles` AS `v` ON `o`.`VehicleId` = `v`.`Id`
LEFT JOIN `Vehicles` AS `v0` ON `c`.`Id` = `v0`.`OwnerId`
LEFT JOIN (
    SELECT `o0`.`Id`, `o0`.`EmployeeId`, `o0`.`OrderId`, `o0`.`PriceAtSale`, `o0`.`Quantity`, `o0`.`ServiceId`, `s`.`Id` AS `Id0`, `s`.`CategoryId`, `s`.`Description`, `s`.`Name`, `s`.`Price`
    FROM `OrderServices` AS `o0`
    INNER JOIN `Services` AS `s` ON `o0`.`ServiceId` = `s`.`Id`
) AS `s0` ON `o`.`Id` = `s0`.`OrderId`
LEFT JOIN (
    SELECT `o1`.`Id`, `o1`.`DetailId`, `o1`.`OrderId`, `o1`.`PriceAtSale`, `o1`.`Quantity`, `d`.`Id` AS `Id0`, `d`.`CategoryId`, `d`.`Description`, `d`.`Name`, `d`.`Price`
    FROM `OrderDetails` AS `o1`
    INNER JOIN `Details` AS `d` ON `o1`.`DetailId` = `d`.`Id`
) AS `s1` ON `o`.`Id` = `s1`.`OrderId`
ORDER BY `o`.`Id`, `c`.`Id`, `u`.`Id`, `v`.`Id`, `v0`.`Id`, `s0`.`Id`, `s0`.`Id0`, `s1`.`Id`
2026-06-01 11:21:50.591 +03:00 [INF] Executing OkObjectResult, writing value of type 'System.Linq.Enumerable+ListSelectIterator`2[[AutoService.Models.Order.Order, AutoService, Version=1.0.0.0, Culture=neutral, PublicKeyToken=null],[AutoService.DTOs.Order.OrderDto, AutoService, Version=1.0.0.0, Culture=neutral, PublicKeyToken=null]]'.
2026-06-01 11:21:50.592 +03:00 [INF] Executed action AutoService.Controllers.OrderController.GetOrdersAsync (AutoService) in 24.2309ms
2026-06-01 11:21:50.592 +03:00 [INF] Executed endpoint 'AutoService.Controllers.OrderController.GetOrdersAsync (AutoService)'
2026-06-01 11:21:50.592 +03:00 [INF] Request finished HTTP/1.1 GET http://localhost:5130/api/order/getOrders - 200 null application/json; charset=utf-8 26.8208ms
2026-06-01 11:21:50.593 +03:00 [INF] Request starting HTTP/1.1 GET http://localhost:5130/api/order/getOrders - application/json null
2026-06-01 11:21:50.593 +03:00 [INF] CORS policy execution successful.
2026-06-01 11:21:50.594 +03:00 [INF] Executing endpoint 'AutoService.Controllers.OrderController.GetOrdersAsync (AutoService)'
2026-06-01 11:21:50.594 +03:00 [INF] Route matched with {action = "GetOrders", controller = "Order"}. Executing controller action with signature System.Threading.Tasks.Task`1[Microsoft.AspNetCore.Mvc.IActionResult] GetOrdersAsync() on controller AutoService.Controllers.OrderController (AutoService).
2026-06-01 11:21:50.601 +03:00 [INF] Executed DbCommand (2ms) [Parameters=[], CommandType='"Text"', CommandTimeout='30']
SELECT `o`.`Id`, `o`.`ClientId`, `o`.`Comment`, `o`.`CreatedAt`, `o`.`Status`, `o`.`TotalAmount`, `o`.`VehicleId`, `c`.`Id`, `c`.`Address`, `c`.`PhoneNumber`, `c`.`UserId`, `u`.`Id`, `u`.`Email`, `u`.`FullName`, `u`.`PasswordHash`, `u`.`Role`, `v`.`Id`, `v0`.`Id`, `v0`.`Model`, `v0`.`OwnerId`, `v0`.`RegistrationNumber`, `v0`.`VinNumber`, `v0`.`Year`, `v`.`Model`, `v`.`OwnerId`, `v`.`RegistrationNumber`, `v`.`VinNumber`, `v`.`Year`, `s0`.`Id`, `s0`.`EmployeeId`, `s0`.`OrderId`, `s0`.`PriceAtSale`, `s0`.`Quantity`, `s0`.`ServiceId`, `s0`.`Id0`, `s0`.`CategoryId`, `s0`.`Description`, `s0`.`Name`, `s0`.`Price`, `s1`.`Id`, `s1`.`DetailId`, `s1`.`OrderId`, `s1`.`PriceAtSale`, `s1`.`Quantity`, `s1`.`Id0`, `s1`.`CategoryId`, `s1`.`Description`, `s1`.`Name`, `s1`.`Price`
FROM `Orders` AS `o`
LEFT JOIN `Clients` AS `c` ON `o`.`ClientId` = `c`.`Id`
LEFT JOIN `Users` AS `u` ON `c`.`UserId` = `u`.`Id`
LEFT JOIN `Vehicles` AS `v` ON `o`.`VehicleId` = `v`.`Id`
LEFT JOIN `Vehicles` AS `v0` ON `c`.`Id` = `v0`.`OwnerId`
LEFT JOIN (
    SELECT `o0`.`Id`, `o0`.`EmployeeId`, `o0`.`OrderId`, `o0`.`PriceAtSale`, `o0`.`Quantity`, `o0`.`ServiceId`, `s`.`Id` AS `Id0`, `s`.`CategoryId`, `s`.`Description`, `s`.`Name`, `s`.`Price`
    FROM `OrderServices` AS `o0`
    INNER JOIN `Services` AS `s` ON `o0`.`ServiceId` = `s`.`Id`
) AS `s0` ON `o`.`Id` = `s0`.`OrderId`
LEFT JOIN (
    SELECT `o1`.`Id`, `o1`.`DetailId`, `o1`.`OrderId`, `o1`.`PriceAtSale`, `o1`.`Quantity`, `d`.`Id` AS `Id0`, `d`.`CategoryId`, `d`.`Description`, `d`.`Name`, `d`.`Price`
    FROM `OrderDetails` AS `o1`
    INNER JOIN `Details` AS `d` ON `o1`.`DetailId` = `d`.`Id`
) AS `s1` ON `o`.`Id` = `s1`.`OrderId`
ORDER BY `o`.`Id`, `c`.`Id`, `u`.`Id`, `v`.`Id`, `v0`.`Id`, `s0`.`Id`, `s0`.`Id0`, `s1`.`Id`
2026-06-01 11:21:50.613 +03:00 [INF] Executing OkObjectResult, writing value of type 'System.Linq.Enumerable+ListSelectIterator`2[[AutoService.Models.Order.Order, AutoService, Version=1.0.0.0, Culture=neutral, PublicKeyToken=null],[AutoService.DTOs.Order.OrderDto, AutoService, Version=1.0.0.0, Culture=neutral, PublicKeyToken=null]]'.
2026-06-01 11:21:50.614 +03:00 [INF] Executed action AutoService.Controllers.OrderController.GetOrdersAsync (AutoService) in 20.0292ms
2026-06-01 11:21:50.614 +03:00 [INF] Executed endpoint 'AutoService.Controllers.OrderController.GetOrdersAsync (AutoService)'
2026-06-01 11:21:50.615 +03:00 [INF] Request finished HTTP/1.1 GET http://localhost:5130/api/order/getOrders - 200 null application/json; charset=utf-8 21.8342ms
2026-06-01 11:21:51.341 +03:00 [INF] Request starting HTTP/1.1 GET http://localhost:5130/api/order/getOrders - application/json null
2026-06-01 11:21:51.341 +03:00 [INF] CORS policy execution successful.
2026-06-01 11:21:51.342 +03:00 [INF] Executing endpoint 'AutoService.Controllers.OrderController.GetOrdersAsync (AutoService)'
2026-06-01 11:21:51.342 +03:00 [INF] Route matched with {action = "GetOrders", controller = "Order"}. Executing controller action with signature System.Threading.Tasks.Task`1[Microsoft.AspNetCore.Mvc.IActionResult] GetOrdersAsync() on controller AutoService.Controllers.OrderController (AutoService).
2026-06-01 11:21:51.351 +03:00 [INF] Executed DbCommand (2ms) [Parameters=[], CommandType='"Text"', CommandTimeout='30']
SELECT `o`.`Id`, `o`.`ClientId`, `o`.`Comment`, `o`.`CreatedAt`, `o`.`Status`, `o`.`TotalAmount`, `o`.`VehicleId`, `c`.`Id`, `c`.`Address`, `c`.`PhoneNumber`, `c`.`UserId`, `u`.`Id`, `u`.`Email`, `u`.`FullName`, `u`.`PasswordHash`, `u`.`Role`, `v`.`Id`, `v0`.`Id`, `v0`.`Model`, `v0`.`OwnerId`, `v0`.`RegistrationNumber`, `v0`.`VinNumber`, `v0`.`Year`, `v`.`Model`, `v`.`OwnerId`, `v`.`RegistrationNumber`, `v`.`VinNumber`, `v`.`Year`, `s0`.`Id`, `s0`.`EmployeeId`, `s0`.`OrderId`, `s0`.`PriceAtSale`, `s0`.`Quantity`, `s0`.`ServiceId`, `s0`.`Id0`, `s0`.`CategoryId`, `s0`.`Description`, `s0`.`Name`, `s0`.`Price`, `s1`.`Id`, `s1`.`DetailId`, `s1`.`OrderId`, `s1`.`PriceAtSale`, `s1`.`Quantity`, `s1`.`Id0`, `s1`.`CategoryId`, `s1`.`Description`, `s1`.`Name`, `s1`.`Price`
FROM `Orders` AS `o`
LEFT JOIN `Clients` AS `c` ON `o`.`ClientId` = `c`.`Id`
LEFT JOIN `Users` AS `u` ON `c`.`UserId` = `u`.`Id`
LEFT JOIN `Vehicles` AS `v` ON `o`.`VehicleId` = `v`.`Id`
LEFT JOIN `Vehicles` AS `v0` ON `c`.`Id` = `v0`.`OwnerId`
LEFT JOIN (
    SELECT `o0`.`Id`, `o0`.`EmployeeId`, `o0`.`OrderId`, `o0`.`PriceAtSale`, `o0`.`Quantity`, `o0`.`ServiceId`, `s`.`Id` AS `Id0`, `s`.`CategoryId`, `s`.`Description`, `s`.`Name`, `s`.`Price`
    FROM `OrderServices` AS `o0`
    INNER JOIN `Services` AS `s` ON `o0`.`ServiceId` = `s`.`Id`
) AS `s0` ON `o`.`Id` = `s0`.`OrderId`
LEFT JOIN (
    SELECT `o1`.`Id`, `o1`.`DetailId`, `o1`.`OrderId`, `o1`.`PriceAtSale`, `o1`.`Quantity`, `d`.`Id` AS `Id0`, `d`.`CategoryId`, `d`.`Description`, `d`.`Name`, `d`.`Price`
    FROM `OrderDetails` AS `o1`
    INNER JOIN `Details` AS `d` ON `o1`.`DetailId` = `d`.`Id`
) AS `s1` ON `o`.`Id` = `s1`.`OrderId`
ORDER BY `o`.`Id`, `c`.`Id`, `u`.`Id`, `v`.`Id`, `v0`.`Id`, `s0`.`Id`, `s0`.`Id0`, `s1`.`Id`
2026-06-01 11:21:51.366 +03:00 [INF] Executing OkObjectResult, writing value of type 'System.Linq.Enumerable+ListSelectIterator`2[[AutoService.Models.Order.Order, AutoService, Version=1.0.0.0, Culture=neutral, PublicKeyToken=null],[AutoService.DTOs.Order.OrderDto, AutoService, Version=1.0.0.0, Culture=neutral, PublicKeyToken=null]]'.
2026-06-01 11:21:51.366 +03:00 [INF] Executed action AutoService.Controllers.OrderController.GetOrdersAsync (AutoService) in 23.98ms
2026-06-01 11:21:51.367 +03:00 [INF] Executed endpoint 'AutoService.Controllers.OrderController.GetOrdersAsync (AutoService)'
2026-06-01 11:21:51.367 +03:00 [INF] Request finished HTTP/1.1 GET http://localhost:5130/api/order/getOrders - 200 null application/json; charset=utf-8 26.1733ms
2026-06-01 11:21:51.368 +03:00 [INF] Request starting HTTP/1.1 GET http://localhost:5130/api/order/getOrders - application/json null
2026-06-01 11:21:51.368 +03:00 [INF] CORS policy execution successful.
2026-06-01 11:21:51.368 +03:00 [INF] Executing endpoint 'AutoService.Controllers.OrderController.GetOrdersAsync (AutoService)'
2026-06-01 11:21:51.368 +03:00 [INF] Route matched with {action = "GetOrders", controller = "Order"}. Executing controller action with signature System.Threading.Tasks.Task`1[Microsoft.AspNetCore.Mvc.IActionResult] GetOrdersAsync() on controller AutoService.Controllers.OrderController (AutoService).
2026-06-01 11:21:51.381 +03:00 [INF] Executed DbCommand (8ms) [Parameters=[], CommandType='"Text"', CommandTimeout='30']
SELECT `o`.`Id`, `o`.`ClientId`, `o`.`Comment`, `o`.`CreatedAt`, `o`.`Status`, `o`.`TotalAmount`, `o`.`VehicleId`, `c`.`Id`, `c`.`Address`, `c`.`PhoneNumber`, `c`.`UserId`, `u`.`Id`, `u`.`Email`, `u`.`FullName`, `u`.`PasswordHash`, `u`.`Role`, `v`.`Id`, `v0`.`Id`, `v0`.`Model`, `v0`.`OwnerId`, `v0`.`RegistrationNumber`, `v0`.`VinNumber`, `v0`.`Year`, `v`.`Model`, `v`.`OwnerId`, `v`.`RegistrationNumber`, `v`.`VinNumber`, `v`.`Year`, `s0`.`Id`, `s0`.`EmployeeId`, `s0`.`OrderId`, `s0`.`PriceAtSale`, `s0`.`Quantity`, `s0`.`ServiceId`, `s0`.`Id0`, `s0`.`CategoryId`, `s0`.`Description`, `s0`.`Name`, `s0`.`Price`, `s1`.`Id`, `s1`.`DetailId`, `s1`.`OrderId`, `s1`.`PriceAtSale`, `s1`.`Quantity`, `s1`.`Id0`, `s1`.`CategoryId`, `s1`.`Description`, `s1`.`Name`, `s1`.`Price`
FROM `Orders` AS `o`
LEFT JOIN `Clients` AS `c` ON `o`.`ClientId` = `c`.`Id`
LEFT JOIN `Users` AS `u` ON `c`.`UserId` = `u`.`Id`
LEFT JOIN `Vehicles` AS `v` ON `o`.`VehicleId` = `v`.`Id`
LEFT JOIN `Vehicles` AS `v0` ON `c`.`Id` = `v0`.`OwnerId`
LEFT JOIN (
    SELECT `o0`.`Id`, `o0`.`EmployeeId`, `o0`.`OrderId`, `o0`.`PriceAtSale`, `o0`.`Quantity`, `o0`.`ServiceId`, `s`.`Id` AS `Id0`, `s`.`CategoryId`, `s`.`Description`, `s`.`Name`, `s`.`Price`
    FROM `OrderServices` AS `o0`
    INNER JOIN `Services` AS `s` ON `o0`.`ServiceId` = `s`.`Id`
) AS `s0` ON `o`.`Id` = `s0`.`OrderId`
LEFT JOIN (
    SELECT `o1`.`Id`, `o1`.`DetailId`, `o1`.`OrderId`, `o1`.`PriceAtSale`, `o1`.`Quantity`, `d`.`Id` AS `Id0`, `d`.`CategoryId`, `d`.`Description`, `d`.`Name`, `d`.`Price`
    FROM `OrderDetails` AS `o1`
    INNER JOIN `Details` AS `d` ON `o1`.`DetailId` = `d`.`Id`
) AS `s1` ON `o`.`Id` = `s1`.`OrderId`
ORDER BY `o`.`Id`, `c`.`Id`, `u`.`Id`, `v`.`Id`, `v0`.`Id`, `s0`.`Id`, `s0`.`Id0`, `s1`.`Id`
2026-06-01 11:21:51.395 +03:00 [INF] Executing OkObjectResult, writing value of type 'System.Linq.Enumerable+ListSelectIterator`2[[AutoService.Models.Order.Order, AutoService, Version=1.0.0.0, Culture=neutral, PublicKeyToken=null],[AutoService.DTOs.Order.OrderDto, AutoService, Version=1.0.0.0, Culture=neutral, PublicKeyToken=null]]'.
2026-06-01 11:21:51.396 +03:00 [INF] Executed action AutoService.Controllers.OrderController.GetOrdersAsync (AutoService) in 27.1165ms
2026-06-01 11:21:51.396 +03:00 [INF] Executed endpoint 'AutoService.Controllers.OrderController.GetOrdersAsync (AutoService)'
2026-06-01 11:21:51.396 +03:00 [INF] Request finished HTTP/1.1 GET http://localhost:5130/api/order/getOrders - 200 null application/json; charset=utf-8 28.4541ms
2026-06-01 11:26:07.478 +03:00 [INF] Request starting HTTP/1.1 OPTIONS http://localhost:5130/api/client/getClients - null null
2026-06-01 11:26:07.478 +03:00 [INF] CORS policy execution successful.
2026-06-01 11:26:07.479 +03:00 [INF] Request finished HTTP/1.1 OPTIONS http://localhost:5130/api/client/getClients - 204 null null 0.8048ms
2026-06-01 11:26:07.479 +03:00 [INF] Request starting HTTP/1.1 GET http://localhost:5130/api/client/getClients - application/json null
2026-06-01 11:26:07.480 +03:00 [INF] CORS policy execution successful.
2026-06-01 11:26:07.481 +03:00 [INF] Executing endpoint 'AutoService.Controllers.ClientController.GetClients (AutoService)'
2026-06-01 11:26:07.494 +03:00 [INF] Route matched with {action = "GetClients", controller = "Client"}. Executing controller action with signature System.Threading.Tasks.Task`1[Microsoft.AspNetCore.Mvc.IActionResult] GetClients() on controller AutoService.Controllers.ClientController (AutoService).
2026-06-01 11:26:07.523 +03:00 [INF] Executed DbCommand (1ms) [Parameters=[], CommandType='"Text"', CommandTimeout='30']
SELECT `c`.`Id`, `c`.`Address`, `c`.`PhoneNumber`, `c`.`UserId`, `u`.`Id`, `u`.`Email`, `u`.`FullName`, `u`.`PasswordHash`, `u`.`Role`, `v`.`Id`, `v`.`Model`, `v`.`OwnerId`, `v`.`RegistrationNumber`, `v`.`VinNumber`, `v`.`Year`
FROM `Clients` AS `c`
LEFT JOIN `Users` AS `u` ON `c`.`UserId` = `u`.`Id`
LEFT JOIN `Vehicles` AS `v` ON `c`.`Id` = `v`.`OwnerId`
ORDER BY `c`.`Id`, `u`.`Id`
2026-06-01 11:26:07.526 +03:00 [INF] Executing OkObjectResult, writing value of type 'System.Linq.Enumerable+ListSelectIterator`2[[AutoService.Models.Users.Client, AutoService, Version=1.0.0.0, Culture=neutral, PublicKeyToken=null],[AutoService.DTOs.Auth.ClientDto, AutoService, Version=1.0.0.0, Culture=neutral, PublicKeyToken=null]]'.
2026-06-01 11:26:07.530 +03:00 [INF] Executed action AutoService.Controllers.ClientController.GetClients (AutoService) in 35.4262ms
2026-06-01 11:26:07.530 +03:00 [INF] Executed endpoint 'AutoService.Controllers.ClientController.GetClients (AutoService)'
2026-06-01 11:26:07.530 +03:00 [INF] Request finished HTTP/1.1 GET http://localhost:5130/api/client/getClients - 200 null application/json; charset=utf-8 51.0327ms
2026-06-01 11:26:07.531 +03:00 [INF] Request starting HTTP/1.1 GET http://localhost:5130/api/client/getClients - application/json null
2026-06-01 11:26:07.531 +03:00 [INF] CORS policy execution successful.
2026-06-01 11:26:07.532 +03:00 [INF] Executing endpoint 'AutoService.Controllers.ClientController.GetClients (AutoService)'
2026-06-01 11:26:07.532 +03:00 [INF] Route matched with {action = "GetClients", controller = "Client"}. Executing controller action with signature System.Threading.Tasks.Task`1[Microsoft.AspNetCore.Mvc.IActionResult] GetClients() on controller AutoService.Controllers.ClientController (AutoService).
2026-06-01 11:26:07.538 +03:00 [INF] Executed DbCommand (1ms) [Parameters=[], CommandType='"Text"', CommandTimeout='30']
SELECT `c`.`Id`, `c`.`Address`, `c`.`PhoneNumber`, `c`.`UserId`, `u`.`Id`, `u`.`Email`, `u`.`FullName`, `u`.`PasswordHash`, `u`.`Role`, `v`.`Id`, `v`.`Model`, `v`.`OwnerId`, `v`.`RegistrationNumber`, `v`.`VinNumber`, `v`.`Year`
FROM `Clients` AS `c`
LEFT JOIN `Users` AS `u` ON `c`.`UserId` = `u`.`Id`
LEFT JOIN `Vehicles` AS `v` ON `c`.`Id` = `v`.`OwnerId`
ORDER BY `c`.`Id`, `u`.`Id`
2026-06-01 11:26:07.539 +03:00 [INF] Executing OkObjectResult, writing value of type 'System.Linq.Enumerable+ListSelectIterator`2[[AutoService.Models.Users.Client, AutoService, Version=1.0.0.0, Culture=neutral, PublicKeyToken=null],[AutoService.DTOs.Auth.ClientDto, AutoService, Version=1.0.0.0, Culture=neutral, PublicKeyToken=null]]'.
2026-06-01 11:26:07.539 +03:00 [INF] Executed action AutoService.Controllers.ClientController.GetClients (AutoService) in 7.0004ms
2026-06-01 11:26:07.539 +03:00 [INF] Executed endpoint 'AutoService.Controllers.ClientController.GetClients (AutoService)'
2026-06-01 11:26:07.539 +03:00 [INF] Request finished HTTP/1.1 GET http://localhost:5130/api/client/getClients - 200 null application/json; charset=utf-8 8.2441ms
