2026-06-02 08:36:09.749 +03:00 [INF] User profile is available. Using '/home/user/.aspnet/DataProtection-Keys' as key repository; keys will not be encrypted at rest.
2026-06-02 08:36:09.899 +03:00 [INF] Now listening on: http://localhost:5130
2026-06-02 08:36:09.901 +03:00 [INF] Application started. Press Ctrl+C to shut down.
2026-06-02 08:36:09.902 +03:00 [INF] Hosting environment: Development
2026-06-02 08:36:09.902 +03:00 [INF] Content root path: /home/user/AutoService/AutoService
2026-06-02 08:36:32.763 +03:00 [INF] Request starting HTTP/1.1 OPTIONS http://localhost:5130/api/auth/login - null null
2026-06-02 08:36:32.840 +03:00 [INF] CORS policy execution successful.
2026-06-02 08:36:32.853 +03:00 [INF] Request finished HTTP/1.1 OPTIONS http://localhost:5130/api/auth/login - 204 null null 96.3799ms
2026-06-02 08:36:32.859 +03:00 [INF] Request starting HTTP/1.1 POST http://localhost:5130/api/auth/login - application/json 55
2026-06-02 08:36:32.866 +03:00 [INF] CORS policy execution successful.
2026-06-02 08:36:32.931 +03:00 [INF] Executing endpoint 'AutoService.Controllers.AuthController.Login (AutoService)'
2026-06-02 08:36:32.989 +03:00 [INF] Route matched with {action = "Login", controller = "Auth"}. Executing controller action with signature System.Threading.Tasks.Task`1[Microsoft.AspNetCore.Mvc.IActionResult] Login(AutoService.DTOs.Auth.LoginDto) on controller AutoService.Controllers.AuthController (AutoService).
2026-06-02 08:36:33.263 +03:00 [INF] Executed action AutoService.Controllers.AuthController.Login (AutoService) in 264.1031ms
2026-06-02 08:36:33.264 +03:00 [INF] Executed endpoint 'AutoService.Controllers.AuthController.Login (AutoService)'
2026-06-02 08:36:33.266 +03:00 [ERR] An unhandled exception has occurred while executing the request.
MySqlConnector.MySqlException (0x80004005): Unable to connect to any of the specified MySQL hosts.
   at MySqlConnector.Core.ServerSession.OpenTcpSocketAsync(ConnectionSettings cs, ILoadBalancer loadBalancer, Activity activity, IOBehavior ioBehavior, CancellationToken cancellationToken) in /_/src/MySqlConnector/Core/ServerSession.cs:line 1283
   at MySqlConnector.Core.ServerSession.ConnectAsync(ConnectionSettings cs, MySqlConnection connection, Int64 startingTimestamp, ILoadBalancer loadBalancer, Activity activity, IOBehavior ioBehavior, CancellationToken cancellationToken) in /_/src/MySqlConnector/Core/ServerSession.cs:line 427
   at MySqlConnector.Core.ServerSession.ConnectAndRedirectAsync(ILogger connectionLogger, ILogger poolLogger, IConnectionPoolMetadata pool, ConnectionSettings cs, ILoadBalancer loadBalancer, MySqlConnection connection, Action`4 logMessage, Int64 startingTimestamp, Activity activity, IOBehavior ioBehavior, CancellationToken cancellationToken) in /_/src/MySqlConnector/Core/ServerSession.cs:line 697
   at MySqlConnector.Core.ServerSession.ConnectAndRedirectAsync(ILogger connectionLogger, ILogger poolLogger, IConnectionPoolMetadata pool, ConnectionSettings cs, ILoadBalancer loadBalancer, MySqlConnection connection, Action`4 logMessage, Int64 startingTimestamp, Activity activity, IOBehavior ioBehavior, CancellationToken cancellationToken) in /_/src/MySqlConnector/Core/ServerSession.cs:line 702
   at MySqlConnector.MySqlConnection.CreateSessionAsync(ConnectionPool pool, Int64 startingTimestamp, Activity activity, Nullable`1 ioBehavior, CancellationToken cancellationToken) in /_/src/MySqlConnector/MySqlConnection.cs:line 1099
   at MySqlConnector.MySqlConnection.OpenAsync(Nullable`1 ioBehavior, CancellationToken cancellationToken) in /_/src/MySqlConnector/MySqlConnection.cs:line 567
   at MySqlConnector.MySqlConnection.Open() in /_/src/MySqlConnector/MySqlConnection.cs:line 522
   at Microsoft.EntityFrameworkCore.ServerVersion.AutoDetect(String connectionString)
   at Program.<>c__DisplayClass0_0.<<Main>$>b__0(DbContextOptionsBuilder options) in /home/user/AutoService/AutoService/Program.cs:line 23
   at Microsoft.Extensions.DependencyInjection.EntityFrameworkServiceCollectionExtensions.<>c__DisplayClass1_0`2.<AddDbContext>b__0(IServiceProvider _, DbContextOptionsBuilder b)
   at Microsoft.EntityFrameworkCore.Infrastructure.Internal.DbContextOptionsConfiguration`1.Configure(IServiceProvider serviceProvider, DbContextOptionsBuilder optionsBuilder)
   at Microsoft.Extensions.DependencyInjection.EntityFrameworkServiceCollectionExtensions.CreateDbContextOptions[TContext](IServiceProvider applicationServiceProvider)
   at Microsoft.Extensions.DependencyInjection.ServiceLookup.CallSiteRuntimeResolver.VisitCache(ServiceCallSite callSite, RuntimeResolverContext context, ServiceProviderEngineScope serviceProviderEngine, RuntimeResolverLock lockType)
   at Microsoft.Extensions.DependencyInjection.ServiceLookup.CallSiteRuntimeResolver.VisitConstructor(ConstructorCallSite constructorCallSite, RuntimeResolverContext context)
   at Microsoft.Extensions.DependencyInjection.ServiceLookup.CallSiteRuntimeResolver.VisitCache(ServiceCallSite callSite, RuntimeResolverContext context, ServiceProviderEngineScope serviceProviderEngine, RuntimeResolverLock lockType)
   at Microsoft.Extensions.DependencyInjection.ServiceLookup.DynamicServiceProviderEngine.<>c__DisplayClass2_0.<RealizeService>b__0(ServiceProviderEngineScope scope)
   at lambda_method9(Closure, IServiceProvider, Object[])
   at Microsoft.AspNetCore.Mvc.Controllers.ControllerFactoryProvider.<>c__DisplayClass6_0.<CreateControllerFactory>g__CreateController|0(ControllerContext controllerContext)
   at Microsoft.AspNetCore.Mvc.Infrastructure.ControllerActionInvoker.Next(State& next, Scope& scope, Object& state, Boolean& isCompleted)
   at Microsoft.AspNetCore.Mvc.Infrastructure.ControllerActionInvoker.InvokeInnerFilterAsync()
--- End of stack trace from previous location ---
   at Microsoft.AspNetCore.Mvc.Infrastructure.ResourceInvoker.<InvokeFilterPipelineAsync>g__Awaited|20_0(ResourceInvoker invoker, Task lastTask, State next, Scope scope, Object state, Boolean isCompleted)
   at Microsoft.AspNetCore.Mvc.Infrastructure.ResourceInvoker.<InvokeAsync>g__Logged|17_1(ResourceInvoker invoker)
   at Microsoft.AspNetCore.Mvc.Infrastructure.ResourceInvoker.<InvokeAsync>g__Logged|17_1(ResourceInvoker invoker)
   at Microsoft.AspNetCore.Routing.EndpointMiddleware.<Invoke>g__AwaitRequestTask|7_0(Endpoint endpoint, Task requestTask, ILogger logger)
   at Microsoft.AspNetCore.Authorization.AuthorizationMiddleware.Invoke(HttpContext context)
   at Microsoft.AspNetCore.Authentication.AuthenticationMiddleware.Invoke(HttpContext context)
   at Microsoft.AspNetCore.Diagnostics.DeveloperExceptionPageMiddlewareImpl.Invoke(HttpContext context)
2026-06-02 08:36:33.324 +03:00 [INF] Request finished HTTP/1.1 POST http://localhost:5130/api/auth/login - 500 null text/plain; charset=utf-8 465.6781ms
2026-06-02 08:36:45.909 +03:00 [INF] Request starting HTTP/1.1 OPTIONS http://localhost:5130/api/auth/login - null null
2026-06-02 08:36:45.911 +03:00 [INF] CORS policy execution successful.
2026-06-02 08:36:45.912 +03:00 [INF] Request finished HTTP/1.1 OPTIONS http://localhost:5130/api/auth/login - 204 null null 3.2554ms
2026-06-02 08:36:45.913 +03:00 [INF] Request starting HTTP/1.1 POST http://localhost:5130/api/auth/login - application/json 55
2026-06-02 08:36:45.914 +03:00 [INF] CORS policy execution successful.
2026-06-02 08:36:45.917 +03:00 [INF] Executing endpoint 'AutoService.Controllers.AuthController.Login (AutoService)'
2026-06-02 08:36:45.918 +03:00 [INF] Route matched with {action = "Login", controller = "Auth"}. Executing controller action with signature System.Threading.Tasks.Task`1[Microsoft.AspNetCore.Mvc.IActionResult] Login(AutoService.DTOs.Auth.LoginDto) on controller AutoService.Controllers.AuthController (AutoService).
2026-06-02 08:36:49.316 +03:00 [INF] Executed DbCommand (101ms) [Parameters=[@__dto_Email_0='?' (Size = 4000)], CommandType='"Text"', CommandTimeout='30']
SELECT `u`.`Id`, `u`.`Email`, `u`.`FullName`, `u`.`PasswordHash`, `u`.`Role`
FROM `Users` AS `u`
WHERE `u`.`Email` = @__dto_Email_0
LIMIT 1
2026-06-02 08:36:50.680 +03:00 [INF] [02-06-2026 08:36:50] Пользователь [Id: 2] успешно вошел в систему.
2026-06-02 08:36:50.732 +03:00 [INF] Executing OkObjectResult, writing value of type '<>f__AnonymousType0`5[[System.String, System.Private.CoreLib, Version=10.0.0.0, Culture=neutral, PublicKeyToken=7cec85d7bea7798e],[System.Int32, System.Private.CoreLib, Version=10.0.0.0, Culture=neutral, PublicKeyToken=7cec85d7bea7798e],[System.String, System.Private.CoreLib, Version=10.0.0.0, Culture=neutral, PublicKeyToken=7cec85d7bea7798e],[System.String, System.Private.CoreLib, Version=10.0.0.0, Culture=neutral, PublicKeyToken=7cec85d7bea7798e],[System.String, System.Private.CoreLib, Version=10.0.0.0, Culture=neutral, PublicKeyToken=7cec85d7bea7798e]]'.
2026-06-02 08:36:50.764 +03:00 [INF] Executed action AutoService.Controllers.AuthController.Login (AutoService) in 4845.6012ms
2026-06-02 08:36:50.765 +03:00 [INF] Executed endpoint 'AutoService.Controllers.AuthController.Login (AutoService)'
2026-06-02 08:36:50.783 +03:00 [INF] Request finished HTTP/1.1 POST http://localhost:5130/api/auth/login - 200 null application/json; charset=utf-8 4869.9911ms
2026-06-02 08:36:50.835 +03:00 [INF] Request starting HTTP/1.1 OPTIONS http://localhost:5130/api/order/getOrders - null null
2026-06-02 08:36:50.836 +03:00 [INF] CORS policy execution successful.
2026-06-02 08:36:50.837 +03:00 [INF] Request finished HTTP/1.1 OPTIONS http://localhost:5130/api/order/getOrders - 204 null null 1.3514ms
2026-06-02 08:36:50.838 +03:00 [INF] Request starting HTTP/1.1 GET http://localhost:5130/api/order/getOrders - application/json null
2026-06-02 08:36:50.839 +03:00 [INF] CORS policy execution successful.
2026-06-02 08:36:50.933 +03:00 [INF] Executing endpoint 'AutoService.Controllers.OrderController.GetOrdersAsync (AutoService)'
2026-06-02 08:36:50.946 +03:00 [INF] Route matched with {action = "GetOrders", controller = "Order"}. Executing controller action with signature System.Threading.Tasks.Task`1[Microsoft.AspNetCore.Mvc.IActionResult] GetOrdersAsync() on controller AutoService.Controllers.OrderController (AutoService).
2026-06-02 08:36:51.198 +03:00 [WRN] Compiling a query which loads related collections for more than one collection navigation, either via 'Include' or through projection, but no 'QuerySplittingBehavior' has been configured. By default, Entity Framework will use 'QuerySplittingBehavior.SingleQuery', which can potentially result in slow query performance. See https://go.microsoft.com/fwlink/?linkid=2134277 for more information. To identify the query that's triggering this warning call 'ConfigureWarnings(w => w.Throw(RelationalEventId.MultipleCollectionIncludeWarning))'.
2026-06-02 08:36:51.288 +03:00 [INF] Executed DbCommand (28ms) [Parameters=[], CommandType='"Text"', CommandTimeout='30']
SELECT `o`.`Id`, `o`.`ClientId`, `o`.`Comment`, `o`.`CreatedAt`, `o`.`Status`, `o`.`TotalAmount`, `o`.`VehicleId`, `c`.`Id`, `c`.`Address`, `c`.`PhoneNumber`, `c`.`UserId`, `u`.`Id`, `u`.`Email`, `u`.`FullName`, `u`.`PasswordHash`, `u`.`Role`, `v`.`Id`, `v0`.`Id`, `v0`.`Model`, `v0`.`OwnerId`, `v0`.`RegistrationNumber`, `v0`.`VinNumber`, `v0`.`Year`, `v`.`Model`, `v`.`OwnerId`, `v`.`RegistrationNumber`, `v`.`VinNumber`, `v`.`Year`, `s0`.`Id`, `s0`.`EmployeeId`, `s0`.`OrderId`, `s0`.`PriceAtSale`, `s0`.`Quantity`, `s0`.`ServiceId`, `s0`.`Id0`, `s0`.`CategoryId`, `s0`.`Description`, `s0`.`Name`, `s0`.`Price`, `s1`.`Id`, `s1`.`DetailId`, `s1`.`OrderId`, `s1`.`PriceAtSale`, `s1`.`Quantity`, `s1`.`Id0`, `s1`.`CategoryId`, `s1`.`Description`, `s1`.`Name`, `s1`.`Price`
FROM `Orders` AS `o`
LEFT JOIN `Clients` AS `c` ON `o`.`ClientId` = `c`.`Id`
LEFT JOIN `Users` AS `u` ON `c`.`UserId` = `u`.`Id`
LEFT JOIN `Vehicles` AS `v` ON `o`.`VehicleId` = `v`.`Id`
LEFT JOIN `Vehicles` AS `v0` ON `c`.`Id` = `v0`.`OwnerId`
LEFT JOIN (
    SELECT `o0`.`Id`, `o0`.`EmployeeId`, `o0`.`OrderId`, `o0`.`PriceAtSale`, `o0`.`Quantity`, `o0`.`ServiceId`, `s`.`Id` AS `Id0`, `s`.`CategoryId`, `s`.`Description`, `s`.`Name`, `s`.`Price`
    FROM `OrderServices` AS `o0`
    INNER JOIN `Services` AS `s` ON `o0`.`ServiceId` = `s`.`Id`
) AS `s0` ON `o`.`Id` = `s0`.`OrderId`
LEFT JOIN (
    SELECT `o1`.`Id`, `o1`.`DetailId`, `o1`.`OrderId`, `o1`.`PriceAtSale`, `o1`.`Quantity`, `d`.`Id` AS `Id0`, `d`.`CategoryId`, `d`.`Description`, `d`.`Name`, `d`.`Price`
    FROM `OrderDetails` AS `o1`
    INNER JOIN `Details` AS `d` ON `o1`.`DetailId` = `d`.`Id`
) AS `s1` ON `o`.`Id` = `s1`.`OrderId`
ORDER BY `o`.`Id`, `c`.`Id`, `u`.`Id`, `v`.`Id`, `v0`.`Id`, `s0`.`Id`, `s0`.`Id0`, `s1`.`Id`
2026-06-02 08:36:51.525 +03:00 [INF] Executing OkObjectResult, writing value of type 'System.Linq.Enumerable+ListSelectIterator`2[[AutoService.Models.Order.Order, AutoService, Version=1.0.0.0, Culture=neutral, PublicKeyToken=null],[AutoService.DTOs.Order.OrderDto, AutoService, Version=1.0.0.0, Culture=neutral, PublicKeyToken=null]]'.
2026-06-02 08:36:51.578 +03:00 [INF] Executed action AutoService.Controllers.OrderController.GetOrdersAsync (AutoService) in 631.1744ms
2026-06-02 08:36:51.579 +03:00 [INF] Executed endpoint 'AutoService.Controllers.OrderController.GetOrdersAsync (AutoService)'
2026-06-02 08:36:51.581 +03:00 [INF] Request finished HTTP/1.1 GET http://localhost:5130/api/order/getOrders - 200 null application/json; charset=utf-8 742.9495ms
2026-06-02 08:36:51.581 +03:00 [INF] Request starting HTTP/1.1 GET http://localhost:5130/api/order/getOrders - application/json null
2026-06-02 08:36:51.582 +03:00 [INF] CORS policy execution successful.
2026-06-02 08:36:51.585 +03:00 [INF] Executing endpoint 'AutoService.Controllers.OrderController.GetOrdersAsync (AutoService)'
2026-06-02 08:36:51.585 +03:00 [INF] Route matched with {action = "GetOrders", controller = "Order"}. Executing controller action with signature System.Threading.Tasks.Task`1[Microsoft.AspNetCore.Mvc.IActionResult] GetOrdersAsync() on controller AutoService.Controllers.OrderController (AutoService).
2026-06-02 08:36:51.703 +03:00 [INF] Executed DbCommand (3ms) [Parameters=[], CommandType='"Text"', CommandTimeout='30']
SELECT `o`.`Id`, `o`.`ClientId`, `o`.`Comment`, `o`.`CreatedAt`, `o`.`Status`, `o`.`TotalAmount`, `o`.`VehicleId`, `c`.`Id`, `c`.`Address`, `c`.`PhoneNumber`, `c`.`UserId`, `u`.`Id`, `u`.`Email`, `u`.`FullName`, `u`.`PasswordHash`, `u`.`Role`, `v`.`Id`, `v0`.`Id`, `v0`.`Model`, `v0`.`OwnerId`, `v0`.`RegistrationNumber`, `v0`.`VinNumber`, `v0`.`Year`, `v`.`Model`, `v`.`OwnerId`, `v`.`RegistrationNumber`, `v`.`VinNumber`, `v`.`Year`, `s0`.`Id`, `s0`.`EmployeeId`, `s0`.`OrderId`, `s0`.`PriceAtSale`, `s0`.`Quantity`, `s0`.`ServiceId`, `s0`.`Id0`, `s0`.`CategoryId`, `s0`.`Description`, `s0`.`Name`, `s0`.`Price`, `s1`.`Id`, `s1`.`DetailId`, `s1`.`OrderId`, `s1`.`PriceAtSale`, `s1`.`Quantity`, `s1`.`Id0`, `s1`.`CategoryId`, `s1`.`Description`, `s1`.`Name`, `s1`.`Price`
FROM `Orders` AS `o`
LEFT JOIN `Clients` AS `c` ON `o`.`ClientId` = `c`.`Id`
LEFT JOIN `Users` AS `u` ON `c`.`UserId` = `u`.`Id`
LEFT JOIN `Vehicles` AS `v` ON `o`.`VehicleId` = `v`.`Id`
LEFT JOIN `Vehicles` AS `v0` ON `c`.`Id` = `v0`.`OwnerId`
LEFT JOIN (
    SELECT `o0`.`Id`, `o0`.`EmployeeId`, `o0`.`OrderId`, `o0`.`PriceAtSale`, `o0`.`Quantity`, `o0`.`ServiceId`, `s`.`Id` AS `Id0`, `s`.`CategoryId`, `s`.`Description`, `s`.`Name`, `s`.`Price`
    FROM `OrderServices` AS `o0`
    INNER JOIN `Services` AS `s` ON `o0`.`ServiceId` = `s`.`Id`
) AS `s0` ON `o`.`Id` = `s0`.`OrderId`
LEFT JOIN (
    SELECT `o1`.`Id`, `o1`.`DetailId`, `o1`.`OrderId`, `o1`.`PriceAtSale`, `o1`.`Quantity`, `d`.`Id` AS `Id0`, `d`.`CategoryId`, `d`.`Description`, `d`.`Name`, `d`.`Price`
    FROM `OrderDetails` AS `o1`
    INNER JOIN `Details` AS `d` ON `o1`.`DetailId` = `d`.`Id`
) AS `s1` ON `o`.`Id` = `s1`.`OrderId`
ORDER BY `o`.`Id`, `c`.`Id`, `u`.`Id`, `v`.`Id`, `v0`.`Id`, `s0`.`Id`, `s0`.`Id0`, `s1`.`Id`
2026-06-02 08:36:51.719 +03:00 [INF] Executing OkObjectResult, writing value of type 'System.Linq.Enumerable+ListSelectIterator`2[[AutoService.Models.Order.Order, AutoService, Version=1.0.0.0, Culture=neutral, PublicKeyToken=null],[AutoService.DTOs.Order.OrderDto, AutoService, Version=1.0.0.0, Culture=neutral, PublicKeyToken=null]]'.
2026-06-02 08:36:51.720 +03:00 [INF] Executed action AutoService.Controllers.OrderController.GetOrdersAsync (AutoService) in 134.183ms
2026-06-02 08:36:51.720 +03:00 [INF] Executed endpoint 'AutoService.Controllers.OrderController.GetOrdersAsync (AutoService)'
2026-06-02 08:36:51.720 +03:00 [INF] Request finished HTTP/1.1 GET http://localhost:5130/api/order/getOrders - 200 null application/json; charset=utf-8 139.1823ms
2026-06-02 08:36:54.145 +03:00 [INF] Request starting HTTP/1.1 GET http://localhost:5130/api/order/getOrders - application/json null
2026-06-02 08:36:54.146 +03:00 [INF] CORS policy execution successful.
2026-06-02 08:36:54.151 +03:00 [INF] Executing endpoint 'AutoService.Controllers.OrderController.GetOrdersAsync (AutoService)'
2026-06-02 08:36:54.152 +03:00 [INF] Route matched with {action = "GetOrders", controller = "Order"}. Executing controller action with signature System.Threading.Tasks.Task`1[Microsoft.AspNetCore.Mvc.IActionResult] GetOrdersAsync() on controller AutoService.Controllers.OrderController (AutoService).
2026-06-02 08:36:54.174 +03:00 [INF] Executed DbCommand (3ms) [Parameters=[], CommandType='"Text"', CommandTimeout='30']
SELECT `o`.`Id`, `o`.`ClientId`, `o`.`Comment`, `o`.`CreatedAt`, `o`.`Status`, `o`.`TotalAmount`, `o`.`VehicleId`, `c`.`Id`, `c`.`Address`, `c`.`PhoneNumber`, `c`.`UserId`, `u`.`Id`, `u`.`Email`, `u`.`FullName`, `u`.`PasswordHash`, `u`.`Role`, `v`.`Id`, `v0`.`Id`, `v0`.`Model`, `v0`.`OwnerId`, `v0`.`RegistrationNumber`, `v0`.`VinNumber`, `v0`.`Year`, `v`.`Model`, `v`.`OwnerId`, `v`.`RegistrationNumber`, `v`.`VinNumber`, `v`.`Year`, `s0`.`Id`, `s0`.`EmployeeId`, `s0`.`OrderId`, `s0`.`PriceAtSale`, `s0`.`Quantity`, `s0`.`ServiceId`, `s0`.`Id0`, `s0`.`CategoryId`, `s0`.`Description`, `s0`.`Name`, `s0`.`Price`, `s1`.`Id`, `s1`.`DetailId`, `s1`.`OrderId`, `s1`.`PriceAtSale`, `s1`.`Quantity`, `s1`.`Id0`, `s1`.`CategoryId`, `s1`.`Description`, `s1`.`Name`, `s1`.`Price`
FROM `Orders` AS `o`
LEFT JOIN `Clients` AS `c` ON `o`.`ClientId` = `c`.`Id`
LEFT JOIN `Users` AS `u` ON `c`.`UserId` = `u`.`Id`
LEFT JOIN `Vehicles` AS `v` ON `o`.`VehicleId` = `v`.`Id`
LEFT JOIN `Vehicles` AS `v0` ON `c`.`Id` = `v0`.`OwnerId`
LEFT JOIN (
    SELECT `o0`.`Id`, `o0`.`EmployeeId`, `o0`.`OrderId`, `o0`.`PriceAtSale`, `o0`.`Quantity`, `o0`.`ServiceId`, `s`.`Id` AS `Id0`, `s`.`CategoryId`, `s`.`Description`, `s`.`Name`, `s`.`Price`
    FROM `OrderServices` AS `o0`
    INNER JOIN `Services` AS `s` ON `o0`.`ServiceId` = `s`.`Id`
) AS `s0` ON `o`.`Id` = `s0`.`OrderId`
LEFT JOIN (
    SELECT `o1`.`Id`, `o1`.`DetailId`, `o1`.`OrderId`, `o1`.`PriceAtSale`, `o1`.`Quantity`, `d`.`Id` AS `Id0`, `d`.`CategoryId`, `d`.`Description`, `d`.`Name`, `d`.`Price`
    FROM `OrderDetails` AS `o1`
    INNER JOIN `Details` AS `d` ON `o1`.`DetailId` = `d`.`Id`
) AS `s1` ON `o`.`Id` = `s1`.`OrderId`
ORDER BY `o`.`Id`, `c`.`Id`, `u`.`Id`, `v`.`Id`, `v0`.`Id`, `s0`.`Id`, `s0`.`Id0`, `s1`.`Id`
2026-06-02 08:36:54.209 +03:00 [INF] Executing OkObjectResult, writing value of type 'System.Linq.Enumerable+ListSelectIterator`2[[AutoService.Models.Order.Order, AutoService, Version=1.0.0.0, Culture=neutral, PublicKeyToken=null],[AutoService.DTOs.Order.OrderDto, AutoService, Version=1.0.0.0, Culture=neutral, PublicKeyToken=null]]'.
2026-06-02 08:36:54.212 +03:00 [INF] Executed action AutoService.Controllers.OrderController.GetOrdersAsync (AutoService) in 59.3581ms
2026-06-02 08:36:54.212 +03:00 [INF] Executed endpoint 'AutoService.Controllers.OrderController.GetOrdersAsync (AutoService)'
2026-06-02 08:36:54.213 +03:00 [INF] Request finished HTTP/1.1 GET http://localhost:5130/api/order/getOrders - 200 null application/json; charset=utf-8 67.3567ms
2026-06-02 08:36:54.214 +03:00 [INF] Request starting HTTP/1.1 GET http://localhost:5130/api/order/getOrders - application/json null
2026-06-02 08:36:54.214 +03:00 [INF] CORS policy execution successful.
2026-06-02 08:36:54.215 +03:00 [INF] Executing endpoint 'AutoService.Controllers.OrderController.GetOrdersAsync (AutoService)'
2026-06-02 08:36:54.216 +03:00 [INF] Route matched with {action = "GetOrders", controller = "Order"}. Executing controller action with signature System.Threading.Tasks.Task`1[Microsoft.AspNetCore.Mvc.IActionResult] GetOrdersAsync() on controller AutoService.Controllers.OrderController (AutoService).
2026-06-02 08:36:54.232 +03:00 [INF] Executed DbCommand (4ms) [Parameters=[], CommandType='"Text"', CommandTimeout='30']
SELECT `o`.`Id`, `o`.`ClientId`, `o`.`Comment`, `o`.`CreatedAt`, `o`.`Status`, `o`.`TotalAmount`, `o`.`VehicleId`, `c`.`Id`, `c`.`Address`, `c`.`PhoneNumber`, `c`.`UserId`, `u`.`Id`, `u`.`Email`, `u`.`FullName`, `u`.`PasswordHash`, `u`.`Role`, `v`.`Id`, `v0`.`Id`, `v0`.`Model`, `v0`.`OwnerId`, `v0`.`RegistrationNumber`, `v0`.`VinNumber`, `v0`.`Year`, `v`.`Model`, `v`.`OwnerId`, `v`.`RegistrationNumber`, `v`.`VinNumber`, `v`.`Year`, `s0`.`Id`, `s0`.`EmployeeId`, `s0`.`OrderId`, `s0`.`PriceAtSale`, `s0`.`Quantity`, `s0`.`ServiceId`, `s0`.`Id0`, `s0`.`CategoryId`, `s0`.`Description`, `s0`.`Name`, `s0`.`Price`, `s1`.`Id`, `s1`.`DetailId`, `s1`.`OrderId`, `s1`.`PriceAtSale`, `s1`.`Quantity`, `s1`.`Id0`, `s1`.`CategoryId`, `s1`.`Description`, `s1`.`Name`, `s1`.`Price`
FROM `Orders` AS `o`
LEFT JOIN `Clients` AS `c` ON `o`.`ClientId` = `c`.`Id`
LEFT JOIN `Users` AS `u` ON `c`.`UserId` = `u`.`Id`
LEFT JOIN `Vehicles` AS `v` ON `o`.`VehicleId` = `v`.`Id`
LEFT JOIN `Vehicles` AS `v0` ON `c`.`Id` = `v0`.`OwnerId`
LEFT JOIN (
    SELECT `o0`.`Id`, `o0`.`EmployeeId`, `o0`.`OrderId`, `o0`.`PriceAtSale`, `o0`.`Quantity`, `o0`.`ServiceId`, `s`.`Id` AS `Id0`, `s`.`CategoryId`, `s`.`Description`, `s`.`Name`, `s`.`Price`
    FROM `OrderServices` AS `o0`
    INNER JOIN `Services` AS `s` ON `o0`.`ServiceId` = `s`.`Id`
) AS `s0` ON `o`.`Id` = `s0`.`OrderId`
LEFT JOIN (
    SELECT `o1`.`Id`, `o1`.`DetailId`, `o1`.`OrderId`, `o1`.`PriceAtSale`, `o1`.`Quantity`, `d`.`Id` AS `Id0`, `d`.`CategoryId`, `d`.`Description`, `d`.`Name`, `d`.`Price`
    FROM `OrderDetails` AS `o1`
    INNER JOIN `Details` AS `d` ON `o1`.`DetailId` = `d`.`Id`
) AS `s1` ON `o`.`Id` = `s1`.`OrderId`
ORDER BY `o`.`Id`, `c`.`Id`, `u`.`Id`, `v`.`Id`, `v0`.`Id`, `s0`.`Id`, `s0`.`Id0`, `s1`.`Id`
2026-06-02 08:36:54.273 +03:00 [INF] Executing OkObjectResult, writing value of type 'System.Linq.Enumerable+ListSelectIterator`2[[AutoService.Models.Order.Order, AutoService, Version=1.0.0.0, Culture=neutral, PublicKeyToken=null],[AutoService.DTOs.Order.OrderDto, AutoService, Version=1.0.0.0, Culture=neutral, PublicKeyToken=null]]'.
2026-06-02 08:36:54.276 +03:00 [INF] Executed action AutoService.Controllers.OrderController.GetOrdersAsync (AutoService) in 59.6288ms
2026-06-02 08:36:54.276 +03:00 [INF] Executed endpoint 'AutoService.Controllers.OrderController.GetOrdersAsync (AutoService)'
2026-06-02 08:36:54.277 +03:00 [INF] Request finished HTTP/1.1 GET http://localhost:5130/api/order/getOrders - 200 null application/json; charset=utf-8 62.9893ms
2026-06-02 08:36:55.145 +03:00 [INF] Request starting HTTP/1.1 OPTIONS http://localhost:5130/api/client/getClients - null null
2026-06-02 08:36:55.146 +03:00 [INF] CORS policy execution successful.
2026-06-02 08:36:55.146 +03:00 [INF] Request finished HTTP/1.1 OPTIONS http://localhost:5130/api/client/getClients - 204 null null 1.3367ms
2026-06-02 08:36:55.147 +03:00 [INF] Request starting HTTP/1.1 GET http://localhost:5130/api/client/getClients - application/json null
2026-06-02 08:36:55.148 +03:00 [INF] CORS policy execution successful.
2026-06-02 08:36:55.150 +03:00 [INF] Executing endpoint 'AutoService.Controllers.ClientController.GetClients (AutoService)'
2026-06-02 08:36:55.165 +03:00 [INF] Route matched with {action = "GetClients", controller = "Client"}. Executing controller action with signature System.Threading.Tasks.Task`1[Microsoft.AspNetCore.Mvc.IActionResult] GetClients() on controller AutoService.Controllers.ClientController (AutoService).
2026-06-02 08:36:55.228 +03:00 [INF] Executed DbCommand (2ms) [Parameters=[], CommandType='"Text"', CommandTimeout='30']
SELECT `c`.`Id`, `c`.`Address`, `c`.`PhoneNumber`, `c`.`UserId`, `u`.`Id`, `u`.`Email`, `u`.`FullName`, `u`.`PasswordHash`, `u`.`Role`, `v`.`Id`, `v`.`Model`, `v`.`OwnerId`, `v`.`RegistrationNumber`, `v`.`VinNumber`, `v`.`Year`
FROM `Clients` AS `c`
LEFT JOIN `Users` AS `u` ON `c`.`UserId` = `u`.`Id`
LEFT JOIN `Vehicles` AS `v` ON `c`.`Id` = `v`.`OwnerId`
ORDER BY `c`.`Id`, `u`.`Id`
2026-06-02 08:36:55.241 +03:00 [INF] Executing OkObjectResult, writing value of type 'System.Linq.Enumerable+ListSelectIterator`2[[AutoService.Models.Users.Client, AutoService, Version=1.0.0.0, Culture=neutral, PublicKeyToken=null],[AutoService.DTOs.Auth.ClientDto, AutoService, Version=1.0.0.0, Culture=neutral, PublicKeyToken=null]]'.
2026-06-02 08:36:55.244 +03:00 [INF] Executed action AutoService.Controllers.ClientController.GetClients (AutoService) in 77.8867ms
2026-06-02 08:36:55.245 +03:00 [INF] Executed endpoint 'AutoService.Controllers.ClientController.GetClients (AutoService)'
2026-06-02 08:36:55.245 +03:00 [INF] Request finished HTTP/1.1 GET http://localhost:5130/api/client/getClients - 200 null application/json; charset=utf-8 97.9573ms
2026-06-02 08:36:55.249 +03:00 [INF] Request starting HTTP/1.1 GET http://localhost:5130/api/client/getClients - application/json null
2026-06-02 08:36:55.250 +03:00 [INF] CORS policy execution successful.
2026-06-02 08:36:55.252 +03:00 [INF] Executing endpoint 'AutoService.Controllers.ClientController.GetClients (AutoService)'
2026-06-02 08:36:55.253 +03:00 [INF] Route matched with {action = "GetClients", controller = "Client"}. Executing controller action with signature System.Threading.Tasks.Task`1[Microsoft.AspNetCore.Mvc.IActionResult] GetClients() on controller AutoService.Controllers.ClientController (AutoService).
2026-06-02 08:36:55.268 +03:00 [INF] Executed DbCommand (2ms) [Parameters=[], CommandType='"Text"', CommandTimeout='30']
SELECT `c`.`Id`, `c`.`Address`, `c`.`PhoneNumber`, `c`.`UserId`, `u`.`Id`, `u`.`Email`, `u`.`FullName`, `u`.`PasswordHash`, `u`.`Role`, `v`.`Id`, `v`.`Model`, `v`.`OwnerId`, `v`.`RegistrationNumber`, `v`.`VinNumber`, `v`.`Year`
FROM `Clients` AS `c`
LEFT JOIN `Users` AS `u` ON `c`.`UserId` = `u`.`Id`
LEFT JOIN `Vehicles` AS `v` ON `c`.`Id` = `v`.`OwnerId`
ORDER BY `c`.`Id`, `u`.`Id`
2026-06-02 08:36:55.271 +03:00 [INF] Executing OkObjectResult, writing value of type 'System.Linq.Enumerable+ListSelectIterator`2[[AutoService.Models.Users.Client, AutoService, Version=1.0.0.0, Culture=neutral, PublicKeyToken=null],[AutoService.DTOs.Auth.ClientDto, AutoService, Version=1.0.0.0, Culture=neutral, PublicKeyToken=null]]'.
2026-06-02 08:36:55.273 +03:00 [INF] Executed action AutoService.Controllers.ClientController.GetClients (AutoService) in 20.3356ms
2026-06-02 08:36:55.274 +03:00 [INF] Executed endpoint 'AutoService.Controllers.ClientController.GetClients (AutoService)'
2026-06-02 08:36:55.275 +03:00 [INF] Request finished HTTP/1.1 GET http://localhost:5130/api/client/getClients - 200 null application/json; charset=utf-8 25.9756ms
2026-06-02 08:36:55.747 +03:00 [INF] Request starting HTTP/1.1 GET http://localhost:5130/api/order/getOrders - application/json null
2026-06-02 08:36:55.749 +03:00 [INF] CORS policy execution successful.
2026-06-02 08:36:55.750 +03:00 [INF] Executing endpoint 'AutoService.Controllers.OrderController.GetOrdersAsync (AutoService)'
2026-06-02 08:36:55.751 +03:00 [INF] Route matched with {action = "GetOrders", controller = "Order"}. Executing controller action with signature System.Threading.Tasks.Task`1[Microsoft.AspNetCore.Mvc.IActionResult] GetOrdersAsync() on controller AutoService.Controllers.OrderController (AutoService).
2026-06-02 08:36:55.773 +03:00 [INF] Executed DbCommand (6ms) [Parameters=[], CommandType='"Text"', CommandTimeout='30']
SELECT `o`.`Id`, `o`.`ClientId`, `o`.`Comment`, `o`.`CreatedAt`, `o`.`Status`, `o`.`TotalAmount`, `o`.`VehicleId`, `c`.`Id`, `c`.`Address`, `c`.`PhoneNumber`, `c`.`UserId`, `u`.`Id`, `u`.`Email`, `u`.`FullName`, `u`.`PasswordHash`, `u`.`Role`, `v`.`Id`, `v0`.`Id`, `v0`.`Model`, `v0`.`OwnerId`, `v0`.`RegistrationNumber`, `v0`.`VinNumber`, `v0`.`Year`, `v`.`Model`, `v`.`OwnerId`, `v`.`RegistrationNumber`, `v`.`VinNumber`, `v`.`Year`, `s0`.`Id`, `s0`.`EmployeeId`, `s0`.`OrderId`, `s0`.`PriceAtSale`, `s0`.`Quantity`, `s0`.`ServiceId`, `s0`.`Id0`, `s0`.`CategoryId`, `s0`.`Description`, `s0`.`Name`, `s0`.`Price`, `s1`.`Id`, `s1`.`DetailId`, `s1`.`OrderId`, `s1`.`PriceAtSale`, `s1`.`Quantity`, `s1`.`Id0`, `s1`.`CategoryId`, `s1`.`Description`, `s1`.`Name`, `s1`.`Price`
FROM `Orders` AS `o`
LEFT JOIN `Clients` AS `c` ON `o`.`ClientId` = `c`.`Id`
LEFT JOIN `Users` AS `u` ON `c`.`UserId` = `u`.`Id`
LEFT JOIN `Vehicles` AS `v` ON `o`.`VehicleId` = `v`.`Id`
LEFT JOIN `Vehicles` AS `v0` ON `c`.`Id` = `v0`.`OwnerId`
LEFT JOIN (
    SELECT `o0`.`Id`, `o0`.`EmployeeId`, `o0`.`OrderId`, `o0`.`PriceAtSale`, `o0`.`Quantity`, `o0`.`ServiceId`, `s`.`Id` AS `Id0`, `s`.`CategoryId`, `s`.`Description`, `s`.`Name`, `s`.`Price`
    FROM `OrderServices` AS `o0`
    INNER JOIN `Services` AS `s` ON `o0`.`ServiceId` = `s`.`Id`
) AS `s0` ON `o`.`Id` = `s0`.`OrderId`
LEFT JOIN (
    SELECT `o1`.`Id`, `o1`.`DetailId`, `o1`.`OrderId`, `o1`.`PriceAtSale`, `o1`.`Quantity`, `d`.`Id` AS `Id0`, `d`.`CategoryId`, `d`.`Description`, `d`.`Name`, `d`.`Price`
    FROM `OrderDetails` AS `o1`
    INNER JOIN `Details` AS `d` ON `o1`.`DetailId` = `d`.`Id`
) AS `s1` ON `o`.`Id` = `s1`.`OrderId`
ORDER BY `o`.`Id`, `c`.`Id`, `u`.`Id`, `v`.`Id`, `v0`.`Id`, `s0`.`Id`, `s0`.`Id0`, `s1`.`Id`
2026-06-02 08:36:55.795 +03:00 [INF] Executing OkObjectResult, writing value of type 'System.Linq.Enumerable+ListSelectIterator`2[[AutoService.Models.Order.Order, AutoService, Version=1.0.0.0, Culture=neutral, PublicKeyToken=null],[AutoService.DTOs.Order.OrderDto, AutoService, Version=1.0.0.0, Culture=neutral, PublicKeyToken=null]]'.
2026-06-02 08:36:55.797 +03:00 [INF] Executed action AutoService.Controllers.OrderController.GetOrdersAsync (AutoService) in 45.8206ms
2026-06-02 08:36:55.797 +03:00 [INF] Executed endpoint 'AutoService.Controllers.OrderController.GetOrdersAsync (AutoService)'
2026-06-02 08:36:55.798 +03:00 [INF] Request finished HTTP/1.1 GET http://localhost:5130/api/order/getOrders - 200 null application/json; charset=utf-8 50.6813ms
2026-06-02 08:36:55.799 +03:00 [INF] Request starting HTTP/1.1 GET http://localhost:5130/api/order/getOrders - application/json null
2026-06-02 08:36:55.800 +03:00 [INF] CORS policy execution successful.
2026-06-02 08:36:55.800 +03:00 [INF] Executing endpoint 'AutoService.Controllers.OrderController.GetOrdersAsync (AutoService)'
2026-06-02 08:36:55.801 +03:00 [INF] Route matched with {action = "GetOrders", controller = "Order"}. Executing controller action with signature System.Threading.Tasks.Task`1[Microsoft.AspNetCore.Mvc.IActionResult] GetOrdersAsync() on controller AutoService.Controllers.OrderController (AutoService).
2026-06-02 08:36:55.818 +03:00 [INF] Executed DbCommand (6ms) [Parameters=[], CommandType='"Text"', CommandTimeout='30']
SELECT `o`.`Id`, `o`.`ClientId`, `o`.`Comment`, `o`.`CreatedAt`, `o`.`Status`, `o`.`TotalAmount`, `o`.`VehicleId`, `c`.`Id`, `c`.`Address`, `c`.`PhoneNumber`, `c`.`UserId`, `u`.`Id`, `u`.`Email`, `u`.`FullName`, `u`.`PasswordHash`, `u`.`Role`, `v`.`Id`, `v0`.`Id`, `v0`.`Model`, `v0`.`OwnerId`, `v0`.`RegistrationNumber`, `v0`.`VinNumber`, `v0`.`Year`, `v`.`Model`, `v`.`OwnerId`, `v`.`RegistrationNumber`, `v`.`VinNumber`, `v`.`Year`, `s0`.`Id`, `s0`.`EmployeeId`, `s0`.`OrderId`, `s0`.`PriceAtSale`, `s0`.`Quantity`, `s0`.`ServiceId`, `s0`.`Id0`, `s0`.`CategoryId`, `s0`.`Description`, `s0`.`Name`, `s0`.`Price`, `s1`.`Id`, `s1`.`DetailId`, `s1`.`OrderId`, `s1`.`PriceAtSale`, `s1`.`Quantity`, `s1`.`Id0`, `s1`.`CategoryId`, `s1`.`Description`, `s1`.`Name`, `s1`.`Price`
FROM `Orders` AS `o`
LEFT JOIN `Clients` AS `c` ON `o`.`ClientId` = `c`.`Id`
LEFT JOIN `Users` AS `u` ON `c`.`UserId` = `u`.`Id`
LEFT JOIN `Vehicles` AS `v` ON `o`.`VehicleId` = `v`.`Id`
LEFT JOIN `Vehicles` AS `v0` ON `c`.`Id` = `v0`.`OwnerId`
LEFT JOIN (
    SELECT `o0`.`Id`, `o0`.`EmployeeId`, `o0`.`OrderId`, `o0`.`PriceAtSale`, `o0`.`Quantity`, `o0`.`ServiceId`, `s`.`Id` AS `Id0`, `s`.`CategoryId`, `s`.`Description`, `s`.`Name`, `s`.`Price`
    FROM `OrderServices` AS `o0`
    INNER JOIN `Services` AS `s` ON `o0`.`ServiceId` = `s`.`Id`
) AS `s0` ON `o`.`Id` = `s0`.`OrderId`
LEFT JOIN (
    SELECT `o1`.`Id`, `o1`.`DetailId`, `o1`.`OrderId`, `o1`.`PriceAtSale`, `o1`.`Quantity`, `d`.`Id` AS `Id0`, `d`.`CategoryId`, `d`.`Description`, `d`.`Name`, `d`.`Price`
    FROM `OrderDetails` AS `o1`
    INNER JOIN `Details` AS `d` ON `o1`.`DetailId` = `d`.`Id`
) AS `s1` ON `o`.`Id` = `s1`.`OrderId`
ORDER BY `o`.`Id`, `c`.`Id`, `u`.`Id`, `v`.`Id`, `v0`.`Id`, `s0`.`Id`, `s0`.`Id0`, `s1`.`Id`
2026-06-02 08:36:55.843 +03:00 [INF] Executing OkObjectResult, writing value of type 'System.Linq.Enumerable+ListSelectIterator`2[[AutoService.Models.Order.Order, AutoService, Version=1.0.0.0, Culture=neutral, PublicKeyToken=null],[AutoService.DTOs.Order.OrderDto, AutoService, Version=1.0.0.0, Culture=neutral, PublicKeyToken=null]]'.
2026-06-02 08:36:55.846 +03:00 [INF] Executed action AutoService.Controllers.OrderController.GetOrdersAsync (AutoService) in 44.7206ms
2026-06-02 08:36:55.847 +03:00 [INF] Executed endpoint 'AutoService.Controllers.OrderController.GetOrdersAsync (AutoService)'
2026-06-02 08:36:55.847 +03:00 [INF] Request finished HTTP/1.1 GET http://localhost:5130/api/order/getOrders - 200 null application/json; charset=utf-8 47.945ms
2026-06-02 08:36:56.329 +03:00 [INF] Request starting HTTP/1.1 OPTIONS http://localhost:5130/api/order/getOrders - null null
2026-06-02 08:36:56.330 +03:00 [INF] CORS policy execution successful.
2026-06-02 08:36:56.331 +03:00 [INF] Request finished HTTP/1.1 OPTIONS http://localhost:5130/api/order/getOrders - 204 null null 1.7673ms
2026-06-02 08:36:56.332 +03:00 [INF] Request starting HTTP/1.1 GET http://localhost:5130/api/order/getOrders - application/json null
2026-06-02 08:36:56.333 +03:00 [INF] CORS policy execution successful.
2026-06-02 08:36:56.334 +03:00 [INF] Executing endpoint 'AutoService.Controllers.OrderController.GetOrdersAsync (AutoService)'
2026-06-02 08:36:56.334 +03:00 [INF] Route matched with {action = "GetOrders", controller = "Order"}. Executing controller action with signature System.Threading.Tasks.Task`1[Microsoft.AspNetCore.Mvc.IActionResult] GetOrdersAsync() on controller AutoService.Controllers.OrderController (AutoService).
2026-06-02 08:36:56.352 +03:00 [INF] Executed DbCommand (4ms) [Parameters=[], CommandType='"Text"', CommandTimeout='30']
SELECT `o`.`Id`, `o`.`ClientId`, `o`.`Comment`, `o`.`CreatedAt`, `o`.`Status`, `o`.`TotalAmount`, `o`.`VehicleId`, `c`.`Id`, `c`.`Address`, `c`.`PhoneNumber`, `c`.`UserId`, `u`.`Id`, `u`.`Email`, `u`.`FullName`, `u`.`PasswordHash`, `u`.`Role`, `v`.`Id`, `v0`.`Id`, `v0`.`Model`, `v0`.`OwnerId`, `v0`.`RegistrationNumber`, `v0`.`VinNumber`, `v0`.`Year`, `v`.`Model`, `v`.`OwnerId`, `v`.`RegistrationNumber`, `v`.`VinNumber`, `v`.`Year`, `s0`.`Id`, `s0`.`EmployeeId`, `s0`.`OrderId`, `s0`.`PriceAtSale`, `s0`.`Quantity`, `s0`.`ServiceId`, `s0`.`Id0`, `s0`.`CategoryId`, `s0`.`Description`, `s0`.`Name`, `s0`.`Price`, `s1`.`Id`, `s1`.`DetailId`, `s1`.`OrderId`, `s1`.`PriceAtSale`, `s1`.`Quantity`, `s1`.`Id0`, `s1`.`CategoryId`, `s1`.`Description`, `s1`.`Name`, `s1`.`Price`
FROM `Orders` AS `o`
LEFT JOIN `Clients` AS `c` ON `o`.`ClientId` = `c`.`Id`
LEFT JOIN `Users` AS `u` ON `c`.`UserId` = `u`.`Id`
LEFT JOIN `Vehicles` AS `v` ON `o`.`VehicleId` = `v`.`Id`
LEFT JOIN `Vehicles` AS `v0` ON `c`.`Id` = `v0`.`OwnerId`
LEFT JOIN (
    SELECT `o0`.`Id`, `o0`.`EmployeeId`, `o0`.`OrderId`, `o0`.`PriceAtSale`, `o0`.`Quantity`, `o0`.`ServiceId`, `s`.`Id` AS `Id0`, `s`.`CategoryId`, `s`.`Description`, `s`.`Name`, `s`.`Price`
    FROM `OrderServices` AS `o0`
    INNER JOIN `Services` AS `s` ON `o0`.`ServiceId` = `s`.`Id`
) AS `s0` ON `o`.`Id` = `s0`.`OrderId`
LEFT JOIN (
    SELECT `o1`.`Id`, `o1`.`DetailId`, `o1`.`OrderId`, `o1`.`PriceAtSale`, `o1`.`Quantity`, `d`.`Id` AS `Id0`, `d`.`CategoryId`, `d`.`Description`, `d`.`Name`, `d`.`Price`
    FROM `OrderDetails` AS `o1`
    INNER JOIN `Details` AS `d` ON `o1`.`DetailId` = `d`.`Id`
) AS `s1` ON `o`.`Id` = `s1`.`OrderId`
ORDER BY `o`.`Id`, `c`.`Id`, `u`.`Id`, `v`.`Id`, `v0`.`Id`, `s0`.`Id`, `s0`.`Id0`, `s1`.`Id`
2026-06-02 08:36:56.390 +03:00 [INF] Executing OkObjectResult, writing value of type 'System.Linq.Enumerable+ListSelectIterator`2[[AutoService.Models.Order.Order, AutoService, Version=1.0.0.0, Culture=neutral, PublicKeyToken=null],[AutoService.DTOs.Order.OrderDto, AutoService, Version=1.0.0.0, Culture=neutral, PublicKeyToken=null]]'.
2026-06-02 08:36:56.391 +03:00 [INF] Executed action AutoService.Controllers.OrderController.GetOrdersAsync (AutoService) in 56.6321ms
2026-06-02 08:36:56.392 +03:00 [INF] Executed endpoint 'AutoService.Controllers.OrderController.GetOrdersAsync (AutoService)'
2026-06-02 08:36:56.392 +03:00 [INF] Request finished HTTP/1.1 GET http://localhost:5130/api/order/getOrders - 200 null application/json; charset=utf-8 59.7451ms
2026-06-02 08:36:56.395 +03:00 [INF] Request starting HTTP/1.1 GET http://localhost:5130/api/order/getOrders - application/json null
2026-06-02 08:36:56.396 +03:00 [INF] CORS policy execution successful.
2026-06-02 08:36:56.396 +03:00 [INF] Executing endpoint 'AutoService.Controllers.OrderController.GetOrdersAsync (AutoService)'
2026-06-02 08:36:56.397 +03:00 [INF] Route matched with {action = "GetOrders", controller = "Order"}. Executing controller action with signature System.Threading.Tasks.Task`1[Microsoft.AspNetCore.Mvc.IActionResult] GetOrdersAsync() on controller AutoService.Controllers.OrderController (AutoService).
2026-06-02 08:36:56.412 +03:00 [INF] Executed DbCommand (5ms) [Parameters=[], CommandType='"Text"', CommandTimeout='30']
SELECT `o`.`Id`, `o`.`ClientId`, `o`.`Comment`, `o`.`CreatedAt`, `o`.`Status`, `o`.`TotalAmount`, `o`.`VehicleId`, `c`.`Id`, `c`.`Address`, `c`.`PhoneNumber`, `c`.`UserId`, `u`.`Id`, `u`.`Email`, `u`.`FullName`, `u`.`PasswordHash`, `u`.`Role`, `v`.`Id`, `v0`.`Id`, `v0`.`Model`, `v0`.`OwnerId`, `v0`.`RegistrationNumber`, `v0`.`VinNumber`, `v0`.`Year`, `v`.`Model`, `v`.`OwnerId`, `v`.`RegistrationNumber`, `v`.`VinNumber`, `v`.`Year`, `s0`.`Id`, `s0`.`EmployeeId`, `s0`.`OrderId`, `s0`.`PriceAtSale`, `s0`.`Quantity`, `s0`.`ServiceId`, `s0`.`Id0`, `s0`.`CategoryId`, `s0`.`Description`, `s0`.`Name`, `s0`.`Price`, `s1`.`Id`, `s1`.`DetailId`, `s1`.`OrderId`, `s1`.`PriceAtSale`, `s1`.`Quantity`, `s1`.`Id0`, `s1`.`CategoryId`, `s1`.`Description`, `s1`.`Name`, `s1`.`Price`
FROM `Orders` AS `o`
LEFT JOIN `Clients` AS `c` ON `o`.`ClientId` = `c`.`Id`
LEFT JOIN `Users` AS `u` ON `c`.`UserId` = `u`.`Id`
LEFT JOIN `Vehicles` AS `v` ON `o`.`VehicleId` = `v`.`Id`
LEFT JOIN `Vehicles` AS `v0` ON `c`.`Id` = `v0`.`OwnerId`
LEFT JOIN (
    SELECT `o0`.`Id`, `o0`.`EmployeeId`, `o0`.`OrderId`, `o0`.`PriceAtSale`, `o0`.`Quantity`, `o0`.`ServiceId`, `s`.`Id` AS `Id0`, `s`.`CategoryId`, `s`.`Description`, `s`.`Name`, `s`.`Price`
    FROM `OrderServices` AS `o0`
    INNER JOIN `Services` AS `s` ON `o0`.`ServiceId` = `s`.`Id`
) AS `s0` ON `o`.`Id` = `s0`.`OrderId`
LEFT JOIN (
    SELECT `o1`.`Id`, `o1`.`DetailId`, `o1`.`OrderId`, `o1`.`PriceAtSale`, `o1`.`Quantity`, `d`.`Id` AS `Id0`, `d`.`CategoryId`, `d`.`Description`, `d`.`Name`, `d`.`Price`
    FROM `OrderDetails` AS `o1`
    INNER JOIN `Details` AS `d` ON `o1`.`DetailId` = `d`.`Id`
) AS `s1` ON `o`.`Id` = `s1`.`OrderId`
ORDER BY `o`.`Id`, `c`.`Id`, `u`.`Id`, `v`.`Id`, `v0`.`Id`, `s0`.`Id`, `s0`.`Id0`, `s1`.`Id`
2026-06-02 08:36:56.435 +03:00 [INF] Executing OkObjectResult, writing value of type 'System.Linq.Enumerable+ListSelectIterator`2[[AutoService.Models.Order.Order, AutoService, Version=1.0.0.0, Culture=neutral, PublicKeyToken=null],[AutoService.DTOs.Order.OrderDto, AutoService, Version=1.0.0.0, Culture=neutral, PublicKeyToken=null]]'.
2026-06-02 08:36:56.436 +03:00 [INF] Executed action AutoService.Controllers.OrderController.GetOrdersAsync (AutoService) in 39.5416ms
2026-06-02 08:36:56.437 +03:00 [INF] Executed endpoint 'AutoService.Controllers.OrderController.GetOrdersAsync (AutoService)'
2026-06-02 08:36:56.437 +03:00 [INF] Request finished HTTP/1.1 GET http://localhost:5130/api/order/getOrders - 200 null application/json; charset=utf-8 42.4843ms
2026-06-02 08:36:56.807 +03:00 [INF] Request starting HTTP/1.1 GET http://localhost:5130/api/order/getOrders - application/json null
2026-06-02 08:36:56.808 +03:00 [INF] CORS policy execution successful.
2026-06-02 08:36:56.809 +03:00 [INF] Executing endpoint 'AutoService.Controllers.OrderController.GetOrdersAsync (AutoService)'
2026-06-02 08:36:56.810 +03:00 [INF] Route matched with {action = "GetOrders", controller = "Order"}. Executing controller action with signature System.Threading.Tasks.Task`1[Microsoft.AspNetCore.Mvc.IActionResult] GetOrdersAsync() on controller AutoService.Controllers.OrderController (AutoService).
2026-06-02 08:36:56.824 +03:00 [INF] Executed DbCommand (4ms) [Parameters=[], CommandType='"Text"', CommandTimeout='30']
SELECT `o`.`Id`, `o`.`ClientId`, `o`.`Comment`, `o`.`CreatedAt`, `o`.`Status`, `o`.`TotalAmount`, `o`.`VehicleId`, `c`.`Id`, `c`.`Address`, `c`.`PhoneNumber`, `c`.`UserId`, `u`.`Id`, `u`.`Email`, `u`.`FullName`, `u`.`PasswordHash`, `u`.`Role`, `v`.`Id`, `v0`.`Id`, `v0`.`Model`, `v0`.`OwnerId`, `v0`.`RegistrationNumber`, `v0`.`VinNumber`, `v0`.`Year`, `v`.`Model`, `v`.`OwnerId`, `v`.`RegistrationNumber`, `v`.`VinNumber`, `v`.`Year`, `s0`.`Id`, `s0`.`EmployeeId`, `s0`.`OrderId`, `s0`.`PriceAtSale`, `s0`.`Quantity`, `s0`.`ServiceId`, `s0`.`Id0`, `s0`.`CategoryId`, `s0`.`Description`, `s0`.`Name`, `s0`.`Price`, `s1`.`Id`, `s1`.`DetailId`, `s1`.`OrderId`, `s1`.`PriceAtSale`, `s1`.`Quantity`, `s1`.`Id0`, `s1`.`CategoryId`, `s1`.`Description`, `s1`.`Name`, `s1`.`Price`
FROM `Orders` AS `o`
LEFT JOIN `Clients` AS `c` ON `o`.`ClientId` = `c`.`Id`
LEFT JOIN `Users` AS `u` ON `c`.`UserId` = `u`.`Id`
LEFT JOIN `Vehicles` AS `v` ON `o`.`VehicleId` = `v`.`Id`
LEFT JOIN `Vehicles` AS `v0` ON `c`.`Id` = `v0`.`OwnerId`
LEFT JOIN (
    SELECT `o0`.`Id`, `o0`.`EmployeeId`, `o0`.`OrderId`, `o0`.`PriceAtSale`, `o0`.`Quantity`, `o0`.`ServiceId`, `s`.`Id` AS `Id0`, `s`.`CategoryId`, `s`.`Description`, `s`.`Name`, `s`.`Price`
    FROM `OrderServices` AS `o0`
    INNER JOIN `Services` AS `s` ON `o0`.`ServiceId` = `s`.`Id`
) AS `s0` ON `o`.`Id` = `s0`.`OrderId`
LEFT JOIN (
    SELECT `o1`.`Id`, `o1`.`DetailId`, `o1`.`OrderId`, `o1`.`PriceAtSale`, `o1`.`Quantity`, `d`.`Id` AS `Id0`, `d`.`CategoryId`, `d`.`Description`, `d`.`Name`, `d`.`Price`
    FROM `OrderDetails` AS `o1`
    INNER JOIN `Details` AS `d` ON `o1`.`DetailId` = `d`.`Id`
) AS `s1` ON `o`.`Id` = `s1`.`OrderId`
ORDER BY `o`.`Id`, `c`.`Id`, `u`.`Id`, `v`.`Id`, `v0`.`Id`, `s0`.`Id`, `s0`.`Id0`, `s1`.`Id`
2026-06-02 08:36:56.854 +03:00 [INF] Executing OkObjectResult, writing value of type 'System.Linq.Enumerable+ListSelectIterator`2[[AutoService.Models.Order.Order, AutoService, Version=1.0.0.0, Culture=neutral, PublicKeyToken=null],[AutoService.DTOs.Order.OrderDto, AutoService, Version=1.0.0.0, Culture=neutral, PublicKeyToken=null]]'.
2026-06-02 08:36:56.856 +03:00 [INF] Executed action AutoService.Controllers.OrderController.GetOrdersAsync (AutoService) in 45.8998ms
2026-06-02 08:36:56.856 +03:00 [INF] Executed endpoint 'AutoService.Controllers.OrderController.GetOrdersAsync (AutoService)'
2026-06-02 08:36:56.856 +03:00 [INF] Request finished HTTP/1.1 GET http://localhost:5130/api/order/getOrders - 200 null application/json; charset=utf-8 49.5725ms
2026-06-02 08:36:56.859 +03:00 [INF] Request starting HTTP/1.1 GET http://localhost:5130/api/order/getOrders - application/json null
2026-06-02 08:36:56.859 +03:00 [INF] CORS policy execution successful.
2026-06-02 08:36:56.860 +03:00 [INF] Executing endpoint 'AutoService.Controllers.OrderController.GetOrdersAsync (AutoService)'
2026-06-02 08:36:56.861 +03:00 [INF] Route matched with {action = "GetOrders", controller = "Order"}. Executing controller action with signature System.Threading.Tasks.Task`1[Microsoft.AspNetCore.Mvc.IActionResult] GetOrdersAsync() on controller AutoService.Controllers.OrderController (AutoService).
2026-06-02 08:36:56.889 +03:00 [INF] Executed DbCommand (19ms) [Parameters=[], CommandType='"Text"', CommandTimeout='30']
SELECT `o`.`Id`, `o`.`ClientId`, `o`.`Comment`, `o`.`CreatedAt`, `o`.`Status`, `o`.`TotalAmount`, `o`.`VehicleId`, `c`.`Id`, `c`.`Address`, `c`.`PhoneNumber`, `c`.`UserId`, `u`.`Id`, `u`.`Email`, `u`.`FullName`, `u`.`PasswordHash`, `u`.`Role`, `v`.`Id`, `v0`.`Id`, `v0`.`Model`, `v0`.`OwnerId`, `v0`.`RegistrationNumber`, `v0`.`VinNumber`, `v0`.`Year`, `v`.`Model`, `v`.`OwnerId`, `v`.`RegistrationNumber`, `v`.`VinNumber`, `v`.`Year`, `s0`.`Id`, `s0`.`EmployeeId`, `s0`.`OrderId`, `s0`.`PriceAtSale`, `s0`.`Quantity`, `s0`.`ServiceId`, `s0`.`Id0`, `s0`.`CategoryId`, `s0`.`Description`, `s0`.`Name`, `s0`.`Price`, `s1`.`Id`, `s1`.`DetailId`, `s1`.`OrderId`, `s1`.`PriceAtSale`, `s1`.`Quantity`, `s1`.`Id0`, `s1`.`CategoryId`, `s1`.`Description`, `s1`.`Name`, `s1`.`Price`
FROM `Orders` AS `o`
LEFT JOIN `Clients` AS `c` ON `o`.`ClientId` = `c`.`Id`
LEFT JOIN `Users` AS `u` ON `c`.`UserId` = `u`.`Id`
LEFT JOIN `Vehicles` AS `v` ON `o`.`VehicleId` = `v`.`Id`
LEFT JOIN `Vehicles` AS `v0` ON `c`.`Id` = `v0`.`OwnerId`
LEFT JOIN (
    SELECT `o0`.`Id`, `o0`.`EmployeeId`, `o0`.`OrderId`, `o0`.`PriceAtSale`, `o0`.`Quantity`, `o0`.`ServiceId`, `s`.`Id` AS `Id0`, `s`.`CategoryId`, `s`.`Description`, `s`.`Name`, `s`.`Price`
    FROM `OrderServices` AS `o0`
    INNER JOIN `Services` AS `s` ON `o0`.`ServiceId` = `s`.`Id`
) AS `s0` ON `o`.`Id` = `s0`.`OrderId`
LEFT JOIN (
    SELECT `o1`.`Id`, `o1`.`DetailId`, `o1`.`OrderId`, `o1`.`PriceAtSale`, `o1`.`Quantity`, `d`.`Id` AS `Id0`, `d`.`CategoryId`, `d`.`Description`, `d`.`Name`, `d`.`Price`
    FROM `OrderDetails` AS `o1`
    INNER JOIN `Details` AS `d` ON `o1`.`DetailId` = `d`.`Id`
) AS `s1` ON `o`.`Id` = `s1`.`OrderId`
ORDER BY `o`.`Id`, `c`.`Id`, `u`.`Id`, `v`.`Id`, `v0`.`Id`, `s0`.`Id`, `s0`.`Id0`, `s1`.`Id`
2026-06-02 08:36:56.913 +03:00 [INF] Executing OkObjectResult, writing value of type 'System.Linq.Enumerable+ListSelectIterator`2[[AutoService.Models.Order.Order, AutoService, Version=1.0.0.0, Culture=neutral, PublicKeyToken=null],[AutoService.DTOs.Order.OrderDto, AutoService, Version=1.0.0.0, Culture=neutral, PublicKeyToken=null]]'.
2026-06-02 08:36:56.914 +03:00 [INF] Executed action AutoService.Controllers.OrderController.GetOrdersAsync (AutoService) in 53.1206ms
2026-06-02 08:36:56.915 +03:00 [INF] Executed endpoint 'AutoService.Controllers.OrderController.GetOrdersAsync (AutoService)'
2026-06-02 08:36:56.916 +03:00 [INF] Request finished HTTP/1.1 GET http://localhost:5130/api/order/getOrders - 200 null application/json; charset=utf-8 56.7226ms
2026-06-02 08:36:57.133 +03:00 [INF] Request starting HTTP/1.1 GET http://localhost:5130/api/client/getClients - application/json null
2026-06-02 08:36:57.134 +03:00 [INF] CORS policy execution successful.
2026-06-02 08:36:57.135 +03:00 [INF] Executing endpoint 'AutoService.Controllers.ClientController.GetClients (AutoService)'
2026-06-02 08:36:57.135 +03:00 [INF] Route matched with {action = "GetClients", controller = "Client"}. Executing controller action with signature System.Threading.Tasks.Task`1[Microsoft.AspNetCore.Mvc.IActionResult] GetClients() on controller AutoService.Controllers.ClientController (AutoService).
2026-06-02 08:36:57.154 +03:00 [INF] Executed DbCommand (3ms) [Parameters=[], CommandType='"Text"', CommandTimeout='30']
SELECT `c`.`Id`, `c`.`Address`, `c`.`PhoneNumber`, `c`.`UserId`, `u`.`Id`, `u`.`Email`, `u`.`FullName`, `u`.`PasswordHash`, `u`.`Role`, `v`.`Id`, `v`.`Model`, `v`.`OwnerId`, `v`.`RegistrationNumber`, `v`.`VinNumber`, `v`.`Year`
FROM `Clients` AS `c`
LEFT JOIN `Users` AS `u` ON `c`.`UserId` = `u`.`Id`
LEFT JOIN `Vehicles` AS `v` ON `c`.`Id` = `v`.`OwnerId`
ORDER BY `c`.`Id`, `u`.`Id`
2026-06-02 08:36:57.156 +03:00 [INF] Executing OkObjectResult, writing value of type 'System.Linq.Enumerable+ListSelectIterator`2[[AutoService.Models.Users.Client, AutoService, Version=1.0.0.0, Culture=neutral, PublicKeyToken=null],[AutoService.DTOs.Auth.ClientDto, AutoService, Version=1.0.0.0, Culture=neutral, PublicKeyToken=null]]'.
2026-06-02 08:36:57.157 +03:00 [INF] Executed action AutoService.Controllers.ClientController.GetClients (AutoService) in 21.8134ms
2026-06-02 08:36:57.158 +03:00 [INF] Executed endpoint 'AutoService.Controllers.ClientController.GetClients (AutoService)'
2026-06-02 08:36:57.158 +03:00 [INF] Request finished HTTP/1.1 GET http://localhost:5130/api/client/getClients - 200 null application/json; charset=utf-8 25.2413ms
2026-06-02 08:36:57.160 +03:00 [INF] Request starting HTTP/1.1 GET http://localhost:5130/api/client/getClients - application/json null
2026-06-02 08:36:57.160 +03:00 [INF] CORS policy execution successful.
2026-06-02 08:36:57.161 +03:00 [INF] Executing endpoint 'AutoService.Controllers.ClientController.GetClients (AutoService)'
2026-06-02 08:36:57.161 +03:00 [INF] Route matched with {action = "GetClients", controller = "Client"}. Executing controller action with signature System.Threading.Tasks.Task`1[Microsoft.AspNetCore.Mvc.IActionResult] GetClients() on controller AutoService.Controllers.ClientController (AutoService).
2026-06-02 08:36:57.174 +03:00 [INF] Executed DbCommand (2ms) [Parameters=[], CommandType='"Text"', CommandTimeout='30']
SELECT `c`.`Id`, `c`.`Address`, `c`.`PhoneNumber`, `c`.`UserId`, `u`.`Id`, `u`.`Email`, `u`.`FullName`, `u`.`PasswordHash`, `u`.`Role`, `v`.`Id`, `v`.`Model`, `v`.`OwnerId`, `v`.`RegistrationNumber`, `v`.`VinNumber`, `v`.`Year`
FROM `Clients` AS `c`
LEFT JOIN `Users` AS `u` ON `c`.`UserId` = `u`.`Id`
LEFT JOIN `Vehicles` AS `v` ON `c`.`Id` = `v`.`OwnerId`
ORDER BY `c`.`Id`, `u`.`Id`
2026-06-02 08:36:57.176 +03:00 [INF] Executing OkObjectResult, writing value of type 'System.Linq.Enumerable+ListSelectIterator`2[[AutoService.Models.Users.Client, AutoService, Version=1.0.0.0, Culture=neutral, PublicKeyToken=null],[AutoService.DTOs.Auth.ClientDto, AutoService, Version=1.0.0.0, Culture=neutral, PublicKeyToken=null]]'.
2026-06-02 08:36:57.177 +03:00 [INF] Executed action AutoService.Controllers.ClientController.GetClients (AutoService) in 15.0529ms
2026-06-02 08:36:57.177 +03:00 [INF] Executed endpoint 'AutoService.Controllers.ClientController.GetClients (AutoService)'
2026-06-02 08:36:57.178 +03:00 [INF] Request finished HTTP/1.1 GET http://localhost:5130/api/client/getClients - 200 null application/json; charset=utf-8 17.8004ms
2026-06-02 08:36:57.735 +03:00 [INF] Request starting HTTP/1.1 GET http://localhost:5130/api/order/getOrders - application/json null
2026-06-02 08:36:57.736 +03:00 [INF] CORS policy execution successful.
2026-06-02 08:36:57.737 +03:00 [INF] Executing endpoint 'AutoService.Controllers.OrderController.GetOrdersAsync (AutoService)'
2026-06-02 08:36:57.737 +03:00 [INF] Route matched with {action = "GetOrders", controller = "Order"}. Executing controller action with signature System.Threading.Tasks.Task`1[Microsoft.AspNetCore.Mvc.IActionResult] GetOrdersAsync() on controller AutoService.Controllers.OrderController (AutoService).
2026-06-02 08:36:57.755 +03:00 [INF] Executed DbCommand (4ms) [Parameters=[], CommandType='"Text"', CommandTimeout='30']
SELECT `o`.`Id`, `o`.`ClientId`, `o`.`Comment`, `o`.`CreatedAt`, `o`.`Status`, `o`.`TotalAmount`, `o`.`VehicleId`, `c`.`Id`, `c`.`Address`, `c`.`PhoneNumber`, `c`.`UserId`, `u`.`Id`, `u`.`Email`, `u`.`FullName`, `u`.`PasswordHash`, `u`.`Role`, `v`.`Id`, `v0`.`Id`, `v0`.`Model`, `v0`.`OwnerId`, `v0`.`RegistrationNumber`, `v0`.`VinNumber`, `v0`.`Year`, `v`.`Model`, `v`.`OwnerId`, `v`.`RegistrationNumber`, `v`.`VinNumber`, `v`.`Year`, `s0`.`Id`, `s0`.`EmployeeId`, `s0`.`OrderId`, `s0`.`PriceAtSale`, `s0`.`Quantity`, `s0`.`ServiceId`, `s0`.`Id0`, `s0`.`CategoryId`, `s0`.`Description`, `s0`.`Name`, `s0`.`Price`, `s1`.`Id`, `s1`.`DetailId`, `s1`.`OrderId`, `s1`.`PriceAtSale`, `s1`.`Quantity`, `s1`.`Id0`, `s1`.`CategoryId`, `s1`.`Description`, `s1`.`Name`, `s1`.`Price`
FROM `Orders` AS `o`
LEFT JOIN `Clients` AS `c` ON `o`.`ClientId` = `c`.`Id`
LEFT JOIN `Users` AS `u` ON `c`.`UserId` = `u`.`Id`
LEFT JOIN `Vehicles` AS `v` ON `o`.`VehicleId` = `v`.`Id`
LEFT JOIN `Vehicles` AS `v0` ON `c`.`Id` = `v0`.`OwnerId`
LEFT JOIN (
    SELECT `o0`.`Id`, `o0`.`EmployeeId`, `o0`.`OrderId`, `o0`.`PriceAtSale`, `o0`.`Quantity`, `o0`.`ServiceId`, `s`.`Id` AS `Id0`, `s`.`CategoryId`, `s`.`Description`, `s`.`Name`, `s`.`Price`
    FROM `OrderServices` AS `o0`
    INNER JOIN `Services` AS `s` ON `o0`.`ServiceId` = `s`.`Id`
) AS `s0` ON `o`.`Id` = `s0`.`OrderId`
LEFT JOIN (
    SELECT `o1`.`Id`, `o1`.`DetailId`, `o1`.`OrderId`, `o1`.`PriceAtSale`, `o1`.`Quantity`, `d`.`Id` AS `Id0`, `d`.`CategoryId`, `d`.`Description`, `d`.`Name`, `d`.`Price`
    FROM `OrderDetails` AS `o1`
    INNER JOIN `Details` AS `d` ON `o1`.`DetailId` = `d`.`Id`
) AS `s1` ON `o`.`Id` = `s1`.`OrderId`
ORDER BY `o`.`Id`, `c`.`Id`, `u`.`Id`, `v`.`Id`, `v0`.`Id`, `s0`.`Id`, `s0`.`Id0`, `s1`.`Id`
2026-06-02 08:36:57.780 +03:00 [INF] Executing OkObjectResult, writing value of type 'System.Linq.Enumerable+ListSelectIterator`2[[AutoService.Models.Order.Order, AutoService, Version=1.0.0.0, Culture=neutral, PublicKeyToken=null],[AutoService.DTOs.Order.OrderDto, AutoService, Version=1.0.0.0, Culture=neutral, PublicKeyToken=null]]'.
2026-06-02 08:36:57.782 +03:00 [INF] Executed action AutoService.Controllers.OrderController.GetOrdersAsync (AutoService) in 44.1853ms
2026-06-02 08:36:57.782 +03:00 [INF] Executed endpoint 'AutoService.Controllers.OrderController.GetOrdersAsync (AutoService)'
2026-06-02 08:36:57.783 +03:00 [INF] Request finished HTTP/1.1 GET http://localhost:5130/api/order/getOrders - 200 null application/json; charset=utf-8 47.8736ms
2026-06-02 08:36:57.786 +03:00 [INF] Request starting HTTP/1.1 GET http://localhost:5130/api/order/getOrders - application/json null
2026-06-02 08:36:57.786 +03:00 [INF] CORS policy execution successful.
2026-06-02 08:36:57.787 +03:00 [INF] Executing endpoint 'AutoService.Controllers.OrderController.GetOrdersAsync (AutoService)'
2026-06-02 08:36:57.787 +03:00 [INF] Route matched with {action = "GetOrders", controller = "Order"}. Executing controller action with signature System.Threading.Tasks.Task`1[Microsoft.AspNetCore.Mvc.IActionResult] GetOrdersAsync() on controller AutoService.Controllers.OrderController (AutoService).
2026-06-02 08:36:57.803 +03:00 [INF] Executed DbCommand (4ms) [Parameters=[], CommandType='"Text"', CommandTimeout='30']
SELECT `o`.`Id`, `o`.`ClientId`, `o`.`Comment`, `o`.`CreatedAt`, `o`.`Status`, `o`.`TotalAmount`, `o`.`VehicleId`, `c`.`Id`, `c`.`Address`, `c`.`PhoneNumber`, `c`.`UserId`, `u`.`Id`, `u`.`Email`, `u`.`FullName`, `u`.`PasswordHash`, `u`.`Role`, `v`.`Id`, `v0`.`Id`, `v0`.`Model`, `v0`.`OwnerId`, `v0`.`RegistrationNumber`, `v0`.`VinNumber`, `v0`.`Year`, `v`.`Model`, `v`.`OwnerId`, `v`.`RegistrationNumber`, `v`.`VinNumber`, `v`.`Year`, `s0`.`Id`, `s0`.`EmployeeId`, `s0`.`OrderId`, `s0`.`PriceAtSale`, `s0`.`Quantity`, `s0`.`ServiceId`, `s0`.`Id0`, `s0`.`CategoryId`, `s0`.`Description`, `s0`.`Name`, `s0`.`Price`, `s1`.`Id`, `s1`.`DetailId`, `s1`.`OrderId`, `s1`.`PriceAtSale`, `s1`.`Quantity`, `s1`.`Id0`, `s1`.`CategoryId`, `s1`.`Description`, `s1`.`Name`, `s1`.`Price`
FROM `Orders` AS `o`
LEFT JOIN `Clients` AS `c` ON `o`.`ClientId` = `c`.`Id`
LEFT JOIN `Users` AS `u` ON `c`.`UserId` = `u`.`Id`
LEFT JOIN `Vehicles` AS `v` ON `o`.`VehicleId` = `v`.`Id`
LEFT JOIN `Vehicles` AS `v0` ON `c`.`Id` = `v0`.`OwnerId`
LEFT JOIN (
    SELECT `o0`.`Id`, `o0`.`EmployeeId`, `o0`.`OrderId`, `o0`.`PriceAtSale`, `o0`.`Quantity`, `o0`.`ServiceId`, `s`.`Id` AS `Id0`, `s`.`CategoryId`, `s`.`Description`, `s`.`Name`, `s`.`Price`
    FROM `OrderServices` AS `o0`
    INNER JOIN `Services` AS `s` ON `o0`.`ServiceId` = `s`.`Id`
) AS `s0` ON `o`.`Id` = `s0`.`OrderId`
LEFT JOIN (
    SELECT `o1`.`Id`, `o1`.`DetailId`, `o1`.`OrderId`, `o1`.`PriceAtSale`, `o1`.`Quantity`, `d`.`Id` AS `Id0`, `d`.`CategoryId`, `d`.`Description`, `d`.`Name`, `d`.`Price`
    FROM `OrderDetails` AS `o1`
    INNER JOIN `Details` AS `d` ON `o1`.`DetailId` = `d`.`Id`
) AS `s1` ON `o`.`Id` = `s1`.`OrderId`
ORDER BY `o`.`Id`, `c`.`Id`, `u`.`Id`, `v`.`Id`, `v0`.`Id`, `s0`.`Id`, `s0`.`Id0`, `s1`.`Id`
2026-06-02 08:36:57.826 +03:00 [INF] Executing OkObjectResult, writing value of type 'System.Linq.Enumerable+ListSelectIterator`2[[AutoService.Models.Order.Order, AutoService, Version=1.0.0.0, Culture=neutral, PublicKeyToken=null],[AutoService.DTOs.Order.OrderDto, AutoService, Version=1.0.0.0, Culture=neutral, PublicKeyToken=null]]'.
2026-06-02 08:36:57.827 +03:00 [INF] Executed action AutoService.Controllers.OrderController.GetOrdersAsync (AutoService) in 39.5805ms
2026-06-02 08:36:57.828 +03:00 [INF] Executed endpoint 'AutoService.Controllers.OrderController.GetOrdersAsync (AutoService)'
2026-06-02 08:36:57.828 +03:00 [INF] Request finished HTTP/1.1 GET http://localhost:5130/api/order/getOrders - 200 null application/json; charset=utf-8 42.1605ms
2026-06-02 08:36:59.826 +03:00 [INF] Request starting HTTP/1.1 GET http://localhost:5130/api/order/getOrders - application/json null
2026-06-02 08:36:59.827 +03:00 [INF] CORS policy execution successful.
2026-06-02 08:36:59.829 +03:00 [INF] Executing endpoint 'AutoService.Controllers.OrderController.GetOrdersAsync (AutoService)'
2026-06-02 08:36:59.830 +03:00 [INF] Route matched with {action = "GetOrders", controller = "Order"}. Executing controller action with signature System.Threading.Tasks.Task`1[Microsoft.AspNetCore.Mvc.IActionResult] GetOrdersAsync() on controller AutoService.Controllers.OrderController (AutoService).
2026-06-02 08:36:59.846 +03:00 [INF] Executed DbCommand (3ms) [Parameters=[], CommandType='"Text"', CommandTimeout='30']
SELECT `o`.`Id`, `o`.`ClientId`, `o`.`Comment`, `o`.`CreatedAt`, `o`.`Status`, `o`.`TotalAmount`, `o`.`VehicleId`, `c`.`Id`, `c`.`Address`, `c`.`PhoneNumber`, `c`.`UserId`, `u`.`Id`, `u`.`Email`, `u`.`FullName`, `u`.`PasswordHash`, `u`.`Role`, `v`.`Id`, `v0`.`Id`, `v0`.`Model`, `v0`.`OwnerId`, `v0`.`RegistrationNumber`, `v0`.`VinNumber`, `v0`.`Year`, `v`.`Model`, `v`.`OwnerId`, `v`.`RegistrationNumber`, `v`.`VinNumber`, `v`.`Year`, `s0`.`Id`, `s0`.`EmployeeId`, `s0`.`OrderId`, `s0`.`PriceAtSale`, `s0`.`Quantity`, `s0`.`ServiceId`, `s0`.`Id0`, `s0`.`CategoryId`, `s0`.`Description`, `s0`.`Name`, `s0`.`Price`, `s1`.`Id`, `s1`.`DetailId`, `s1`.`OrderId`, `s1`.`PriceAtSale`, `s1`.`Quantity`, `s1`.`Id0`, `s1`.`CategoryId`, `s1`.`Description`, `s1`.`Name`, `s1`.`Price`
FROM `Orders` AS `o`
LEFT JOIN `Clients` AS `c` ON `o`.`ClientId` = `c`.`Id`
LEFT JOIN `Users` AS `u` ON `c`.`UserId` = `u`.`Id`
LEFT JOIN `Vehicles` AS `v` ON `o`.`VehicleId` = `v`.`Id`
LEFT JOIN `Vehicles` AS `v0` ON `c`.`Id` = `v0`.`OwnerId`
LEFT JOIN (
    SELECT `o0`.`Id`, `o0`.`EmployeeId`, `o0`.`OrderId`, `o0`.`PriceAtSale`, `o0`.`Quantity`, `o0`.`ServiceId`, `s`.`Id` AS `Id0`, `s`.`CategoryId`, `s`.`Description`, `s`.`Name`, `s`.`Price`
    FROM `OrderServices` AS `o0`
    INNER JOIN `Services` AS `s` ON `o0`.`ServiceId` = `s`.`Id`
) AS `s0` ON `o`.`Id` = `s0`.`OrderId`
LEFT JOIN (
    SELECT `o1`.`Id`, `o1`.`DetailId`, `o1`.`OrderId`, `o1`.`PriceAtSale`, `o1`.`Quantity`, `d`.`Id` AS `Id0`, `d`.`CategoryId`, `d`.`Description`, `d`.`Name`, `d`.`Price`
    FROM `OrderDetails` AS `o1`
    INNER JOIN `Details` AS `d` ON `o1`.`DetailId` = `d`.`Id`
) AS `s1` ON `o`.`Id` = `s1`.`OrderId`
ORDER BY `o`.`Id`, `c`.`Id`, `u`.`Id`, `v`.`Id`, `v0`.`Id`, `s0`.`Id`, `s0`.`Id0`, `s1`.`Id`
2026-06-02 08:36:59.856 +03:00 [INF] Executing OkObjectResult, writing value of type 'System.Linq.Enumerable+ListSelectIterator`2[[AutoService.Models.Order.Order, AutoService, Version=1.0.0.0, Culture=neutral, PublicKeyToken=null],[AutoService.DTOs.Order.OrderDto, AutoService, Version=1.0.0.0, Culture=neutral, PublicKeyToken=null]]'.
2026-06-02 08:36:59.857 +03:00 [INF] Executed action AutoService.Controllers.OrderController.GetOrdersAsync (AutoService) in 27.0928ms
2026-06-02 08:36:59.857 +03:00 [INF] Executed endpoint 'AutoService.Controllers.OrderController.GetOrdersAsync (AutoService)'
2026-06-02 08:36:59.858 +03:00 [INF] Request finished HTTP/1.1 GET http://localhost:5130/api/order/getOrders - 200 null application/json; charset=utf-8 31.8945ms
2026-06-02 08:36:59.859 +03:00 [INF] Request starting HTTP/1.1 GET http://localhost:5130/api/order/getOrders - application/json null
2026-06-02 08:36:59.859 +03:00 [INF] CORS policy execution successful.
2026-06-02 08:36:59.860 +03:00 [INF] Executing endpoint 'AutoService.Controllers.OrderController.GetOrdersAsync (AutoService)'
2026-06-02 08:36:59.861 +03:00 [INF] Route matched with {action = "GetOrders", controller = "Order"}. Executing controller action with signature System.Threading.Tasks.Task`1[Microsoft.AspNetCore.Mvc.IActionResult] GetOrdersAsync() on controller AutoService.Controllers.OrderController (AutoService).
2026-06-02 08:36:59.871 +03:00 [INF] Executed DbCommand (4ms) [Parameters=[], CommandType='"Text"', CommandTimeout='30']
SELECT `o`.`Id`, `o`.`ClientId`, `o`.`Comment`, `o`.`CreatedAt`, `o`.`Status`, `o`.`TotalAmount`, `o`.`VehicleId`, `c`.`Id`, `c`.`Address`, `c`.`PhoneNumber`, `c`.`UserId`, `u`.`Id`, `u`.`Email`, `u`.`FullName`, `u`.`PasswordHash`, `u`.`Role`, `v`.`Id`, `v0`.`Id`, `v0`.`Model`, `v0`.`OwnerId`, `v0`.`RegistrationNumber`, `v0`.`VinNumber`, `v0`.`Year`, `v`.`Model`, `v`.`OwnerId`, `v`.`RegistrationNumber`, `v`.`VinNumber`, `v`.`Year`, `s0`.`Id`, `s0`.`EmployeeId`, `s0`.`OrderId`, `s0`.`PriceAtSale`, `s0`.`Quantity`, `s0`.`ServiceId`, `s0`.`Id0`, `s0`.`CategoryId`, `s0`.`Description`, `s0`.`Name`, `s0`.`Price`, `s1`.`Id`, `s1`.`DetailId`, `s1`.`OrderId`, `s1`.`PriceAtSale`, `s1`.`Quantity`, `s1`.`Id0`, `s1`.`CategoryId`, `s1`.`Description`, `s1`.`Name`, `s1`.`Price`
FROM `Orders` AS `o`
LEFT JOIN `Clients` AS `c` ON `o`.`ClientId` = `c`.`Id`
LEFT JOIN `Users` AS `u` ON `c`.`UserId` = `u`.`Id`
LEFT JOIN `Vehicles` AS `v` ON `o`.`VehicleId` = `v`.`Id`
LEFT JOIN `Vehicles` AS `v0` ON `c`.`Id` = `v0`.`OwnerId`
LEFT JOIN (
    SELECT `o0`.`Id`, `o0`.`EmployeeId`, `o0`.`OrderId`, `o0`.`PriceAtSale`, `o0`.`Quantity`, `o0`.`ServiceId`, `s`.`Id` AS `Id0`, `s`.`CategoryId`, `s`.`Description`, `s`.`Name`, `s`.`Price`
    FROM `OrderServices` AS `o0`
    INNER JOIN `Services` AS `s` ON `o0`.`ServiceId` = `s`.`Id`
) AS `s0` ON `o`.`Id` = `s0`.`OrderId`
LEFT JOIN (
    SELECT `o1`.`Id`, `o1`.`DetailId`, `o1`.`OrderId`, `o1`.`PriceAtSale`, `o1`.`Quantity`, `d`.`Id` AS `Id0`, `d`.`CategoryId`, `d`.`Description`, `d`.`Name`, `d`.`Price`
    FROM `OrderDetails` AS `o1`
    INNER JOIN `Details` AS `d` ON `o1`.`DetailId` = `d`.`Id`
) AS `s1` ON `o`.`Id` = `s1`.`OrderId`
ORDER BY `o`.`Id`, `c`.`Id`, `u`.`Id`, `v`.`Id`, `v0`.`Id`, `s0`.`Id`, `s0`.`Id0`, `s1`.`Id`
2026-06-02 08:36:59.882 +03:00 [INF] Executing OkObjectResult, writing value of type 'System.Linq.Enumerable+ListSelectIterator`2[[AutoService.Models.Order.Order, AutoService, Version=1.0.0.0, Culture=neutral, PublicKeyToken=null],[AutoService.DTOs.Order.OrderDto, AutoService, Version=1.0.0.0, Culture=neutral, PublicKeyToken=null]]'.
2026-06-02 08:36:59.884 +03:00 [INF] Executed action AutoService.Controllers.OrderController.GetOrdersAsync (AutoService) in 23.3067ms
2026-06-02 08:36:59.884 +03:00 [INF] Executed endpoint 'AutoService.Controllers.OrderController.GetOrdersAsync (AutoService)'
2026-06-02 08:36:59.885 +03:00 [INF] Request finished HTTP/1.1 GET http://localhost:5130/api/order/getOrders - 200 null application/json; charset=utf-8 25.5991ms
2026-06-02 08:37:00.261 +03:00 [INF] Request starting HTTP/1.1 OPTIONS http://localhost:5130/api/client/getClients - null null
2026-06-02 08:37:00.262 +03:00 [INF] CORS policy execution successful.
2026-06-02 08:37:00.262 +03:00 [INF] Request finished HTTP/1.1 OPTIONS http://localhost:5130/api/client/getClients - 204 null null 1.0207ms
2026-06-02 08:37:00.269 +03:00 [INF] Request starting HTTP/1.1 GET http://localhost:5130/api/client/getClients - application/json null
2026-06-02 08:37:00.270 +03:00 [INF] CORS policy execution successful.
2026-06-02 08:37:00.270 +03:00 [INF] Executing endpoint 'AutoService.Controllers.ClientController.GetClients (AutoService)'
2026-06-02 08:37:00.271 +03:00 [INF] Route matched with {action = "GetClients", controller = "Client"}. Executing controller action with signature System.Threading.Tasks.Task`1[Microsoft.AspNetCore.Mvc.IActionResult] GetClients() on controller AutoService.Controllers.ClientController (AutoService).
2026-06-02 08:37:00.282 +03:00 [INF] Executed DbCommand (1ms) [Parameters=[], CommandType='"Text"', CommandTimeout='30']
SELECT `c`.`Id`, `c`.`Address`, `c`.`PhoneNumber`, `c`.`UserId`, `u`.`Id`, `u`.`Email`, `u`.`FullName`, `u`.`PasswordHash`, `u`.`Role`, `v`.`Id`, `v`.`Model`, `v`.`OwnerId`, `v`.`RegistrationNumber`, `v`.`VinNumber`, `v`.`Year`
FROM `Clients` AS `c`
LEFT JOIN `Users` AS `u` ON `c`.`UserId` = `u`.`Id`
LEFT JOIN `Vehicles` AS `v` ON `c`.`Id` = `v`.`OwnerId`
ORDER BY `c`.`Id`, `u`.`Id`
2026-06-02 08:37:00.283 +03:00 [INF] Executing OkObjectResult, writing value of type 'System.Linq.Enumerable+ListSelectIterator`2[[AutoService.Models.Users.Client, AutoService, Version=1.0.0.0, Culture=neutral, PublicKeyToken=null],[AutoService.DTOs.Auth.ClientDto, AutoService, Version=1.0.0.0, Culture=neutral, PublicKeyToken=null]]'.
2026-06-02 08:37:00.283 +03:00 [INF] Executed action AutoService.Controllers.ClientController.GetClients (AutoService) in 12.3573ms
2026-06-02 08:37:00.284 +03:00 [INF] Executed endpoint 'AutoService.Controllers.ClientController.GetClients (AutoService)'
2026-06-02 08:37:00.284 +03:00 [INF] Request finished HTTP/1.1 GET http://localhost:5130/api/client/getClients - 200 null application/json; charset=utf-8 14.7341ms
2026-06-02 08:37:00.285 +03:00 [INF] Request starting HTTP/1.1 GET http://localhost:5130/api/client/getClients - application/json null
2026-06-02 08:37:00.286 +03:00 [INF] CORS policy execution successful.
2026-06-02 08:37:00.286 +03:00 [INF] Executing endpoint 'AutoService.Controllers.ClientController.GetClients (AutoService)'
2026-06-02 08:37:00.287 +03:00 [INF] Route matched with {action = "GetClients", controller = "Client"}. Executing controller action with signature System.Threading.Tasks.Task`1[Microsoft.AspNetCore.Mvc.IActionResult] GetClients() on controller AutoService.Controllers.ClientController (AutoService).
2026-06-02 08:37:00.295 +03:00 [INF] Executed DbCommand (1ms) [Parameters=[], CommandType='"Text"', CommandTimeout='30']
SELECT `c`.`Id`, `c`.`Address`, `c`.`PhoneNumber`, `c`.`UserId`, `u`.`Id`, `u`.`Email`, `u`.`FullName`, `u`.`PasswordHash`, `u`.`Role`, `v`.`Id`, `v`.`Model`, `v`.`OwnerId`, `v`.`RegistrationNumber`, `v`.`VinNumber`, `v`.`Year`
FROM `Clients` AS `c`
LEFT JOIN `Users` AS `u` ON `c`.`UserId` = `u`.`Id`
LEFT JOIN `Vehicles` AS `v` ON `c`.`Id` = `v`.`OwnerId`
ORDER BY `c`.`Id`, `u`.`Id`
2026-06-02 08:37:00.296 +03:00 [INF] Executing OkObjectResult, writing value of type 'System.Linq.Enumerable+ListSelectIterator`2[[AutoService.Models.Users.Client, AutoService, Version=1.0.0.0, Culture=neutral, PublicKeyToken=null],[AutoService.DTOs.Auth.ClientDto, AutoService, Version=1.0.0.0, Culture=neutral, PublicKeyToken=null]]'.
2026-06-02 08:37:00.296 +03:00 [INF] Executed action AutoService.Controllers.ClientController.GetClients (AutoService) in 9.689ms
2026-06-02 08:37:00.297 +03:00 [INF] Executed endpoint 'AutoService.Controllers.ClientController.GetClients (AutoService)'
2026-06-02 08:37:00.297 +03:00 [INF] Request finished HTTP/1.1 GET http://localhost:5130/api/client/getClients - 200 null application/json; charset=utf-8 11.5734ms
2026-06-02 08:37:01.662 +03:00 [INF] Request starting HTTP/1.1 OPTIONS http://localhost:5130/api/order/getOrders - null null
2026-06-02 08:37:01.663 +03:00 [INF] CORS policy execution successful.
2026-06-02 08:37:01.663 +03:00 [INF] Request finished HTTP/1.1 OPTIONS http://localhost:5130/api/order/getOrders - 204 null null 1.1748ms
2026-06-02 08:37:01.665 +03:00 [INF] Request starting HTTP/1.1 GET http://localhost:5130/api/order/getOrders - application/json null
2026-06-02 08:37:01.666 +03:00 [INF] CORS policy execution successful.
2026-06-02 08:37:01.667 +03:00 [INF] Executing endpoint 'AutoService.Controllers.OrderController.GetOrdersAsync (AutoService)'
2026-06-02 08:37:01.667 +03:00 [INF] Route matched with {action = "GetOrders", controller = "Order"}. Executing controller action with signature System.Threading.Tasks.Task`1[Microsoft.AspNetCore.Mvc.IActionResult] GetOrdersAsync() on controller AutoService.Controllers.OrderController (AutoService).
2026-06-02 08:37:01.685 +03:00 [INF] Executed DbCommand (4ms) [Parameters=[], CommandType='"Text"', CommandTimeout='30']
SELECT `o`.`Id`, `o`.`ClientId`, `o`.`Comment`, `o`.`CreatedAt`, `o`.`Status`, `o`.`TotalAmount`, `o`.`VehicleId`, `c`.`Id`, `c`.`Address`, `c`.`PhoneNumber`, `c`.`UserId`, `u`.`Id`, `u`.`Email`, `u`.`FullName`, `u`.`PasswordHash`, `u`.`Role`, `v`.`Id`, `v0`.`Id`, `v0`.`Model`, `v0`.`OwnerId`, `v0`.`RegistrationNumber`, `v0`.`VinNumber`, `v0`.`Year`, `v`.`Model`, `v`.`OwnerId`, `v`.`RegistrationNumber`, `v`.`VinNumber`, `v`.`Year`, `s0`.`Id`, `s0`.`EmployeeId`, `s0`.`OrderId`, `s0`.`PriceAtSale`, `s0`.`Quantity`, `s0`.`ServiceId`, `s0`.`Id0`, `s0`.`CategoryId`, `s0`.`Description`, `s0`.`Name`, `s0`.`Price`, `s1`.`Id`, `s1`.`DetailId`, `s1`.`OrderId`, `s1`.`PriceAtSale`, `s1`.`Quantity`, `s1`.`Id0`, `s1`.`CategoryId`, `s1`.`Description`, `s1`.`Name`, `s1`.`Price`
FROM `Orders` AS `o`
LEFT JOIN `Clients` AS `c` ON `o`.`ClientId` = `c`.`Id`
LEFT JOIN `Users` AS `u` ON `c`.`UserId` = `u`.`Id`
LEFT JOIN `Vehicles` AS `v` ON `o`.`VehicleId` = `v`.`Id`
LEFT JOIN `Vehicles` AS `v0` ON `c`.`Id` = `v0`.`OwnerId`
LEFT JOIN (
    SELECT `o0`.`Id`, `o0`.`EmployeeId`, `o0`.`OrderId`, `o0`.`PriceAtSale`, `o0`.`Quantity`, `o0`.`ServiceId`, `s`.`Id` AS `Id0`, `s`.`CategoryId`, `s`.`Description`, `s`.`Name`, `s`.`Price`
    FROM `OrderServices` AS `o0`
    INNER JOIN `Services` AS `s` ON `o0`.`ServiceId` = `s`.`Id`
) AS `s0` ON `o`.`Id` = `s0`.`OrderId`
LEFT JOIN (
    SELECT `o1`.`Id`, `o1`.`DetailId`, `o1`.`OrderId`, `o1`.`PriceAtSale`, `o1`.`Quantity`, `d`.`Id` AS `Id0`, `d`.`CategoryId`, `d`.`Description`, `d`.`Name`, `d`.`Price`
    FROM `OrderDetails` AS `o1`
    INNER JOIN `Details` AS `d` ON `o1`.`DetailId` = `d`.`Id`
) AS `s1` ON `o`.`Id` = `s1`.`OrderId`
ORDER BY `o`.`Id`, `c`.`Id`, `u`.`Id`, `v`.`Id`, `v0`.`Id`, `s0`.`Id`, `s0`.`Id0`, `s1`.`Id`
2026-06-02 08:37:01.705 +03:00 [INF] Executing OkObjectResult, writing value of type 'System.Linq.Enumerable+ListSelectIterator`2[[AutoService.Models.Order.Order, AutoService, Version=1.0.0.0, Culture=neutral, PublicKeyToken=null],[AutoService.DTOs.Order.OrderDto, AutoService, Version=1.0.0.0, Culture=neutral, PublicKeyToken=null]]'.
2026-06-02 08:37:01.706 +03:00 [INF] Executed action AutoService.Controllers.OrderController.GetOrdersAsync (AutoService) in 38.1573ms
2026-06-02 08:37:01.706 +03:00 [INF] Executed endpoint 'AutoService.Controllers.OrderController.GetOrdersAsync (AutoService)'
2026-06-02 08:37:01.707 +03:00 [INF] Request finished HTTP/1.1 GET http://localhost:5130/api/order/getOrders - 200 null application/json; charset=utf-8 41.5272ms
2026-06-02 08:37:01.708 +03:00 [INF] Request starting HTTP/1.1 GET http://localhost:5130/api/order/getOrders - application/json null
2026-06-02 08:37:01.709 +03:00 [INF] CORS policy execution successful.
2026-06-02 08:37:01.710 +03:00 [INF] Executing endpoint 'AutoService.Controllers.OrderController.GetOrdersAsync (AutoService)'
2026-06-02 08:37:01.710 +03:00 [INF] Route matched with {action = "GetOrders", controller = "Order"}. Executing controller action with signature System.Threading.Tasks.Task`1[Microsoft.AspNetCore.Mvc.IActionResult] GetOrdersAsync() on controller AutoService.Controllers.OrderController (AutoService).
2026-06-02 08:37:01.725 +03:00 [INF] Executed DbCommand (4ms) [Parameters=[], CommandType='"Text"', CommandTimeout='30']
SELECT `o`.`Id`, `o`.`ClientId`, `o`.`Comment`, `o`.`CreatedAt`, `o`.`Status`, `o`.`TotalAmount`, `o`.`VehicleId`, `c`.`Id`, `c`.`Address`, `c`.`PhoneNumber`, `c`.`UserId`, `u`.`Id`, `u`.`Email`, `u`.`FullName`, `u`.`PasswordHash`, `u`.`Role`, `v`.`Id`, `v0`.`Id`, `v0`.`Model`, `v0`.`OwnerId`, `v0`.`RegistrationNumber`, `v0`.`VinNumber`, `v0`.`Year`, `v`.`Model`, `v`.`OwnerId`, `v`.`RegistrationNumber`, `v`.`VinNumber`, `v`.`Year`, `s0`.`Id`, `s0`.`EmployeeId`, `s0`.`OrderId`, `s0`.`PriceAtSale`, `s0`.`Quantity`, `s0`.`ServiceId`, `s0`.`Id0`, `s0`.`CategoryId`, `s0`.`Description`, `s0`.`Name`, `s0`.`Price`, `s1`.`Id`, `s1`.`DetailId`, `s1`.`OrderId`, `s1`.`PriceAtSale`, `s1`.`Quantity`, `s1`.`Id0`, `s1`.`CategoryId`, `s1`.`Description`, `s1`.`Name`, `s1`.`Price`
FROM `Orders` AS `o`
LEFT JOIN `Clients` AS `c` ON `o`.`ClientId` = `c`.`Id`
LEFT JOIN `Users` AS `u` ON `c`.`UserId` = `u`.`Id`
LEFT JOIN `Vehicles` AS `v` ON `o`.`VehicleId` = `v`.`Id`
LEFT JOIN `Vehicles` AS `v0` ON `c`.`Id` = `v0`.`OwnerId`
LEFT JOIN (
    SELECT `o0`.`Id`, `o0`.`EmployeeId`, `o0`.`OrderId`, `o0`.`PriceAtSale`, `o0`.`Quantity`, `o0`.`ServiceId`, `s`.`Id` AS `Id0`, `s`.`CategoryId`, `s`.`Description`, `s`.`Name`, `s`.`Price`
    FROM `OrderServices` AS `o0`
    INNER JOIN `Services` AS `s` ON `o0`.`ServiceId` = `s`.`Id`
) AS `s0` ON `o`.`Id` = `s0`.`OrderId`
LEFT JOIN (
    SELECT `o1`.`Id`, `o1`.`DetailId`, `o1`.`OrderId`, `o1`.`PriceAtSale`, `o1`.`Quantity`, `d`.`Id` AS `Id0`, `d`.`CategoryId`, `d`.`Description`, `d`.`Name`, `d`.`Price`
    FROM `OrderDetails` AS `o1`
    INNER JOIN `Details` AS `d` ON `o1`.`DetailId` = `d`.`Id`
) AS `s1` ON `o`.`Id` = `s1`.`OrderId`
ORDER BY `o`.`Id`, `c`.`Id`, `u`.`Id`, `v`.`Id`, `v0`.`Id`, `s0`.`Id`, `s0`.`Id0`, `s1`.`Id`
2026-06-02 08:37:01.744 +03:00 [INF] Executing OkObjectResult, writing value of type 'System.Linq.Enumerable+ListSelectIterator`2[[AutoService.Models.Order.Order, AutoService, Version=1.0.0.0, Culture=neutral, PublicKeyToken=null],[AutoService.DTOs.Order.OrderDto, AutoService, Version=1.0.0.0, Culture=neutral, PublicKeyToken=null]]'.
2026-06-02 08:37:01.745 +03:00 [INF] Executed action AutoService.Controllers.OrderController.GetOrdersAsync (AutoService) in 34.6572ms
2026-06-02 08:37:01.746 +03:00 [INF] Executed endpoint 'AutoService.Controllers.OrderController.GetOrdersAsync (AutoService)'
2026-06-02 08:37:01.746 +03:00 [INF] Request finished HTTP/1.1 GET http://localhost:5130/api/order/getOrders - 200 null application/json; charset=utf-8 37.9367ms
2026-06-02 08:37:02.407 +03:00 [INF] Request starting HTTP/1.1 GET http://localhost:5130/api/order/getOrders - application/json null
2026-06-02 08:37:02.408 +03:00 [INF] CORS policy execution successful.
2026-06-02 08:37:02.409 +03:00 [INF] Executing endpoint 'AutoService.Controllers.OrderController.GetOrdersAsync (AutoService)'
2026-06-02 08:37:02.409 +03:00 [INF] Route matched with {action = "GetOrders", controller = "Order"}. Executing controller action with signature System.Threading.Tasks.Task`1[Microsoft.AspNetCore.Mvc.IActionResult] GetOrdersAsync() on controller AutoService.Controllers.OrderController (AutoService).
2026-06-02 08:37:02.424 +03:00 [INF] Executed DbCommand (3ms) [Parameters=[], CommandType='"Text"', CommandTimeout='30']
SELECT `o`.`Id`, `o`.`ClientId`, `o`.`Comment`, `o`.`CreatedAt`, `o`.`Status`, `o`.`TotalAmount`, `o`.`VehicleId`, `c`.`Id`, `c`.`Address`, `c`.`PhoneNumber`, `c`.`UserId`, `u`.`Id`, `u`.`Email`, `u`.`FullName`, `u`.`PasswordHash`, `u`.`Role`, `v`.`Id`, `v0`.`Id`, `v0`.`Model`, `v0`.`OwnerId`, `v0`.`RegistrationNumber`, `v0`.`VinNumber`, `v0`.`Year`, `v`.`Model`, `v`.`OwnerId`, `v`.`RegistrationNumber`, `v`.`VinNumber`, `v`.`Year`, `s0`.`Id`, `s0`.`EmployeeId`, `s0`.`OrderId`, `s0`.`PriceAtSale`, `s0`.`Quantity`, `s0`.`ServiceId`, `s0`.`Id0`, `s0`.`CategoryId`, `s0`.`Description`, `s0`.`Name`, `s0`.`Price`, `s1`.`Id`, `s1`.`DetailId`, `s1`.`OrderId`, `s1`.`PriceAtSale`, `s1`.`Quantity`, `s1`.`Id0`, `s1`.`CategoryId`, `s1`.`Description`, `s1`.`Name`, `s1`.`Price`
FROM `Orders` AS `o`
LEFT JOIN `Clients` AS `c` ON `o`.`ClientId` = `c`.`Id`
LEFT JOIN `Users` AS `u` ON `c`.`UserId` = `u`.`Id`
LEFT JOIN `Vehicles` AS `v` ON `o`.`VehicleId` = `v`.`Id`
LEFT JOIN `Vehicles` AS `v0` ON `c`.`Id` = `v0`.`OwnerId`
LEFT JOIN (
    SELECT `o0`.`Id`, `o0`.`EmployeeId`, `o0`.`OrderId`, `o0`.`PriceAtSale`, `o0`.`Quantity`, `o0`.`ServiceId`, `s`.`Id` AS `Id0`, `s`.`CategoryId`, `s`.`Description`, `s`.`Name`, `s`.`Price`
    FROM `OrderServices` AS `o0`
    INNER JOIN `Services` AS `s` ON `o0`.`ServiceId` = `s`.`Id`
) AS `s0` ON `o`.`Id` = `s0`.`OrderId`
LEFT JOIN (
    SELECT `o1`.`Id`, `o1`.`DetailId`, `o1`.`OrderId`, `o1`.`PriceAtSale`, `o1`.`Quantity`, `d`.`Id` AS `Id0`, `d`.`CategoryId`, `d`.`Description`, `d`.`Name`, `d`.`Price`
    FROM `OrderDetails` AS `o1`
    INNER JOIN `Details` AS `d` ON `o1`.`DetailId` = `d`.`Id`
) AS `s1` ON `o`.`Id` = `s1`.`OrderId`
ORDER BY `o`.`Id`, `c`.`Id`, `u`.`Id`, `v`.`Id`, `v0`.`Id`, `s0`.`Id`, `s0`.`Id0`, `s1`.`Id`
2026-06-02 08:37:02.445 +03:00 [INF] Executing OkObjectResult, writing value of type 'System.Linq.Enumerable+ListSelectIterator`2[[AutoService.Models.Order.Order, AutoService, Version=1.0.0.0, Culture=neutral, PublicKeyToken=null],[AutoService.DTOs.Order.OrderDto, AutoService, Version=1.0.0.0, Culture=neutral, PublicKeyToken=null]]'.
2026-06-02 08:37:02.446 +03:00 [INF] Executed action AutoService.Controllers.OrderController.GetOrdersAsync (AutoService) in 36.1435ms
2026-06-02 08:37:02.446 +03:00 [INF] Executed endpoint 'AutoService.Controllers.OrderController.GetOrdersAsync (AutoService)'
2026-06-02 08:37:02.447 +03:00 [INF] Request finished HTTP/1.1 GET http://localhost:5130/api/order/getOrders - 200 null application/json; charset=utf-8 40.0857ms
2026-06-02 08:37:02.448 +03:00 [INF] Request starting HTTP/1.1 GET http://localhost:5130/api/order/getOrders - application/json null
2026-06-02 08:37:02.449 +03:00 [INF] CORS policy execution successful.
2026-06-02 08:37:02.450 +03:00 [INF] Executing endpoint 'AutoService.Controllers.OrderController.GetOrdersAsync (AutoService)'
2026-06-02 08:37:02.450 +03:00 [INF] Route matched with {action = "GetOrders", controller = "Order"}. Executing controller action with signature System.Threading.Tasks.Task`1[Microsoft.AspNetCore.Mvc.IActionResult] GetOrdersAsync() on controller AutoService.Controllers.OrderController (AutoService).
2026-06-02 08:37:02.465 +03:00 [INF] Executed DbCommand (5ms) [Parameters=[], CommandType='"Text"', CommandTimeout='30']
SELECT `o`.`Id`, `o`.`ClientId`, `o`.`Comment`, `o`.`CreatedAt`, `o`.`Status`, `o`.`TotalAmount`, `o`.`VehicleId`, `c`.`Id`, `c`.`Address`, `c`.`PhoneNumber`, `c`.`UserId`, `u`.`Id`, `u`.`Email`, `u`.`FullName`, `u`.`PasswordHash`, `u`.`Role`, `v`.`Id`, `v0`.`Id`, `v0`.`Model`, `v0`.`OwnerId`, `v0`.`RegistrationNumber`, `v0`.`VinNumber`, `v0`.`Year`, `v`.`Model`, `v`.`OwnerId`, `v`.`RegistrationNumber`, `v`.`VinNumber`, `v`.`Year`, `s0`.`Id`, `s0`.`EmployeeId`, `s0`.`OrderId`, `s0`.`PriceAtSale`, `s0`.`Quantity`, `s0`.`ServiceId`, `s0`.`Id0`, `s0`.`CategoryId`, `s0`.`Description`, `s0`.`Name`, `s0`.`Price`, `s1`.`Id`, `s1`.`DetailId`, `s1`.`OrderId`, `s1`.`PriceAtSale`, `s1`.`Quantity`, `s1`.`Id0`, `s1`.`CategoryId`, `s1`.`Description`, `s1`.`Name`, `s1`.`Price`
FROM `Orders` AS `o`
LEFT JOIN `Clients` AS `c` ON `o`.`ClientId` = `c`.`Id`
LEFT JOIN `Users` AS `u` ON `c`.`UserId` = `u`.`Id`
LEFT JOIN `Vehicles` AS `v` ON `o`.`VehicleId` = `v`.`Id`
LEFT JOIN `Vehicles` AS `v0` ON `c`.`Id` = `v0`.`OwnerId`
LEFT JOIN (
    SELECT `o0`.`Id`, `o0`.`EmployeeId`, `o0`.`OrderId`, `o0`.`PriceAtSale`, `o0`.`Quantity`, `o0`.`ServiceId`, `s`.`Id` AS `Id0`, `s`.`CategoryId`, `s`.`Description`, `s`.`Name`, `s`.`Price`
    FROM `OrderServices` AS `o0`
    INNER JOIN `Services` AS `s` ON `o0`.`ServiceId` = `s`.`Id`
) AS `s0` ON `o`.`Id` = `s0`.`OrderId`
LEFT JOIN (
    SELECT `o1`.`Id`, `o1`.`DetailId`, `o1`.`OrderId`, `o1`.`PriceAtSale`, `o1`.`Quantity`, `d`.`Id` AS `Id0`, `d`.`CategoryId`, `d`.`Description`, `d`.`Name`, `d`.`Price`
    FROM `OrderDetails` AS `o1`
    INNER JOIN `Details` AS `d` ON `o1`.`DetailId` = `d`.`Id`
) AS `s1` ON `o`.`Id` = `s1`.`OrderId`
ORDER BY `o`.`Id`, `c`.`Id`, `u`.`Id`, `v`.`Id`, `v0`.`Id`, `s0`.`Id`, `s0`.`Id0`, `s1`.`Id`
2026-06-02 08:37:02.528 +03:00 [INF] Executing OkObjectResult, writing value of type 'System.Linq.Enumerable+ListSelectIterator`2[[AutoService.Models.Order.Order, AutoService, Version=1.0.0.0, Culture=neutral, PublicKeyToken=null],[AutoService.DTOs.Order.OrderDto, AutoService, Version=1.0.0.0, Culture=neutral, PublicKeyToken=null]]'.
2026-06-02 08:37:02.529 +03:00 [INF] Executed action AutoService.Controllers.OrderController.GetOrdersAsync (AutoService) in 79.0157ms
2026-06-02 08:37:02.530 +03:00 [INF] Executed endpoint 'AutoService.Controllers.OrderController.GetOrdersAsync (AutoService)'
2026-06-02 08:37:02.530 +03:00 [INF] Request finished HTTP/1.1 GET http://localhost:5130/api/order/getOrders - 200 null application/json; charset=utf-8 81.4771ms
2026-06-02 08:38:19.017 +03:00 [INF] Request starting HTTP/1.1 OPTIONS http://localhost:5130/api/auth/register - null null
2026-06-02 08:38:19.018 +03:00 [INF] CORS policy execution successful.
2026-06-02 08:38:19.018 +03:00 [INF] Request finished HTTP/1.1 OPTIONS http://localhost:5130/api/auth/register - 204 null null 1.192ms
2026-06-02 08:38:19.019 +03:00 [INF] Request starting HTTP/1.1 POST http://localhost:5130/api/auth/register - application/json 219
2026-06-02 08:38:19.020 +03:00 [INF] CORS policy execution successful.
2026-06-02 08:38:19.020 +03:00 [INF] Executing endpoint 'AutoService.Controllers.AuthController.Register (AutoService)'
2026-06-02 08:38:19.040 +03:00 [INF] Route matched with {action = "Register", controller = "Auth"}. Executing controller action with signature System.Threading.Tasks.Task`1[Microsoft.AspNetCore.Mvc.IActionResult] Register(AutoService.DTOs.Auth.RegisterDto) on controller AutoService.Controllers.AuthController (AutoService).
2026-06-02 08:38:19.109 +03:00 [INF] Executed DbCommand (1ms) [Parameters=[@__dto_Email_0='?' (Size = 4000)], CommandType='"Text"', CommandTimeout='30']
SELECT EXISTS (
    SELECT 1
    FROM `Users` AS `u`
    WHERE `u`.`Email` = @__dto_Email_0)
2026-06-02 08:38:20.841 +03:00 [INF] Executed DbCommand (3ms) [Parameters=[@p0='?' (Size = 4000), @p1='?' (Size = 4000), @p2='?' (Size = 4000), @p3='?' (DbType = Int32)], CommandType='"Text"', CommandTimeout='30']
SET AUTOCOMMIT = 1;
INSERT INTO `Users` (`Email`, `FullName`, `PasswordHash`, `Role`)
VALUES (@p0, @p1, @p2, @p3)
RETURNING `Id`;
2026-06-02 08:38:20.931 +03:00 [INF] Executed DbCommand (2ms) [Parameters=[@p0='?' (Size = 4000), @p1='?' (Size = 4000), @p2='?' (DbType = Int32)], CommandType='"Text"', CommandTimeout='30']
SET AUTOCOMMIT = 1;
INSERT INTO `Clients` (`Address`, `PhoneNumber`, `UserId`)
VALUES (@p0, @p1, @p2)
RETURNING `Id`;
2026-06-02 08:38:20.938 +03:00 [INF] [02-06-2026 08:38:20] Пользователь [Id: 3] успешно зарегистрирован как клиент.
2026-06-02 08:38:20.940 +03:00 [INF] Executing OkObjectResult, writing value of type '<>f__AnonymousType2`7[[System.String, System.Private.CoreLib, Version=10.0.0.0, Culture=neutral, PublicKeyToken=7cec85d7bea7798e],[System.Int32, System.Private.CoreLib, Version=10.0.0.0, Culture=neutral, PublicKeyToken=7cec85d7bea7798e],[System.String, System.Private.CoreLib, Version=10.0.0.0, Culture=neutral, PublicKeyToken=7cec85d7bea7798e],[System.String, System.Private.CoreLib, Version=10.0.0.0, Culture=neutral, PublicKeyToken=7cec85d7bea7798e],[System.String, System.Private.CoreLib, Version=10.0.0.0, Culture=neutral, PublicKeyToken=7cec85d7bea7798e],[System.String, System.Private.CoreLib, Version=10.0.0.0, Culture=neutral, PublicKeyToken=7cec85d7bea7798e],[System.String, System.Private.CoreLib, Version=10.0.0.0, Culture=neutral, PublicKeyToken=7cec85d7bea7798e]]'.
2026-06-02 08:38:20.947 +03:00 [INF] Executed action AutoService.Controllers.AuthController.Register (AutoService) in 1906.6854ms
2026-06-02 08:38:20.948 +03:00 [INF] Executed endpoint 'AutoService.Controllers.AuthController.Register (AutoService)'
2026-06-02 08:38:20.948 +03:00 [INF] Request finished HTTP/1.1 POST http://localhost:5130/api/auth/register - 200 null application/json; charset=utf-8 1928.8404ms
2026-06-02 08:38:21.029 +03:00 [INF] Request starting HTTP/1.1 OPTIONS http://localhost:5130/api/order/getOrders - null null
2026-06-02 08:38:21.030 +03:00 [INF] CORS policy execution successful.
2026-06-02 08:38:21.030 +03:00 [INF] Request finished HTTP/1.1 OPTIONS http://localhost:5130/api/order/getOrders - 204 null null 1.141ms
2026-06-02 08:38:21.036 +03:00 [INF] Request starting HTTP/1.1 GET http://localhost:5130/api/order/getOrders - application/json null
2026-06-02 08:38:21.037 +03:00 [INF] CORS policy execution successful.
2026-06-02 08:38:21.037 +03:00 [INF] Request starting HTTP/1.1 OPTIONS http://localhost:5130/api/client/profile - null null
2026-06-02 08:38:21.038 +03:00 [INF] Executing endpoint 'AutoService.Controllers.OrderController.GetOrdersAsync (AutoService)'
2026-06-02 08:38:21.038 +03:00 [INF] Route matched with {action = "GetOrders", controller = "Order"}. Executing controller action with signature System.Threading.Tasks.Task`1[Microsoft.AspNetCore.Mvc.IActionResult] GetOrdersAsync() on controller AutoService.Controllers.OrderController (AutoService).
2026-06-02 08:38:21.039 +03:00 [INF] CORS policy execution successful.
2026-06-02 08:38:21.039 +03:00 [INF] Request finished HTTP/1.1 OPTIONS http://localhost:5130/api/client/profile - 204 null null 2.3693ms
2026-06-02 08:38:21.040 +03:00 [INF] Request starting HTTP/1.1 OPTIONS http://localhost:5130/api/client/profile - null null
2026-06-02 08:38:21.040 +03:00 [INF] Request starting HTTP/1.1 GET http://localhost:5130/api/client/profile - application/json null
2026-06-02 08:38:21.041 +03:00 [INF] CORS policy execution successful.
2026-06-02 08:38:21.041 +03:00 [INF] CORS policy execution successful.
2026-06-02 08:38:21.041 +03:00 [INF] Request finished HTTP/1.1 OPTIONS http://localhost:5130/api/client/profile - 204 null null 1.0224ms
2026-06-02 08:38:21.043 +03:00 [INF] Request starting HTTP/1.1 GET http://localhost:5130/api/client/profile - application/json null
2026-06-02 08:38:21.043 +03:00 [INF] Request finished HTTP/1.1 GET http://localhost:5130/api/client/profile - 404 0 null 3.1858ms
2026-06-02 08:38:21.044 +03:00 [INF] CORS policy execution successful.
2026-06-02 08:38:21.045 +03:00 [INF] Request finished HTTP/1.1 GET http://localhost:5130/api/client/profile - 404 0 null 1.5164ms
2026-06-02 08:38:21.045 +03:00 [INF] Request reached the end of the middleware pipeline without being handled by application code. Request path: GET http://localhost:5130/api/client/profile, Response status code: 404
2026-06-02 08:38:21.045 +03:00 [INF] Request reached the end of the middleware pipeline without being handled by application code. Request path: GET http://localhost:5130/api/client/profile, Response status code: 404
2026-06-02 08:38:21.093 +03:00 [WRN] Compiling a query which loads related collections for more than one collection navigation, either via 'Include' or through projection, but no 'QuerySplittingBehavior' has been configured. By default, Entity Framework will use 'QuerySplittingBehavior.SingleQuery', which can potentially result in slow query performance. See https://go.microsoft.com/fwlink/?linkid=2134277 for more information. To identify the query that's triggering this warning call 'ConfigureWarnings(w => w.Throw(RelationalEventId.MultipleCollectionIncludeWarning))'.
2026-06-02 08:38:21.159 +03:00 [INF] Executed DbCommand (3ms) [Parameters=[@__userId_Value_0='?' (DbType = Int32)], CommandType='"Text"', CommandTimeout='30']
SELECT `o`.`Id`, `o`.`ClientId`, `o`.`Comment`, `o`.`CreatedAt`, `o`.`Status`, `o`.`TotalAmount`, `o`.`VehicleId`, `c`.`Id`, `c`.`Address`, `c`.`PhoneNumber`, `c`.`UserId`, `u`.`Id`, `u`.`Email`, `u`.`FullName`, `u`.`PasswordHash`, `u`.`Role`, `v`.`Id`, `v0`.`Id`, `v0`.`Model`, `v0`.`OwnerId`, `v0`.`RegistrationNumber`, `v0`.`VinNumber`, `v0`.`Year`, `v`.`Model`, `v`.`OwnerId`, `v`.`RegistrationNumber`, `v`.`VinNumber`, `v`.`Year`, `s0`.`Id`, `s0`.`EmployeeId`, `s0`.`OrderId`, `s0`.`PriceAtSale`, `s0`.`Quantity`, `s0`.`ServiceId`, `s0`.`Id0`, `s0`.`CategoryId`, `s0`.`Description`, `s0`.`Name`, `s0`.`Price`, `s1`.`Id`, `s1`.`DetailId`, `s1`.`OrderId`, `s1`.`PriceAtSale`, `s1`.`Quantity`, `s1`.`Id0`, `s1`.`CategoryId`, `s1`.`Description`, `s1`.`Name`, `s1`.`Price`
FROM `Orders` AS `o`
LEFT JOIN `Clients` AS `c` ON `o`.`ClientId` = `c`.`Id`
LEFT JOIN `Users` AS `u` ON `c`.`UserId` = `u`.`Id`
LEFT JOIN `Vehicles` AS `v` ON `o`.`VehicleId` = `v`.`Id`
LEFT JOIN `Vehicles` AS `v0` ON `c`.`Id` = `v0`.`OwnerId`
LEFT JOIN (
    SELECT `o0`.`Id`, `o0`.`EmployeeId`, `o0`.`OrderId`, `o0`.`PriceAtSale`, `o0`.`Quantity`, `o0`.`ServiceId`, `s`.`Id` AS `Id0`, `s`.`CategoryId`, `s`.`Description`, `s`.`Name`, `s`.`Price`
    FROM `OrderServices` AS `o0`
    INNER JOIN `Services` AS `s` ON `o0`.`ServiceId` = `s`.`Id`
) AS `s0` ON `o`.`Id` = `s0`.`OrderId`
LEFT JOIN (
    SELECT `o1`.`Id`, `o1`.`DetailId`, `o1`.`OrderId`, `o1`.`PriceAtSale`, `o1`.`Quantity`, `d`.`Id` AS `Id0`, `d`.`CategoryId`, `d`.`Description`, `d`.`Name`, `d`.`Price`
    FROM `OrderDetails` AS `o1`
    INNER JOIN `Details` AS `d` ON `o1`.`DetailId` = `d`.`Id`
) AS `s1` ON `o`.`Id` = `s1`.`OrderId`
WHERE `c`.`Id` IS NOT NULL AND (`c`.`UserId` = @__userId_Value_0)
ORDER BY `o`.`Id`, `c`.`Id`, `u`.`Id`, `v`.`Id`, `v0`.`Id`, `s0`.`Id`, `s0`.`Id0`, `s1`.`Id`
2026-06-02 08:38:21.160 +03:00 [INF] Executing OkObjectResult, writing value of type 'System.Linq.Enumerable+ListSelectIterator`2[[AutoService.Models.Order.Order, AutoService, Version=1.0.0.0, Culture=neutral, PublicKeyToken=null],[AutoService.DTOs.Order.OrderDto, AutoService, Version=1.0.0.0, Culture=neutral, PublicKeyToken=null]]'.
2026-06-02 08:38:21.161 +03:00 [INF] Executed action AutoService.Controllers.OrderController.GetOrdersAsync (AutoService) in 122.1706ms
2026-06-02 08:38:21.161 +03:00 [INF] Executed endpoint 'AutoService.Controllers.OrderController.GetOrdersAsync (AutoService)'
2026-06-02 08:38:21.162 +03:00 [INF] Request finished HTTP/1.1 GET http://localhost:5130/api/order/getOrders - 200 null application/json; charset=utf-8 125.8066ms
2026-06-02 08:38:21.163 +03:00 [INF] Request starting HTTP/1.1 GET http://localhost:5130/api/order/getOrders - application/json null
2026-06-02 08:38:21.164 +03:00 [INF] CORS policy execution successful.
2026-06-02 08:38:21.165 +03:00 [INF] Executing endpoint 'AutoService.Controllers.OrderController.GetOrdersAsync (AutoService)'
2026-06-02 08:38:21.165 +03:00 [INF] Route matched with {action = "GetOrders", controller = "Order"}. Executing controller action with signature System.Threading.Tasks.Task`1[Microsoft.AspNetCore.Mvc.IActionResult] GetOrdersAsync() on controller AutoService.Controllers.OrderController (AutoService).
2026-06-02 08:38:21.183 +03:00 [INF] Executed DbCommand (3ms) [Parameters=[@__userId_Value_0='?' (DbType = Int32)], CommandType='"Text"', CommandTimeout='30']
SELECT `o`.`Id`, `o`.`ClientId`, `o`.`Comment`, `o`.`CreatedAt`, `o`.`Status`, `o`.`TotalAmount`, `o`.`VehicleId`, `c`.`Id`, `c`.`Address`, `c`.`PhoneNumber`, `c`.`UserId`, `u`.`Id`, `u`.`Email`, `u`.`FullName`, `u`.`PasswordHash`, `u`.`Role`, `v`.`Id`, `v0`.`Id`, `v0`.`Model`, `v0`.`OwnerId`, `v0`.`RegistrationNumber`, `v0`.`VinNumber`, `v0`.`Year`, `v`.`Model`, `v`.`OwnerId`, `v`.`RegistrationNumber`, `v`.`VinNumber`, `v`.`Year`, `s0`.`Id`, `s0`.`EmployeeId`, `s0`.`OrderId`, `s0`.`PriceAtSale`, `s0`.`Quantity`, `s0`.`ServiceId`, `s0`.`Id0`, `s0`.`CategoryId`, `s0`.`Description`, `s0`.`Name`, `s0`.`Price`, `s1`.`Id`, `s1`.`DetailId`, `s1`.`OrderId`, `s1`.`PriceAtSale`, `s1`.`Quantity`, `s1`.`Id0`, `s1`.`CategoryId`, `s1`.`Description`, `s1`.`Name`, `s1`.`Price`
FROM `Orders` AS `o`
LEFT JOIN `Clients` AS `c` ON `o`.`ClientId` = `c`.`Id`
LEFT JOIN `Users` AS `u` ON `c`.`UserId` = `u`.`Id`
LEFT JOIN `Vehicles` AS `v` ON `o`.`VehicleId` = `v`.`Id`
LEFT JOIN `Vehicles` AS `v0` ON `c`.`Id` = `v0`.`OwnerId`
LEFT JOIN (
    SELECT `o0`.`Id`, `o0`.`EmployeeId`, `o0`.`OrderId`, `o0`.`PriceAtSale`, `o0`.`Quantity`, `o0`.`ServiceId`, `s`.`Id` AS `Id0`, `s`.`CategoryId`, `s`.`Description`, `s`.`Name`, `s`.`Price`
    FROM `OrderServices` AS `o0`
    INNER JOIN `Services` AS `s` ON `o0`.`ServiceId` = `s`.`Id`
) AS `s0` ON `o`.`Id` = `s0`.`OrderId`
LEFT JOIN (
    SELECT `o1`.`Id`, `o1`.`DetailId`, `o1`.`OrderId`, `o1`.`PriceAtSale`, `o1`.`Quantity`, `d`.`Id` AS `Id0`, `d`.`CategoryId`, `d`.`Description`, `d`.`Name`, `d`.`Price`
    FROM `OrderDetails` AS `o1`
    INNER JOIN `Details` AS `d` ON `o1`.`DetailId` = `d`.`Id`
) AS `s1` ON `o`.`Id` = `s1`.`OrderId`
WHERE `c`.`Id` IS NOT NULL AND (`c`.`UserId` = @__userId_Value_0)
ORDER BY `o`.`Id`, `c`.`Id`, `u`.`Id`, `v`.`Id`, `v0`.`Id`, `s0`.`Id`, `s0`.`Id0`, `s1`.`Id`
2026-06-02 08:38:21.184 +03:00 [INF] Executing OkObjectResult, writing value of type 'System.Linq.Enumerable+ListSelectIterator`2[[AutoService.Models.Order.Order, AutoService, Version=1.0.0.0, Culture=neutral, PublicKeyToken=null],[AutoService.DTOs.Order.OrderDto, AutoService, Version=1.0.0.0, Culture=neutral, PublicKeyToken=null]]'.
2026-06-02 08:38:21.184 +03:00 [INF] Executed action AutoService.Controllers.OrderController.GetOrdersAsync (AutoService) in 18.9645ms
2026-06-02 08:38:21.185 +03:00 [INF] Executed endpoint 'AutoService.Controllers.OrderController.GetOrdersAsync (AutoService)'
2026-06-02 08:38:21.185 +03:00 [INF] Request finished HTTP/1.1 GET http://localhost:5130/api/order/getOrders - 200 null application/json; charset=utf-8 21.7713ms
2026-06-02 08:39:56.640 +03:00 [INF] Request starting HTTP/1.1 OPTIONS http://localhost:5130/api/order/getOrders - null null
2026-06-02 08:39:56.640 +03:00 [INF] Request starting HTTP/1.1 OPTIONS http://localhost:5130/api/client/profile - null null
2026-06-02 08:39:56.641 +03:00 [INF] CORS policy execution successful.
2026-06-02 08:39:56.641 +03:00 [INF] CORS policy execution successful.
2026-06-02 08:39:56.641 +03:00 [INF] Request starting HTTP/1.1 OPTIONS http://localhost:5130/api/client/profile - null null
2026-06-02 08:39:56.642 +03:00 [INF] Request finished HTTP/1.1 OPTIONS http://localhost:5130/api/order/getOrders - 204 null null 1.9292ms
2026-06-02 08:39:56.642 +03:00 [INF] Request finished HTTP/1.1 OPTIONS http://localhost:5130/api/client/profile - 204 null null 1.7268ms
2026-06-02 08:39:56.642 +03:00 [INF] CORS policy execution successful.
2026-06-02 08:39:56.643 +03:00 [INF] Request finished HTTP/1.1 OPTIONS http://localhost:5130/api/client/profile - 204 null null 1.6692ms
2026-06-02 08:39:56.643 +03:00 [INF] Request starting HTTP/1.1 GET http://localhost:5130/api/client/profile - application/json null
2026-06-02 08:39:56.644 +03:00 [INF] Request starting HTTP/1.1 GET http://localhost:5130/api/order/getOrders - application/json null
2026-06-02 08:39:56.644 +03:00 [INF] CORS policy execution successful.
2026-06-02 08:39:56.644 +03:00 [INF] Request starting HTTP/1.1 GET http://localhost:5130/api/client/profile - application/json null
2026-06-02 08:39:56.644 +03:00 [INF] CORS policy execution successful.
2026-06-02 08:39:56.644 +03:00 [INF] CORS policy execution successful.
2026-06-02 08:39:56.645 +03:00 [INF] Request finished HTTP/1.1 GET http://localhost:5130/api/client/profile - 404 0 null 0.963ms
2026-06-02 08:39:56.645 +03:00 [INF] Request finished HTTP/1.1 GET http://localhost:5130/api/client/profile - 404 0 null 1.7709ms
2026-06-02 08:39:56.645 +03:00 [INF] Executing endpoint 'AutoService.Controllers.OrderController.GetOrdersAsync (AutoService)'
2026-06-02 08:39:56.646 +03:00 [INF] Request reached the end of the middleware pipeline without being handled by application code. Request path: GET http://localhost:5130/api/client/profile, Response status code: 404
2026-06-02 08:39:56.646 +03:00 [INF] Request reached the end of the middleware pipeline without being handled by application code. Request path: GET http://localhost:5130/api/client/profile, Response status code: 404
2026-06-02 08:39:56.646 +03:00 [INF] Route matched with {action = "GetOrders", controller = "Order"}. Executing controller action with signature System.Threading.Tasks.Task`1[Microsoft.AspNetCore.Mvc.IActionResult] GetOrdersAsync() on controller AutoService.Controllers.OrderController (AutoService).
2026-06-02 08:39:56.667 +03:00 [INF] Executed DbCommand (3ms) [Parameters=[@__userId_Value_0='?' (DbType = Int32)], CommandType='"Text"', CommandTimeout='30']
SELECT `o`.`Id`, `o`.`ClientId`, `o`.`Comment`, `o`.`CreatedAt`, `o`.`Status`, `o`.`TotalAmount`, `o`.`VehicleId`, `c`.`Id`, `c`.`Address`, `c`.`PhoneNumber`, `c`.`UserId`, `u`.`Id`, `u`.`Email`, `u`.`FullName`, `u`.`PasswordHash`, `u`.`Role`, `v`.`Id`, `v0`.`Id`, `v0`.`Model`, `v0`.`OwnerId`, `v0`.`RegistrationNumber`, `v0`.`VinNumber`, `v0`.`Year`, `v`.`Model`, `v`.`OwnerId`, `v`.`RegistrationNumber`, `v`.`VinNumber`, `v`.`Year`, `s0`.`Id`, `s0`.`EmployeeId`, `s0`.`OrderId`, `s0`.`PriceAtSale`, `s0`.`Quantity`, `s0`.`ServiceId`, `s0`.`Id0`, `s0`.`CategoryId`, `s0`.`Description`, `s0`.`Name`, `s0`.`Price`, `s1`.`Id`, `s1`.`DetailId`, `s1`.`OrderId`, `s1`.`PriceAtSale`, `s1`.`Quantity`, `s1`.`Id0`, `s1`.`CategoryId`, `s1`.`Description`, `s1`.`Name`, `s1`.`Price`
FROM `Orders` AS `o`
LEFT JOIN `Clients` AS `c` ON `o`.`ClientId` = `c`.`Id`
LEFT JOIN `Users` AS `u` ON `c`.`UserId` = `u`.`Id`
LEFT JOIN `Vehicles` AS `v` ON `o`.`VehicleId` = `v`.`Id`
LEFT JOIN `Vehicles` AS `v0` ON `c`.`Id` = `v0`.`OwnerId`
LEFT JOIN (
    SELECT `o0`.`Id`, `o0`.`EmployeeId`, `o0`.`OrderId`, `o0`.`PriceAtSale`, `o0`.`Quantity`, `o0`.`ServiceId`, `s`.`Id` AS `Id0`, `s`.`CategoryId`, `s`.`Description`, `s`.`Name`, `s`.`Price`
    FROM `OrderServices` AS `o0`
    INNER JOIN `Services` AS `s` ON `o0`.`ServiceId` = `s`.`Id`
) AS `s0` ON `o`.`Id` = `s0`.`OrderId`
LEFT JOIN (
    SELECT `o1`.`Id`, `o1`.`DetailId`, `o1`.`OrderId`, `o1`.`PriceAtSale`, `o1`.`Quantity`, `d`.`Id` AS `Id0`, `d`.`CategoryId`, `d`.`Description`, `d`.`Name`, `d`.`Price`
    FROM `OrderDetails` AS `o1`
    INNER JOIN `Details` AS `d` ON `o1`.`DetailId` = `d`.`Id`
) AS `s1` ON `o`.`Id` = `s1`.`OrderId`
WHERE `c`.`Id` IS NOT NULL AND (`c`.`UserId` = @__userId_Value_0)
ORDER BY `o`.`Id`, `c`.`Id`, `u`.`Id`, `v`.`Id`, `v0`.`Id`, `s0`.`Id`, `s0`.`Id0`, `s1`.`Id`
2026-06-02 08:39:56.668 +03:00 [INF] Executing OkObjectResult, writing value of type 'System.Linq.Enumerable+ListSelectIterator`2[[AutoService.Models.Order.Order, AutoService, Version=1.0.0.0, Culture=neutral, PublicKeyToken=null],[AutoService.DTOs.Order.OrderDto, AutoService, Version=1.0.0.0, Culture=neutral, PublicKeyToken=null]]'.
2026-06-02 08:39:56.668 +03:00 [INF] Executed action AutoService.Controllers.OrderController.GetOrdersAsync (AutoService) in 21.5569ms
2026-06-02 08:39:56.669 +03:00 [INF] Executed endpoint 'AutoService.Controllers.OrderController.GetOrdersAsync (AutoService)'
2026-06-02 08:39:56.669 +03:00 [INF] Request finished HTTP/1.1 GET http://localhost:5130/api/order/getOrders - 200 null application/json; charset=utf-8 25.4943ms
2026-06-02 08:39:56.671 +03:00 [INF] Request starting HTTP/1.1 GET http://localhost:5130/api/order/getOrders - application/json null
2026-06-02 08:39:56.671 +03:00 [INF] CORS policy execution successful.
2026-06-02 08:39:56.673 +03:00 [INF] Executing endpoint 'AutoService.Controllers.OrderController.GetOrdersAsync (AutoService)'
2026-06-02 08:39:56.673 +03:00 [INF] Route matched with {action = "GetOrders", controller = "Order"}. Executing controller action with signature System.Threading.Tasks.Task`1[Microsoft.AspNetCore.Mvc.IActionResult] GetOrdersAsync() on controller AutoService.Controllers.OrderController (AutoService).
2026-06-02 08:39:56.689 +03:00 [INF] Executed DbCommand (4ms) [Parameters=[@__userId_Value_0='?' (DbType = Int32)], CommandType='"Text"', CommandTimeout='30']
SELECT `o`.`Id`, `o`.`ClientId`, `o`.`Comment`, `o`.`CreatedAt`, `o`.`Status`, `o`.`TotalAmount`, `o`.`VehicleId`, `c`.`Id`, `c`.`Address`, `c`.`PhoneNumber`, `c`.`UserId`, `u`.`Id`, `u`.`Email`, `u`.`FullName`, `u`.`PasswordHash`, `u`.`Role`, `v`.`Id`, `v0`.`Id`, `v0`.`Model`, `v0`.`OwnerId`, `v0`.`RegistrationNumber`, `v0`.`VinNumber`, `v0`.`Year`, `v`.`Model`, `v`.`OwnerId`, `v`.`RegistrationNumber`, `v`.`VinNumber`, `v`.`Year`, `s0`.`Id`, `s0`.`EmployeeId`, `s0`.`OrderId`, `s0`.`PriceAtSale`, `s0`.`Quantity`, `s0`.`ServiceId`, `s0`.`Id0`, `s0`.`CategoryId`, `s0`.`Description`, `s0`.`Name`, `s0`.`Price`, `s1`.`Id`, `s1`.`DetailId`, `s1`.`OrderId`, `s1`.`PriceAtSale`, `s1`.`Quantity`, `s1`.`Id0`, `s1`.`CategoryId`, `s1`.`Description`, `s1`.`Name`, `s1`.`Price`
FROM `Orders` AS `o`
LEFT JOIN `Clients` AS `c` ON `o`.`ClientId` = `c`.`Id`
LEFT JOIN `Users` AS `u` ON `c`.`UserId` = `u`.`Id`
LEFT JOIN `Vehicles` AS `v` ON `o`.`VehicleId` = `v`.`Id`
LEFT JOIN `Vehicles` AS `v0` ON `c`.`Id` = `v0`.`OwnerId`
LEFT JOIN (
    SELECT `o0`.`Id`, `o0`.`EmployeeId`, `o0`.`OrderId`, `o0`.`PriceAtSale`, `o0`.`Quantity`, `o0`.`ServiceId`, `s`.`Id` AS `Id0`, `s`.`CategoryId`, `s`.`Description`, `s`.`Name`, `s`.`Price`
    FROM `OrderServices` AS `o0`
    INNER JOIN `Services` AS `s` ON `o0`.`ServiceId` = `s`.`Id`
) AS `s0` ON `o`.`Id` = `s0`.`OrderId`
LEFT JOIN (
    SELECT `o1`.`Id`, `o1`.`DetailId`, `o1`.`OrderId`, `o1`.`PriceAtSale`, `o1`.`Quantity`, `d`.`Id` AS `Id0`, `d`.`CategoryId`, `d`.`Description`, `d`.`Name`, `d`.`Price`
    FROM `OrderDetails` AS `o1`
    INNER JOIN `Details` AS `d` ON `o1`.`DetailId` = `d`.`Id`
) AS `s1` ON `o`.`Id` = `s1`.`OrderId`
WHERE `c`.`Id` IS NOT NULL AND (`c`.`UserId` = @__userId_Value_0)
ORDER BY `o`.`Id`, `c`.`Id`, `u`.`Id`, `v`.`Id`, `v0`.`Id`, `s0`.`Id`, `s0`.`Id0`, `s1`.`Id`
2026-06-02 08:39:56.690 +03:00 [INF] Executing OkObjectResult, writing value of type 'System.Linq.Enumerable+ListSelectIterator`2[[AutoService.Models.Order.Order, AutoService, Version=1.0.0.0, Culture=neutral, PublicKeyToken=null],[AutoService.DTOs.Order.OrderDto, AutoService, Version=1.0.0.0, Culture=neutral, PublicKeyToken=null]]'.
2026-06-02 08:39:56.691 +03:00 [INF] Executed action AutoService.Controllers.OrderController.GetOrdersAsync (AutoService) in 17.359ms
2026-06-02 08:39:56.691 +03:00 [INF] Executed endpoint 'AutoService.Controllers.OrderController.GetOrdersAsync (AutoService)'
2026-06-02 08:39:56.691 +03:00 [INF] Request finished HTTP/1.1 GET http://localhost:5130/api/order/getOrders - 200 null application/json; charset=utf-8 20.5842ms
